                           QUEST TECHNOLOGIES                     Page 1
                           HEAT STRESS REPORT

File Name     _________________________   Questemp 34  Rev 1.10
                                          Serial # TEY120005
Employee      _________________________
                                          
Facility      _________________________   Session (1)
                                          Start: 01-SEP-26  08:55:28   
Department    _________________________   Stop:  04-SEP-26  12:36:34   

Job           _________________________   Printed: 02-OCT-26  16:29:46

Comments/Notes__________________________________________________________

________________________________________________________________________

________________________________________________________________________

Logging Interval:  1 minutes
Degrees Fahrenheit


MAXIMUM LEVELS,  Sensor 1
    WBGT IN      102.1    03-SEP-26  13:54:15   
    WBGT OUT      98.4    03-SEP-26  13:54:12   
    WET BULB      86.6    03-SEP-26  13:54:12   
    DRY BULB     101.7    03-SEP-26  13:54:14   
    GLOBE        138.7    03-SEP-26  13:54:38   
    HEAT INDEX     105    03-SEP-26  14:17:51   
    REL HUMIDITY  100%    02-SEP-26  05:22:36   

Session: 1                                                       Page 2
Sensor: 1
Degrees Fahrenheit

TIME   WBGTi  WBGTo   WET    DRY   GLOBE  RH(%)   H.I.      
-----  -----  -----  -----  -----  -----  -----  -----
08:56   71.7   71.4   70.7   71.2   74.1     93     71
08:57   72.2   71.9   71.1   71.7   74.8     93     71
08:58   72.5   72.2   71.4   72.1   75.3     93     71
08:59   72.8   72.5   71.6   72.7   75.6     92     77
09:00   72.9   72.6   71.7   73.0   76.0     91     77
09:01   73.1   72.8   71.8   73.2   76.4     90     77
09:02   73.3   73.0   72.0   73.3   76.6     89     77
09:03   73.5   73.2   72.1   73.5   77.0     89     78
09:04   73.7   73.3   72.2   73.8   77.3     89     78
09:05   73.8   73.5   72.3   73.9   77.5     88     78
09:06   73.9   73.5   72.3   74.2   77.7     88     78
09:07   74.1   73.7   72.5   74.4   78.0     88     78
09:08   74.2   73.9   72.6   74.5   78.2     88     79
09:09   74.2   73.9   72.6   74.7   78.2     88     79
09:10   74.4   74.0   72.7   74.7   78.4     88     79
09:11   74.4   74.0   72.7   74.8   78.5     88     79
09:12   74.6   74.2   72.8   75.0   78.8     87     79
09:13   74.6   74.2   72.8   75.2   79.0     87     79
09:14   74.7   74.4   72.9   75.3   79.2     86     78
09:15   75.2   74.8   73.3   75.5   79.8     86     80
09:16   76.4   75.8   74.1   75.9   81.9     86     80
09:17   77.4   76.6   74.4   76.1   84.6     84     79
09:18   77.5   76.6   74.1   76.4   85.7     81     79
09:19   77.1   76.3   73.8   76.6   85.1     80     80
09:20   76.8   76.1   73.8   76.8   84.1     80     80
09:21   76.9   76.3   74.1   77.0   83.7     80     80
09:22   77.5   76.8   74.6   77.3   84.4     79     80
09:23   78.3   77.4   75.0   77.6   86.1     76     81
09:24   78.6   77.6   74.9   77.9   87.3     75     81
09:25   78.6   77.6   74.8   78.1   87.5     74     81
09:26   78.8   77.8   74.9   78.2   88.0     72     81
09:27   79.0   77.9   74.8   78.3   88.9     71     81
09:28   79.2   78.0   74.7   78.5   89.7     71     82
09:29   79.4   78.3   74.9   78.8   90.1     71     82
09:30   79.7   78.5   75.0   79.0   90.8     71     82
09:31   79.7   78.6   75.0   79.2   90.9     69     82
09:32   79.3   78.3   74.8   79.4   90.0     67     81
09:33   79.0   78.1   74.8   79.5   89.0     66     83
09:34   78.5   77.7   74.6   79.5   87.8     67     83
09:35   77.8   77.1   74.2   79.4   86.4     68     82
09:36   77.4   76.8   74.1   79.2   85.1     69     82
09:37   77.1   76.6   74.1   79.1   84.3     70     82
09:38   77.2   76.7   74.4   79.2   83.8     71     82
09:39   77.3   76.9   74.6   79.2   83.8     71     82
09:40   77.5   77.0   74.8   79.1   84.0     70     82
09:41   77.6   77.1   74.8   79.1   84.2     71     82
09:42   77.5   77.0   74.8   79.0   84.1     72     82
09:43   77.2   76.8   74.5   79.0   83.8     72     82
09:44   77.1   76.7   74.5   78.9   83.4     72     82
09:45   77.0   76.6   74.5   78.9   83.1     74     82
Session: 1                                                       Page 3
Sensor: 1
Degrees Fahrenheit

TIME   WBGTi  WBGTo   WET    DRY   GLOBE  RH(%)   H.I.      
-----  -----  -----  -----  -----  -----  -----  -----
09:46   77.0   76.6   74.6   78.8   82.9     73     82
09:47   77.2   76.8   74.7   79.0   83.2     72     82
09:48   77.8   77.3   75.0   79.2   84.4     73     82
09:49   78.6   77.9   75.4   79.4   86.2     72     82
09:50   79.9   79.0   76.1   79.9   89.0     71     84
09:51   82.0   80.7   77.1   80.4   93.6     67     83
09:52   84.3   82.5   78.0   81.0   99.0     63     84
09:53   85.6   83.4   78.1   81.5  103.1     60     84
09:54   85.6   83.3   77.5   81.7  104.5     57     84
09:55   85.1   82.9   76.9   82.0  104.5     55     84
09:56   84.2   82.1   76.3   82.2  102.8     56     84
09:57   83.5   81.7   76.4   82.2  100.3     57     84
09:58   83.4   81.7   76.7   82.1   99.3     57     84
09:59   83.0   81.3   76.4   82.0   98.4     56     84
10:00   82.5   81.0   76.3   82.2   97.0     57     84
10:01   82.4   80.9   76.3   82.2   96.8     57     84
10:02   82.3   80.8   76.1   82.3   96.9     57     84
10:03   82.8   81.3   76.7   82.5   97.2     58     85
10:04   83.8   82.2   77.5   82.7   98.6     59     86
10:05   83.7   82.0   77.0   82.4   99.6     56     84
10:06   83.4   81.8   76.8   82.8   99.0     55     85
10:07   83.3   81.7   76.7   82.9   98.9     54     85
10:08   83.0   81.5   76.5   83.1   98.3     55     85
10:09   82.7   81.3   76.4   83.2   97.7     54     85
10:10   82.8   81.4   76.7   83.3   97.3     54     85
10:11   83.1   81.7   77.0   83.4   97.5     55     85
10:12   83.5   82.1   77.4   83.7   97.8     54     87
10:13   84.2   82.8   78.1   84.1   98.7     53     86
10:14   85.1   83.5   78.5   84.4  100.7     53     86
10:15   85.4   83.6   78.2   84.7  102.2     51     87
10:16   84.9   83.1   77.6   84.7  102.0     52     88
10:17   84.5   82.9   77.7   85.0  100.5     50     87
10:18   84.2   82.7   77.6   85.1   99.7     49     87
10:19   84.2   82.8   77.6   85.1   99.9     51     87
10:20   84.2   82.7   77.6   85.3   99.6     51     87
10:21   84.1   82.7   77.5   85.4   99.7     48     87
10:22   84.6   83.1   77.7   85.7  100.7     49     88
10:23   85.3   83.7   78.2   85.9  102.0     49     88
10:24   86.5   84.7   78.9   86.1  104.4     49     88
10:25   87.3   85.2   78.8   86.5  107.2     47     88
10:26   88.5   86.2   79.3   86.7  110.2     47     89
10:27   90.2   87.6   80.5   87.2  112.9     44     89
10:28   90.8   88.0   80.3   87.5  115.5     44     90
10:29   90.7   87.8   79.8   87.5  116.2     41     89
10:30   91.3   88.5   80.5   88.0  116.8     40     89
10:31   91.8   88.8   80.8   87.8  117.7     40     89
10:32   91.6   88.5   80.3   87.3  118.0     40     88
10:33   90.8   87.8   79.7   87.3  116.7     39     87
10:34   91.3   88.4   80.4   87.8  117.0     42     90
10:35   91.0   88.0   79.6   87.8  117.8     38     88
Session: 1                                                       Page 4
Sensor: 1
Degrees Fahrenheit

TIME   WBGTi  WBGTo   WET    DRY   GLOBE  RH(%)   H.I.      
-----  -----  -----  -----  -----  -----  -----  -----
10:36   91.6   88.6   80.3   88.2  118.2     39     89
10:37   92.2   89.2   80.8   88.6  119.1     37     89
10:38   92.6   89.5   81.0   88.7  119.8     36     89
10:39   92.3   89.2   80.6   89.0  119.7     36     89
10:40   92.7   89.6   81.0   89.6  120.1     35     90
10:41   92.8   89.8   81.1   89.7  120.3     34     90
10:42   92.1   89.1   80.3   89.6  119.9     34     90
10:43   92.3   89.3   80.6   89.8  119.9     34     90
10:44   92.6   89.6   80.9   90.0  120.0     32     89
10:45   93.3   90.3   81.6   90.6  120.6     35     92
10:46   93.3   90.2   81.3   90.6  121.6     32     91
10:47   93.0   90.0   80.9   90.7  121.5     32     91
10:48   93.3   90.2   81.2   90.6  121.6     31     90
10:49   92.6   89.5   80.4   90.5  121.1     31     89
10:50   92.6   89.5   80.3   90.5  121.3     30     89
10:51   93.4   90.4   81.5   91.0  121.4     31     90
10:52   93.9   90.8   81.8   91.0  122.3     31     90
10:53   93.6   90.5   81.6   90.8  121.6     31     90
10:54   93.5   90.5   81.7   91.3  121.3     32     91
10:55   94.0   91.0   82.2   91.7  121.6     32     92
10:56   93.3   90.2   81.1   91.3  121.8     29      0
10:57   93.7   90.7   81.8   91.8  121.5     29      0
10:58   93.9   90.9   81.9   91.9  121.9     29      0
10:59   93.6   90.6   81.5   91.3  122.1     28      0
11:00   93.5   90.5   81.6   91.4  121.3     31     90
11:01   93.1   90.1   81.1   91.1  121.4     28      0
11:02   92.7   89.7   80.6   91.1  121.0     27      0
11:03   92.0   89.1   80.0   90.7  120.2     28      0
11:04   92.9   90.0   81.3   91.0  120.0     30     90
11:05   93.5   90.5   81.9   91.1  120.6     29      0
11:06   92.6   89.6   80.6   90.9  120.6     28      0
11:07   92.4   89.4   80.4   90.8  120.5     27      0
11:08   92.0   89.1   80.0   90.6  120.2     28      0
11:09   91.9   88.9   79.9   90.6  120.0     26      0
11:10   91.8   88.9   80.0   90.5  119.4     28      0
11:11   91.6   88.7   80.0   90.1  118.7     29      0
11:12   92.3   89.4   80.9   90.6  119.0     32     91
11:13   93.4   90.5   81.8   91.3  120.7     29      0
11:14   94.0   91.0   82.1   92.1  121.8     31     92
11:15   94.8   91.8   82.8   92.7  122.9     28      0
11:16   94.9   91.9   82.6   93.1  123.9     29      0
11:17   94.5   91.4   81.8   93.1  124.3     29      0
11:18   94.2   91.1   81.5   93.0  124.0     29      0
11:19   94.9   91.8   82.4   93.0  124.2     30     93
11:20   94.0   90.8   81.1   92.2  124.3     27      0
11:21   93.0   89.9   80.3   92.0  122.9     26      0
11:22   93.2   90.1   80.6   92.2  122.6     26      0
11:23   92.7   89.6   79.9   91.5  122.7     25      0
11:24   92.0   89.0   79.4   91.2  121.6     25      0
11:25   91.5   88.6   79.2   91.0  120.4     25      0
Session: 1                                                       Page 5
Sensor: 1
Degrees Fahrenheit

TIME   WBGTi  WBGTo   WET    DRY   GLOBE  RH(%)   H.I.      
-----  -----  -----  -----  -----  -----  -----  -----
11:26   92.2   89.3   80.1   91.5  120.7     25      0
11:27   93.1   90.1   80.8   91.9  121.9     25      0
11:28   92.6   89.5   80.0   91.8  122.0     25      0
11:29   92.8   89.8   80.5   91.9  121.5     26      0
11:30   93.3   90.3   81.1   92.1  121.9     25      0
11:31   93.0   89.9   80.2   92.1  122.9     26      0
11:32   92.7   89.5   79.7   91.6  123.1     25      0
11:33   92.1   89.0   79.2   91.3  122.2     24      0
11:34   92.5   89.5   80.0   91.9  121.8     24      0
11:35   92.2   89.1   79.4   91.9  122.1     24      0
11:36   93.1   90.1   80.6   92.7  122.4     23      0
11:37   92.2   89.1   79.2   91.9  122.8     24      0
11:38   92.1   89.1   79.3   92.0  122.1     24      0
11:39   92.2   89.2   79.4   92.2  122.3     24      0
11:40   92.2   89.2   79.3   92.3  122.6     23      0
11:41   93.1   90.0   80.2   92.7  123.2     24      0
11:42   93.7   90.7   81.0   93.1  123.6     26      0
11:43   94.1   91.1   81.4   93.5  124.0     26      0
11:44   94.0   90.8   81.1   92.9  124.1     27      0
11:45   92.7   89.7   80.1   92.3  122.1     28      0
11:46   92.6   89.7   80.4   92.5  121.1     29      0
11:47   93.6   90.7   81.4   93.0  122.2     28      0
11:48   94.4   91.4   82.0   93.5  123.6     28      0
11:49   94.2   91.1   81.2   93.6  124.7     26      0
11:50   93.8   90.7   80.6   93.4  124.9     25      0
11:51   93.6   90.5   80.4   93.4  124.6     24      0
11:52   93.0   89.9   79.8   93.1  124.0     25      0
11:53   93.4   90.4   80.6   93.5  123.5     23      0
11:54   93.1   90.0   80.1   92.8  123.5     23      0
11:55   92.9   89.9   80.3   92.8  122.4     24      0
11:56   93.3   90.3   80.7   93.4  122.8     24      0
11:57   94.1   91.0   81.3   93.8  124.0     24      0
11:58   91.4   88.6   79.1   92.7  120.2     24      0
11:59   91.0   88.7   80.2   93.2  116.5     28      0
12:00   91.9   89.5   81.1   93.5  117.3     25      0
12:01   90.0   87.6   78.7   92.3  116.5     25      0
12:02   88.6   86.7   79.1   92.3  110.9     28      0
12:03   91.3   89.2   81.7   93.0  113.9     26      0
12:04   92.3   89.8   81.2   93.6  118.4     26      0
12:05   92.9   90.2   80.8   94.0  121.4     25      0
12:06   94.1   91.2   81.5   94.4  123.7     25      0
12:07   94.7   91.6   81.7   94.8  125.1     26      0
12:08   95.6   92.4   82.2   95.3  127.1     29      0
12:09   96.7   93.4   83.1   95.5  128.7     26      0
12:10   96.5   93.1   82.6   95.3  129.2     29      0
12:11   97.1   93.8   83.5   95.9  129.1     29      0
12:12   96.6   93.2   82.3   95.7  130.1     26      0
12:13   96.4   93.1   82.3   95.7  129.6     25      0
12:14   96.5   93.1   82.3   95.7  129.8     24      0
12:15   96.2   92.8   81.8   95.8  130.0     25      0
Session: 1                                                       Page 6
Sensor: 1
Degrees Fahrenheit

TIME   WBGTi  WBGTo   WET    DRY   GLOBE  RH(%)   H.I.      
-----  -----  -----  -----  -----  -----  -----  -----
12:16   97.3   93.8   82.9   96.2  131.2     24      0
12:17   96.4   93.0   81.9   95.7  130.5     23      0
12:18   95.3   91.8   80.6   95.2  129.6     23      0
12:19   96.3   92.9   81.8   95.8  130.3     24      0
12:20   96.6   93.1   81.8   96.0  131.3     23      0
12:21   96.4   92.9   81.5   96.0  131.3     23      0
12:22   96.8   93.3   82.0   96.4  131.4     22      0
12:23   96.7   93.2   82.0   96.5  131.1     22      0
12:24   96.9   93.5   82.4   96.5  131.0     23      0
12:25   97.6   94.2   83.3   96.7  131.2     23      0
12:26   96.2   92.7   81.7   95.3  130.3     23      0
12:27   95.6   92.3   81.6   95.5  128.5     23      0
12:28   96.2   92.8   82.1   95.6  129.3     23      0
12:29   96.4   93.2   82.6   96.2  128.9     26      0
12:30   97.2   93.8   82.9   96.5  130.7     23      0
12:31   96.5   93.0   81.8   96.3  131.0     23      0
12:32   95.8   92.4   81.0   96.2  130.5     21      0
12:33   95.1   91.9   81.0   96.3  128.3     22      0
12:34   94.7   91.7   81.1   96.1  126.7     21      0
12:35   95.1   92.0   81.3   96.2  127.5     22      0
12:36   94.6   91.3   80.5   95.1  127.5     22      0
12:37   92.1   89.4   79.6   94.6  121.3     21      0
12:38   89.8   87.7   79.0   94.0  115.0     22      0
12:39   88.1   86.5   78.7   93.5  110.3     23      0
12:40   88.0   86.6   79.8   93.3  107.2     28      0
12:41   87.9   86.6   79.9   93.1  106.8     26      0
12:42   86.6   85.4   78.7   92.5  105.3     25      0
12:43   86.1   85.0   78.8   92.3  103.2     27      0
12:44   85.7   84.7   78.8   92.0  101.8     27      0
12:45   87.1   86.0   80.0   92.8  103.9     30     93
12:46   89.7   87.9   80.4   93.4  111.7     28      0
12:47   92.1   89.7   81.3   94.0  117.3     28      0
12:48   93.3   90.7   81.5   94.5  121.0     27      0
12:49   92.2   89.4   79.7   93.9  121.5     26      0
12:50   90.2   88.0   79.4   93.2  115.6     29      0
12:51   88.7   87.0   79.5   93.3  110.3     28      0
12:52   88.2   86.7   79.8   93.3  107.9     28      0
12:53   89.3   87.6   80.0   93.6  111.3     28      0
12:54   90.2   88.0   79.7   93.6  114.7     28      0
12:55   89.1   87.1   79.0   93.0  112.9     28      0
12:56   87.7   86.1   78.9   92.8  108.4     28      0
12:57   86.7   85.4   78.5   92.5  106.0     28      0
12:58   87.7   86.3   79.7   93.0  106.4     29      0
12:59   90.4   88.4   80.7   93.6  113.2     30     94
13:00   92.8   90.3   81.5   94.3  119.2     28      0
13:01   94.0   91.2   81.8   94.9  122.7     27      0
13:02   94.5   91.6   81.7   95.3  124.6     26      0
13:03   94.8   91.9   81.9   95.9  125.2     26      0
13:04   95.8   92.8   82.6   96.5  126.7     25      0
13:05   96.6   93.4   82.9   96.8  128.7     27      0
Session: 1                                                       Page 7
Sensor: 1
Degrees Fahrenheit

TIME   WBGTi  WBGTo   WET    DRY   GLOBE  RH(%)   H.I.      
-----  -----  -----  -----  -----  -----  -----  -----
13:06   96.7   93.5   82.8   96.9  129.4     25      0
13:07   98.0   94.6   83.7   97.4  131.4     24      0
13:08   97.2   93.7   82.2   97.1  132.5     22      0
13:09   96.8   93.2   81.5   96.6  132.5     22      0
13:10   96.9   93.3   81.7   96.7  132.5     22      0
13:11   96.4   92.9   81.5   96.6  131.4     22      0
13:12   94.2   91.3   80.7   96.1  126.0     23      0
13:13   91.7   89.3   80.1   95.4  118.8     23      0
13:14   89.2   87.4   79.4   94.5  112.3     24      0
13:15   87.3   86.0   78.9   93.7  107.1     25      0
13:16   85.9   84.8   78.4   92.7  103.6     25      0
13:17   84.9   84.1   78.2   92.2  100.8     27      0
13:18   84.3   83.6   78.1   91.9   99.0     28      0
13:19   83.5   82.9   77.5   91.4   97.8     28      0
13:20   83.2   82.6   77.5   91.0   96.7     30     90
13:21   83.4   82.9   78.0   90.9   96.1     32     91
13:22   84.0   83.5   78.9   91.0   95.9     33     91
13:23   84.2   83.7   79.2   91.0   96.0     34     91
13:24   83.6   83.1   78.4   91.0   96.0     32     91
13:25   83.6   83.1   78.3   91.0   96.0     32     91
13:26   84.4   83.8   79.3   91.1   96.3     34     91
13:27   86.9   85.9   80.7   91.7  101.5     34     93
13:28   89.9   88.1   81.4   92.4  109.8     35     93
13:29   93.1   90.7   82.7   93.4  117.6     32     93
13:30   93.8   90.9   81.3   93.9  123.2     32     95
13:31   95.2   92.0   81.9   94.8  126.4     30     96
13:32   96.3   92.9   82.3   95.6  129.1     29      0
13:33   97.4   94.0   83.2   96.2  130.8     28      0
13:34   97.1   93.7   82.6   96.5  131.2     27      0
13:35   96.6   93.0   81.5   96.4  131.9     26      0
13:36   96.3   92.8   81.3   96.4  131.4     23      0
13:37   95.2   91.9   80.9   96.1  128.6     23      0
13:38   94.3   91.1   80.1   95.8  127.6     23      0
13:39   94.2   91.1   80.1   96.1  127.1     25      0
13:40   94.6   91.6   80.8   96.4  127.0     23      0
13:41   94.8   91.7   81.0   96.6  127.1     28      0
13:42   95.1   91.9   81.0   96.5  128.1     23      0
13:43   95.4   92.3   81.3   97.1  128.5     22      0
13:44   96.6   93.4   82.6   97.5  129.4     25      0
13:45   97.3   94.0   83.1   97.9  130.6     23      0
13:46   96.6   93.2   81.6   97.6  131.7     22      0
13:47   96.9   93.6   82.2   97.8  131.5     22      0
13:48   98.0   94.4   82.7   98.1  133.7     23      0
13:49   98.2   94.6   82.7   98.5  134.4     23      0
13:50   98.1   94.5   82.4   98.2  135.0     21      0
13:51   97.5   93.8   81.8   97.2  134.3     20      0
13:52   95.1   91.8   80.4   96.4  129.6     21      0
13:53   92.6   90.0   79.9   95.9  122.5     25      0
13:54   91.0   88.8   80.0   95.2  116.8     22      0
13:55   88.2   86.6   78.6   94.4  110.7     23      0
Session: 1                                                       Page 8
Sensor: 1
Degrees Fahrenheit

TIME   WBGTi  WBGTo   WET    DRY   GLOBE  RH(%)   H.I.      
-----  -----  -----  -----  -----  -----  -----  -----
13:56   87.6   86.3   79.3   94.2  107.0     24      0
13:57   87.1   86.0   79.3   94.3  105.3     25      0
13:58   87.3   86.1   79.1   93.9  106.7     25      0
13:59   87.6   86.4   79.7   94.0  106.2     26      0
14:00   88.1   86.8   80.0   94.3  107.0     26      0
14:01   89.3   87.7   80.3   94.6  110.3     27      0
14:02   89.5   87.8   80.2   94.8  111.3     26      0
14:03   91.6   89.6   81.3   95.7  115.7     29      0
14:04   94.0   91.5   82.2   96.5  121.6     27      0
14:05   96.0   93.1   83.1   97.2  126.4     27      0
14:06   97.5   94.3   83.7   97.7  129.7     24      0
14:07   97.1   93.8   82.6   97.8  131.2     24      0
14:08   96.5   93.2   81.8   97.5  131.0     23      0
14:09   96.5   93.1   81.7   97.3  131.1     24      0
14:10   96.8   93.3   81.9   97.2  131.6     22      0
14:11   96.8   93.4   82.0   97.3  131.4     22      0
14:12   96.4   93.1   81.9   97.2  130.5     21      0
14:13   95.6   92.3   80.9   96.5  130.2     21      0
14:14   96.4   93.2   82.2   97.2  129.7     22      0
14:15   96.3   93.1   82.2   96.7  129.5     23      0
14:16   96.3   93.1   82.3   97.4  129.2     22      0
14:17   96.7   93.4   82.4   97.7  130.1     22      0
14:18   96.9   93.6   82.3   97.9  131.2     21      0
14:19   96.9   93.5   81.9   97.8  132.2     20      0
14:20   97.1   93.7   82.1   98.2  132.1     20      0
14:21   96.8   93.4   81.7   98.3  132.2     20      0
14:22   97.0   93.6   82.0   98.2  132.0     21      0
14:23   96.9   93.5   82.0   98.3  131.8     20      0
14:24   97.3   94.0   82.5   98.8  132.0     20      0
14:25   96.9   93.6   82.2   98.4  131.3     20      0
14:26   96.9   93.8   82.5   99.0  130.8     19      0
14:27   97.8   94.5   83.2   99.5  131.9     20      0
14:28   96.5   93.3   81.7   98.9  131.2     19      0
14:29   96.2   93.2   82.2   99.1  129.1     20      0
14:30   97.0   93.9   82.9   98.9  129.9     21      0
14:31   97.2   94.1   83.2   99.2  130.1     19      0
14:32   97.1   94.0   82.9   99.3  130.3     22      0
14:33   95.6   93.0   82.7   99.4  125.9     21      0
14:34   96.0   93.3   83.1   99.6  126.1     20      0
14:35   95.4   92.6   82.0   98.9  126.8     20      0
14:36   94.2   91.7   81.6   98.8  123.8     19      0
14:37   93.0   90.6   80.6   97.9  122.2     20      0
14:38   91.2   89.2   80.4   97.2  116.4     21      0
14:39   89.5   87.9   79.9   96.1  112.1     21      0
14:40   87.4   86.2   79.0   95.5  107.2     22      0
14:41   86.7   85.7   78.9   95.1  104.9     22      0
14:42   85.8   84.9   78.3   94.4  103.6     23      0
14:43   86.5   85.4   78.6   94.6  105.0     23      0
14:44   87.4   86.1   79.0   94.7  107.0     23      0
14:45   87.3   86.0   78.9   94.6  106.9     24      0
Session: 1                                                       Page 9
Sensor: 1
Degrees Fahrenheit

TIME   WBGTi  WBGTo   WET    DRY   GLOBE  RH(%)   H.I.      
-----  -----  -----  -----  -----  -----  -----  -----
14:46   87.3   86.2   79.5   94.6  105.6     25      0
14:47   86.6   85.6   79.2   93.9  103.9     27      0
14:48   86.2   85.3   79.2   93.4  102.6     29      0
14:49   87.9   86.8   80.7   93.8  105.0     30     94
14:50   90.1   88.5   81.4   94.0  110.7     30     94
14:51   90.4   88.7   81.5   94.2  111.3     30     94
14:52   91.8   89.7   81.9   94.6  114.9     30     96
14:53   93.1   90.7   82.0   95.2  119.3     29      0
14:54   94.1   91.4   82.0   95.3  122.4     30     96
14:55   95.7   92.8   83.3   96.2  124.8     29      0
14:56   95.2   92.1   81.8   95.7  126.6     25      0
14:57   94.5   91.4   81.0   95.7  126.1     25      0
14:58   95.5   92.4   81.7   96.4  127.9     23      0
14:59   96.4   93.1   82.1   97.0  129.9     25      0
15:00   96.3   93.0   81.8   96.8  130.4     22      0
15:01   96.1   92.8   81.6   97.1  130.2     22      0
15:02   96.6   93.3   82.0   97.4  130.9     21      0
15:03   97.4   94.0   82.8   98.2  131.5     24      0
15:04   96.9   93.5   81.9   98.2  132.0     21      0
15:05   96.6   93.5   82.3   99.0  130.1     23      0
15:06   96.7   93.6   82.6   99.0  129.8     21      0
15:07   95.1   92.2   81.3   98.6  127.3     21      0
15:08   92.3   89.9   80.0   97.4  121.1     22      0
15:09   90.2   88.4   79.7   97.0  114.9     23      0
15:10   88.5   87.0   79.0   96.1  110.7     22      0
15:11   87.2   86.0   78.6   95.4  107.5     25      0
15:12   86.2   85.2   78.2   94.6  105.1     24      0
15:13   86.2   85.3   78.9   94.6  103.3     25      0
15:14   86.5   85.7   79.7   94.7  102.5     25      0
15:15   87.2   86.2   79.9   95.0  104.3     25      0
15:16   86.9   85.9   79.1   94.9  105.2     25      0
15:17   85.8   84.9   78.2   94.5  103.7     25      0
15:18   85.2   84.4   78.2   94.1  101.7     26      0
15:19   84.7   84.1   78.1   93.9  100.2     27      0
15:20   84.4   83.9   78.3   93.7   98.9     27      0
15:21   83.7   83.2   77.6   93.3   98.1     27      0
15:22   83.1   82.7   77.1   92.8   97.3     28      0
15:23   83.2   82.8   77.5   92.7   96.6     29      0
15:24   82.9   82.6   77.3   92.7   96.2     29      0
15:25   83.4   83.1   78.0   92.7   96.2     30     93
15:26   83.8   83.5   78.5   92.7   96.4     32     93
15:27   84.3   83.8   79.0   92.5   96.7     34     94
15:28   86.6   85.9   81.0   93.2   99.8     33     94
15:29   89.9   88.4   81.9   94.1  108.7     33     95
15:30   91.8   89.7   81.6   94.9  115.9     32     97
15:31   93.3   90.8   81.6   95.2  120.9     29      0
15:32   94.3   91.6   82.0   95.7  123.3     30     97
15:33   95.6   92.7   83.1   96.4  124.9     29      0
15:34   96.3   93.3   83.1   96.8  127.3     27      0
15:35   94.0   91.2   81.0   95.9  124.6     26      0
Session: 1                                                       Page 10
Sensor: 1
Degrees Fahrenheit

TIME   WBGTi  WBGTo   WET    DRY   GLOBE  RH(%)   H.I.      
-----  -----  -----  -----  -----  -----  -----  -----
15:36   91.9   89.6   80.5   96.0  118.7     28      0
15:37   91.1   89.1   80.8   95.2  115.2     29      0
15:38   90.4   88.6   80.9   94.9  112.8     31     96
15:39   88.9   87.3   79.7   94.0  110.6     31     95
15:40   88.3   86.8   79.7   93.7  108.6     31     95
15:41   88.5   87.1   80.3   93.8  107.7     30     94
15:42   89.3   87.8   81.0   94.1  108.9     31     95
15:43   89.1   87.7   80.6   94.4  109.2     29      0
15:44   88.1   86.7   79.4   94.5  108.7     28      0
15:45   89.0   87.5   80.1   95.1  109.8     29      0
15:46   90.5   88.5   79.9   95.6  115.5     28      0
15:47   90.4   88.3   79.5   95.5  115.9     28      0
15:48   90.2   88.4   80.1   95.8  113.9     27      0
15:49   89.9   88.0   79.6   95.6  114.0     27      0
15:50   89.7   88.0   79.6   96.1  113.4     26      0
15:51   89.0   87.3   78.9   95.8  112.6     26      0
15:52   88.5   86.9   78.7   95.8  111.5     26      0
15:53   88.0   86.5   78.2   95.5  111.1     26      0
15:54   87.2   85.8   77.9   95.2  109.0     26      0
15:55   86.2   85.1   77.7   94.7  106.3     27      0
15:56   85.2   84.3   77.3   94.3  103.8     26      0
15:57   84.6   83.8   77.3   94.0  101.8     30     94
15:58   84.2   83.6   77.3   93.9  100.5     29      0
15:59   83.7   83.1   76.9   93.5   99.6     28      0
16:00   83.7   83.2   77.3   93.4   98.8     29      0
16:01   83.8   83.3   77.6   93.3   98.5     30     93
16:02   84.0   83.5   77.9   93.2   98.5     31     93
16:03   84.5   83.9   78.4   93.4   98.8     31     93
16:04   84.8   84.2   78.7   93.4   99.2     32     93
16:05   85.6   84.9   79.5   93.4   99.9     34     94
16:06   85.3   84.6   78.8   93.4  100.6     31     93
16:07   85.0   84.3   78.4   93.4  100.7     31     93
16:08   84.8   84.0   78.0   93.4  100.7     31     93
16:09   84.4   83.7   77.6   93.4  100.5     31     93
16:10   85.0   84.3   78.2   93.6  101.0     31     95
16:11   84.7   83.9   77.6   93.6  101.5     31     95
16:12   85.4   84.5   78.0   94.0  102.8     33     95
16:13   86.7   85.6   78.7   94.4  105.4     30     94
16:14   88.1   86.6   78.9   94.9  109.7     31     96
16:15   89.4   87.7   79.6   95.2  112.4     31     96
16:16   89.3   87.6   79.6   95.3  112.0     31     96
16:17   88.6   87.0   79.1   95.1  111.0     31     96
16:18   87.7   86.3   78.6   94.7  109.2     30     96
16:19   87.4   86.1   78.8   94.6  107.5     30     96
16:20   87.9   86.7   79.8   94.8  107.1     32     97
16:21   88.9   87.3   79.6   94.9  110.6     29      0
16:22   87.8   86.3   78.5   94.8  109.8     30     96
16:23   87.8   86.5   79.2   94.6  108.1     31     96
16:24   87.0   85.8   78.7   94.6  106.5     32     97
16:25   86.2   85.1   78.2   94.1  104.9     32     95
Session: 1                                                       Page 11
Sensor: 1
Degrees Fahrenheit

TIME   WBGTi  WBGTo   WET    DRY   GLOBE  RH(%)   H.I.      
-----  -----  -----  -----  -----  -----  -----  -----
16:26   86.0   85.0   78.6   94.1  103.3     34     96
16:27   86.4   85.4   79.2   93.9  103.2     32     95
16:28   85.9   85.0   78.7   93.7  103.0     36     97
16:29   85.7   84.8   78.5   93.6  102.7     31     95
16:30   85.1   84.2   77.9   93.4  101.9     31     93
16:31   84.8   84.0   77.7   93.5  101.5     31     95
16:32   84.9   84.1   77.9   93.6  101.5     31     95
16:33   85.9   85.0   78.8   94.0  102.6     31     95
16:34   86.6   85.6   79.0   94.6  104.4     31     96
16:35   86.9   85.8   78.9   94.9  105.7     31     96
16:36   87.2   86.0   79.1   95.0  106.1     32     97
16:37   86.7   85.6   78.5   95.0  106.1     31     96
16:38   86.8   85.7   78.8   95.2  105.5     32     97
16:39   86.7   85.7   78.9   95.2  105.2     31     96
16:40   86.0   85.0   78.2   94.9  104.3     30     96
16:41   85.7   84.8   77.9   94.8  104.1     30     96
16:42   85.0   84.1   77.2   94.4  103.4     30     94
16:43   84.6   83.8   77.2   94.1  101.9     30     94
16:44   84.4   83.7   77.5   94.1  100.5     30     94
16:45   84.4   83.9   78.1   94.0   99.4     30     94
16:46   83.7   83.2   77.4   93.9   98.6     31     95
16:47   83.3   82.9   77.1   93.7   97.9     31     95
16:48   83.5   83.1   77.5   93.7   97.5     32     95
16:49   83.5   83.1   77.6   93.6   97.5     31     95
16:50   83.8   83.4   77.8   93.7   97.9     31     95
16:51   83.9   83.4   77.8   93.7   98.3     32     95
16:52   84.1   83.6   77.9   93.7   98.7     33     95
16:53   84.4   83.8   78.1   93.6   99.3     33     95
16:54   84.8   84.2   78.3   93.7  100.2     33     95
16:55   85.0   84.3   78.2   93.7  101.1     34     96
16:56   85.4   84.6   78.5   93.6  101.5     33     95
16:57   85.4   84.7   78.8   93.4  101.1     36     95
16:58   85.2   84.5   78.7   93.7  100.6     33     95
16:59   84.4   83.8   77.7   94.0  100.2     31     95
17:00   83.7   83.1   76.8   94.2  100.0     31     95
17:01   83.8   83.3   76.9   94.3  100.2     31     95
17:02   84.4   83.8   77.5   94.5  100.8     31     96
17:03   85.3   84.6   78.3   94.8  101.8     31     96
17:04   85.9   85.1   78.9   94.8  102.3     34     97
17:05   85.7   84.9   78.7   94.5  102.1     35     96
17:06   85.4   84.7   78.6   94.4  101.3     33     95
17:07   85.2   84.6   78.6   94.4  100.9     36     97
17:08   85.9   85.3   79.6   94.3  100.8     35     96
17:09   85.4   84.7   78.8   94.3  100.8     32     95
17:10   85.1   84.5   78.5   94.4  100.7     33     95
17:11   85.7   85.0   79.2   94.5  100.9     34     96
17:12   84.9   84.2   78.0   94.4  101.1     31     95
17:13   84.3   83.7   77.4   94.6  100.7     31     96
17:14   83.7   83.1   76.6   94.7  100.4     31     96
17:15   83.7   83.2   76.8   94.7   99.9     31     96
Session: 1                                                       Page 12
Sensor: 1
Degrees Fahrenheit

TIME   WBGTi  WBGTo   WET    DRY   GLOBE  RH(%)   H.I.      
-----  -----  -----  -----  -----  -----  -----  -----
17:16   84.0   83.6   77.4   94.8   99.7     32     97
17:17   84.5   84.0   78.2   94.7   99.3     35     98
17:18   84.1   83.6   77.8   94.5   98.8     33     95
17:19   83.3   82.9   77.1   94.0   98.0     32     95
17:20   82.9   82.5   76.8   93.8   97.2     32     95
17:21   83.0   82.7   77.2   93.7   96.6     35     96
17:22   82.6   82.4   76.9   93.6   96.2     32     95
17:23   82.7   82.5   77.2   93.4   95.7     36     95
17:24   82.7   82.5   77.3   93.1   95.4     33     94
17:25   82.5   82.3   77.3   93.0   94.8     33     94
17:26   82.1   81.9   76.8   92.7   94.5     34     94
17:27   82.0   81.8   76.9   92.5   94.0     36     93
17:28   82.1   81.9   77.2   92.3   93.6     35     93
17:29   81.7   81.6   76.8   92.1   93.3     37     94
17:30   82.0   81.8   77.3   91.8   93.0     36     93
17:31   81.9   81.8   77.3   91.6   92.7     37     94
17:32   81.7   81.6   77.2   91.5   92.5     38     93
17:33   82.0   81.9   77.5   91.3   92.6     38     93
17:34   82.2   82.0   77.6   91.2   93.2     37     92
17:35   82.3   82.0   77.4   91.3   93.8     37     92
17:36   82.9   82.6   77.9   91.3   94.7     38     93
17:37   83.2   82.9   78.1   91.5   95.4     37     92
17:38   83.7   83.2   78.3   91.5   96.3     37     94
17:39   84.0   83.5   78.5   91.7   97.0     37     94
17:40   84.1   83.5   78.4   91.8   97.6     37     94
17:41   84.7   84.0   79.0   91.9   98.0     38     94
17:42   84.4   83.8   78.6   92.1   98.1     38     94
17:43   83.9   83.4   78.1   92.1   97.7     37     94
17:44   84.1   83.5   78.3   92.2   97.7     37     94
17:45   84.4   83.9   78.7   92.3   98.0     39     95
17:46   84.9   84.3   79.2   92.4   98.4     38     94
17:47   84.7   84.1   79.0   92.2   98.2     40     95
17:48   84.6   84.0   79.0   92.3   97.7     40     95
17:49   83.9   83.4   78.2   92.4   97.3     36     93
17:50   83.8   83.4   78.2   92.4   97.1     39     95
17:51   83.7   83.3   78.2   92.4   96.8     37     94
17:52   83.5   83.1   77.9   92.5   96.7     37     94
17:53   83.2   82.8   77.5   92.5   96.7     36     95
17:54   83.1   82.7   77.3   92.7   96.8     35     95
17:55   82.6   82.2   76.6   92.7   96.6     35     95
17:56   82.0   81.7   76.0   92.8   96.2     34     94
17:57   82.1   81.8   76.2   92.8   95.9     36     95
17:58   82.4   82.1   76.7   92.8   95.9     36     95
17:59   82.6   82.3   77.0   93.0   95.7     36     95
18:00   82.6   82.3   77.0   92.9   95.7     36     95
18:01   82.2   81.9   76.4   93.0   95.8     34     94
18:02   81.9   81.6   76.0   93.0   95.9     35     95
18:03   82.2   81.9   76.4   93.0   95.9     35     95
18:04   82.0   81.7   76.1   93.0   95.8     34     94
18:05   82.2   81.9   76.5   92.9   95.7     36     95
Session: 1                                                       Page 13
Sensor: 1
Degrees Fahrenheit

TIME   WBGTi  WBGTo   WET    DRY   GLOBE  RH(%)   H.I.      
-----  -----  -----  -----  -----  -----  -----  -----
18:06   82.5   82.2   77.0   92.9   95.5     36     95
18:07   82.7   82.4   77.3   92.8   95.5     37     95
18:08   83.1   82.9   77.9   92.9   95.5     37     95
18:09   83.1   82.9   77.9   92.8   95.5     39     96
18:10   83.4   83.1   78.3   92.8   95.4     37     95
18:11   83.2   82.9   78.0   92.7   95.4     36     95
18:12   82.5   82.3   77.1   92.8   95.4     34     94
18:13   82.1   81.9   76.5   92.8   95.4     34     94
18:14   82.2   81.9   76.5   92.8   95.5     35     95
18:15   82.5   82.2   77.0   92.8   95.5     37     95
18:16   83.0   82.8   77.8   92.8   95.4     38     96
18:17   83.2   83.0   78.1   92.7   95.4     38     96
18:18   83.0   82.7   77.8   92.5   95.4     37     95
18:19   82.7   82.4   77.3   92.3   95.3     37     94
18:20   82.3   82.0   76.9   92.2   95.2     37     94
18:21   82.2   81.9   76.7   92.1   95.2     39     95
18:22   82.3   81.9   76.8   91.9   95.2     38     94
18:23   82.7   82.4   77.3   91.9   95.5     38     94
18:24   82.9   82.5   77.5   91.9   95.7     40     95
18:25   82.8   82.4   77.4   91.8   95.6     40     95
18:26   82.8   82.4   77.5   91.8   95.2     39     95
18:27   83.2   82.9   78.2   91.8   94.9     41     95
18:28   83.1   82.7   78.1   91.5   94.8     42     96
18:29   82.9   82.6   78.0   91.5   94.6     41     94
18:30   83.3   83.0   78.5   91.5   94.6     41     94
18:31   83.6   83.2   78.8   91.5   94.8     40     93
18:32   82.8   82.5   77.7   91.6   94.8     38     94
18:33   81.8   81.5   76.3   92.2   94.7     39     95
18:34   81.9   81.6   76.3   92.2   95.0     36     93
18:35   81.7   81.4   76.0   92.5   95.2     35     95
18:36   81.9   81.6   76.2   92.7   95.4     35     95
18:37   82.1   81.9   76.4   92.9   95.7     35     95
18:38   82.2   81.9   76.4   93.0   95.9     36     95
18:39   82.2   81.9   76.3   93.0   96.0     36     95
18:40   82.1   81.8   76.3   92.8   95.9     37     95
18:41   82.2   81.9   76.4   92.7   95.8     37     95
18:42   82.3   82.0   76.7   92.7   95.6     36     95
18:43   82.7   82.5   77.3   92.7   95.6     36     95
18:44   82.4   82.2   76.9   92.7   95.5     36     95
18:45   82.2   81.9   76.6   92.6   95.4     36     95
18:46   82.0   81.7   76.3   92.6   95.3     36     95
18:47   82.5   82.2   77.0   92.5   95.4     38     96
18:48   82.8   82.5   77.5   92.5   95.4     37     95
18:49   83.1   82.8   78.0   92.5   95.2     37     94
18:50   83.0   82.7   77.9   92.3   94.9     39     95
18:51   82.8   82.5   77.8   92.2   94.5     38     94
18:52   82.7   82.5   77.8   92.1   94.2     39     95
18:53   82.9   82.7   78.2   91.9   94.0     40     95
18:54   82.5   82.3   77.8   91.8   93.7     38     94
18:55   81.8   81.6   76.8   91.9   93.5     36     93
Session: 1                                                       Page 14
Sensor: 1
Degrees Fahrenheit

TIME   WBGTi  WBGTo   WET    DRY   GLOBE  RH(%)   H.I.      
-----  -----  -----  -----  -----  -----  -----  -----
18:56   81.4   81.2   76.2   92.1   93.6     36     93
18:57   81.1   81.0   75.8   92.3   93.7     36     93
18:58   81.7   81.5   76.6   91.9   93.8     41     95
18:59   81.9   81.8   77.2   91.6   93.1     42     96
19:00   81.9   81.7   77.4   91.3   92.4     41     94
19:01   81.8   81.8   77.6   91.0   91.9     40     93
19:02   81.7   81.6   77.5   90.8   91.6     41     94
19:03   81.6   81.5   77.4   90.6   91.4     44     95
19:04   81.8   81.7   77.8   90.3   91.2     42     93
19:05   81.6   81.5   77.6   90.2   91.0     43     93
19:06   81.7   81.6   77.9   90.0   90.8     44     93
19:07   81.7   81.6   77.9   89.8   90.6     45     94
19:08   81.6   81.5   77.9   89.6   90.5     45     94
19:09   81.5   81.4   77.8   89.4   90.2     45     92
19:10   81.3   81.2   77.6   89.3   90.0     44     92
19:11   81.2   81.1   77.5   89.3   89.9     45     92
19:12   80.9   80.8   77.2   89.1   89.7     46     92
19:13   80.6   80.6   76.9   89.1   89.5     45     92
19:14   80.8   80.8   77.2   89.0   89.3     46     92
19:15   80.8   80.7   77.3   88.8   89.0     46     92
19:16   80.7   80.7   77.3   88.7   88.7     46     92
19:17   80.7   80.7   77.4   88.7   88.5     46     92
19:18   80.8   80.8   77.6   88.5   88.4     46     92
19:19   80.5   80.5   77.2   88.4   88.2     47     91
19:20   80.5   80.5   77.3   88.2   88.1     47     91
19:21   80.2   80.2   76.9   88.1   88.0     46     91
19:22   79.8   79.9   76.5   88.2   87.8     46     91
19:23   79.6   79.7   76.1   88.3   88.0     46     91
19:24   79.6   79.7   76.1   88.4   88.0     46     91
19:25   79.6   79.7   76.1   88.4   88.0     47     91
19:26   79.6   79.6   76.1   88.2   87.8     47     91
19:27   79.5   79.5   76.0   88.1   87.7     47     91
19:28   79.4   79.5   76.0   88.1   87.6     47     91
19:29   79.5   79.5   76.1   87.9   87.5     48     91
19:30   79.6   79.6   76.3   87.8   87.4     48     91
19:31   79.4   79.4   76.1   87.6   87.1     48     91
19:32   79.4   79.5   76.3   87.5   86.9     49     92
19:33   79.4   79.5   76.3   87.4   86.8     49     90
19:34   79.2   79.3   76.1   87.3   86.7     49     90
19:35   79.2   79.3   76.1   87.2   86.6     49     90
19:36   79.3   79.4   76.3   87.1   86.5     49     90
19:37   79.3   79.4   76.3   87.1   86.5     49     90
19:38   79.5   79.6   76.6   87.0   86.5     49     90
19:39   79.3   79.3   76.3   87.0   86.3     50     90
19:40   79.0   79.1   76.0   86.9   86.2     50     90
19:41   79.1   79.1   76.1   86.8   86.1     51     91
19:42   78.8   78.9   75.8   86.6   85.9     51     91
19:43   78.8   78.9   75.9   86.6   85.7     51     91
19:44   78.9   79.0   76.1   86.5   85.6     52     89
19:45   78.9   79.0   76.1   86.3   85.5     52     89
Session: 1                                                       Page 15
Sensor: 1
Degrees Fahrenheit

TIME   WBGTi  WBGTo   WET    DRY   GLOBE  RH(%)   H.I.      
-----  -----  -----  -----  -----  -----  -----  -----
19:46   78.9   79.0   76.2   86.3   85.4     52     89
19:47   79.0   79.0   76.3   86.2   85.3     53     90
19:48   78.8   78.9   76.1   86.2   85.2     53     90
19:49   78.8   78.9   76.1   86.2   85.1     53     90
19:50   78.9   79.0   76.3   86.0   85.1     54     90
19:51   78.9   79.0   76.4   86.0   84.9     54     90
19:52   78.8   78.9   76.3   85.9   84.8     54     90
19:53   78.7   78.8   76.2   85.9   84.7     54     90
19:54   78.6   78.7   76.1   85.8   84.7     55     90
19:55   78.6   78.7   76.1   85.7   84.7     55     90
19:56   78.6   78.7   76.1   85.7   84.6     55     90
19:57   78.5   78.6   76.0   85.6   84.4     55     90
19:58   78.5   78.6   76.1   85.5   84.3     56     89
19:59   78.5   78.6   76.1   85.4   84.2     56     89
20:00   78.4   78.5   76.0   85.3   84.0     56     89
20:01   78.4   78.6   76.2   85.1   83.8     56     89
20:02   78.4   78.5   76.2   85.0   83.7     57     89
20:03   78.4   78.5   76.3   84.8   83.5     58     89
20:04   78.2   78.4   76.1   84.7   83.4     58     89
20:05   78.2   78.3   76.1   84.6   83.2     58     89
20:06   78.1   78.3   76.0   84.6   83.2     59     90
20:07   78.1   78.2   76.0   84.5   83.1     59     88
20:08   78.0   78.1   75.9   84.4   83.0     59     88
20:09   77.9   78.1   75.8   84.4   83.0     59     88
20:10   77.8   78.0   75.7   84.3   82.9     59     88
20:11   77.8   77.9   75.7   84.3   82.8     59     88
20:12   77.8   77.9   75.7   84.2   82.8     59     88
20:13   77.7   77.9   75.6   84.2   82.8     58     88
20:14   77.6   77.7   75.4   84.2   82.8     58     88
20:15   77.4   77.6   75.2   84.1   82.8     59     88
20:16   77.4   77.6   75.3   84.1   82.6     59     88
20:17   77.4   77.6   75.3   84.0   82.5     59     88
20:18   77.3   77.4   75.1   84.0   82.5     58     88
20:19   77.3   77.4   75.1   84.0   82.5     59     88
20:20   77.3   77.5   75.2   83.9   82.5     60     88
20:21   77.3   77.4   75.2   83.8   82.3     60     88
20:22   77.3   77.4   75.2   83.7   82.2     60     88
20:23   77.3   77.4   75.3   83.6   82.0     60     88
20:24   77.3   77.5   75.4   83.5   82.0     61     88
20:25   77.3   77.4   75.4   83.4   81.8     61     87
20:26   77.2   77.4   75.4   83.3   81.7     61     87
20:27   77.1   77.3   75.3   83.2   81.6     61     87
20:28   77.1   77.2   75.2   83.2   81.6     61     87
20:29   77.0   77.2   75.2   83.1   81.5     62     87
20:30   77.0   77.1   75.1   83.1   81.5     62     87
20:31   76.9   77.1   75.0   83.1   81.6     62     87
20:32   76.9   77.1   75.0   83.1   81.6     62     87
20:33   76.9   77.0   75.0   82.9   81.5     62     87
20:34   76.9   77.0   75.0   82.8   81.4     63     87
20:35   76.8   76.9   74.9   82.8   81.3     63     87
Session: 1                                                       Page 16
Sensor: 1
Degrees Fahrenheit

TIME   WBGTi  WBGTo   WET    DRY   GLOBE  RH(%)   H.I.      
-----  -----  -----  -----  -----  -----  -----  -----
20:36   76.7   76.8   74.8   82.6   81.2     63     87
20:37   76.7   76.9   74.9   82.5   81.1     63     87
20:38   76.8   76.9   75.0   82.5   81.0     64     86
20:39   76.7   76.9   75.0   82.5   80.9     65     86
20:40   76.7   76.9   75.0   82.4   80.9     65     86
20:41   76.7   76.9   75.0   82.3   80.9     65     86
20:42   76.7   76.8   75.0   82.2   80.7     65     86
20:43   76.7   76.8   75.0   82.1   80.7     66     86
20:44   76.6   76.8   75.0   82.0   80.6     66     86
20:45   76.7   76.8   75.1   81.9   80.5     66     86
20:46   76.6   76.8   75.1   81.9   80.4     66     86
20:47   76.6   76.8   75.1   81.7   80.3     66     86
20:48   76.7   76.8   75.2   81.6   80.2     67     86
20:49   76.6   76.7   75.1   81.6   80.1     67     86
20:50   76.5   76.6   75.0   81.6   80.1     66     86
20:51   76.3   76.5   74.8   81.5   80.1     66     85
20:52   76.2   76.4   74.7   81.5   80.0     66     85
20:53   76.2   76.4   74.7   81.3   80.0     68     85
20:54   76.3   76.4   74.8   81.3   79.8     69     85
20:55   76.3   76.4   74.8   81.2   79.8     68     85
20:56   76.2   76.4   74.8   81.1   79.7     68     85
20:57   76.2   76.4   74.8   81.1   79.7     68     85
20:58   76.1   76.2   74.7   81.0   79.5     68     85
20:59   76.1   76.2   74.7   80.9   79.4     68     85
21:00   76.0   76.1   74.6   80.8   79.4     68     85
21:01   75.9   76.0   74.5   80.7   79.3     68     85
21:02   75.9   76.0   74.5   80.7   79.2     68     85
21:03   75.8   76.0   74.4   80.7   79.3     68     85
21:04   75.8   75.9   74.4   80.6   79.2     68     85
21:05   75.9   76.0   74.4   80.7   79.4     68     85
21:06   75.8   76.0   74.4   80.6   79.3     69     85
21:07   75.8   76.0   74.4   80.6   79.3     69     85
21:08   75.8   75.9   74.4   80.6   79.2     68     85
21:09   75.7   75.8   74.2   80.6   79.2     68     85
21:10   75.6   75.7   74.1   80.6   79.2     68     85
21:11   75.6   75.7   74.1   80.6   79.2     68     85
21:12   75.6   75.7   74.1   80.6   79.2     69     85
21:13   75.6   75.7   74.1   80.4   79.1     68     83
21:14   75.5   75.7   74.1   80.4   79.0     68     83
21:15   75.5   75.6   74.1   80.3   78.9     69     84
21:16   75.4   75.5   73.9   80.3   78.9     69     84
21:17   75.3   75.5   73.9   80.3   78.8     69     84
21:18   75.3   75.5   73.9   80.2   78.8     70     84
21:19   75.3   75.5   73.9   80.1   78.8     70     84
21:20   75.4   75.5   74.0   80.0   78.7     70     84
21:21   75.3   75.4   73.9   80.1   78.6     70     84
21:22   75.2   75.3   73.8   80.0   78.6     71     84
21:23   75.2   75.3   73.8   80.0   78.6     70     84
21:24   75.2   75.3   73.8   79.9   78.5     69     84
21:25   75.0   75.1   73.5   80.0   78.5     69     84
Session: 1                                                       Page 17
Sensor: 1
Degrees Fahrenheit

TIME   WBGTi  WBGTo   WET    DRY   GLOBE  RH(%)   H.I.      
-----  -----  -----  -----  -----  -----  -----  -----
21:26   75.0   75.1   73.5   80.0   78.7     69     84
21:27   75.0   75.1   73.5   80.0   78.6     69     84
21:28   75.1   75.2   73.6   79.9   78.6     69     84
21:29   75.0   75.2   73.6   79.8   78.5     69     84
21:30   75.0   75.2   73.6   79.8   78.5     69     84
21:31   75.1   75.2   73.7   79.7   78.4     69     84
21:32   75.0   75.1   73.6   79.7   78.3     69     84
21:33   74.8   75.0   73.4   79.7   78.3     69     84
21:34   74.8   74.9   73.3   79.6   78.3     69     84
21:35   74.7   74.9   73.3   79.5   78.2     70     84
21:36   74.9   75.0   73.5   79.5   78.2     70     84
21:37   74.8   74.9   73.4   79.5   78.2     70     84
21:38   74.8   74.9   73.4   79.5   78.3     70     84
21:39   74.7   74.8   73.3   79.4   78.2     70     82
21:40   74.7   74.8   73.3   79.4   78.1     70     82
21:41   74.7   74.8   73.3   79.3   78.1     70     82
21:42   74.6   74.7   73.2   79.4   78.0     71     82
21:43   74.6   74.7   73.2   79.2   78.0     71     82
21:44   74.6   74.8   73.3   79.2   77.9     71     82
21:45   74.5   74.7   73.2   79.2   77.8     71     82
21:46   74.5   74.7   73.2   79.1   77.8     71     82
21:47   74.5   74.6   73.2   79.1   77.7     72     82
21:48   74.5   74.6   73.2   79.1   77.7     72     82
21:49   74.6   74.7   73.3   79.0   77.7     72     82
21:50   74.5   74.7   73.3   79.0   77.6     72     82
21:51   74.5   74.7   73.3   78.9   77.6     72     82
21:52   74.5   74.7   73.3   78.8   77.6     72     82
21:53   74.4   74.6   73.2   78.8   77.5     73     82
21:54   74.4   74.6   73.2   78.7   77.5     73     82
21:55   74.5   74.6   73.3   78.6   77.3     72     82
21:56   74.5   74.6   73.4   78.5   77.2     73     82
21:57   74.4   74.5   73.3   78.4   77.2     73     81
21:58   74.4   74.5   73.3   78.3   77.2     73     81
21:59   74.4   74.5   73.2   78.5   77.2     73     82
22:00   74.2   74.3   73.0   78.5   77.2     73     82
22:01   74.2   74.4   73.0   78.5   77.3     73     81
22:02   74.2   74.3   73.0   78.4   77.2     73     81
22:03   74.2   74.3   73.0   78.3   77.2     73     81
22:04   74.3   74.4   73.1   78.3   77.2     73     81
22:05   74.3   74.4   73.1   78.3   77.1     73     81
22:06   74.2   74.3   73.0   78.3   77.2     73     81
22:07   74.3   74.4   73.1   78.3   77.2     74     81
22:08   74.2   74.3   73.0   78.3   77.3     74     81
22:09   74.2   74.3   73.0   78.3   77.3     74     81
22:10   74.2   74.3   73.0   78.2   77.2     74     81
22:11   74.2   74.3   73.0   78.2   77.1     75     81
22:12   74.2   74.3   73.0   78.2   77.0     75     81
22:13   74.2   74.3   73.0   78.2   77.0     74     81
22:14   74.2   74.3   73.0   78.2   77.0     74     81
22:15   74.2   74.3   73.0   78.2   77.0     74     81
Session: 1                                                       Page 18
Sensor: 1
Degrees Fahrenheit

TIME   WBGTi  WBGTo   WET    DRY   GLOBE  RH(%)   H.I.      
-----  -----  -----  -----  -----  -----  -----  -----
22:16   74.2   74.3   73.0   78.2   77.0     74     81
22:17   74.1   74.2   73.0   78.1   76.9     75     81
22:18   74.1   74.2   73.0   78.0   76.9     75     81
22:19   74.1   74.2   73.0   78.0   76.9     76     81
22:20   74.1   74.2   73.0   78.0   76.9     76     81
22:21   74.1   74.2   72.9   78.0   76.9     76     81
22:22   74.0   74.1   72.9   77.9   76.7     76     81
22:23   74.1   74.2   73.0   77.9   76.7     76     81
22:24   74.0   74.2   73.0   77.8   76.6     76     81
22:25   74.0   74.1   73.0   77.7   76.5     76     81
22:26   74.0   74.2   73.1   77.6   76.4     76     81
22:27   74.0   74.1   73.0   77.6   76.4     76     81
22:28   73.9   74.0   72.9   77.6   76.4     76     81
22:29   73.9   74.0   72.9   77.7   76.4     77     81
22:30   73.9   74.1   72.9   77.7   76.5     77     81
22:31   74.0   74.1   72.9   77.8   76.6     77     81
22:32   73.9   74.1   72.9   77.7   76.5     77     81
22:33   73.9   74.0   72.9   77.7   76.4     77     81
22:34   73.9   74.0   72.9   77.6   76.4     77     81
22:35   73.8   74.0   72.8   77.6   76.4     76     81
22:36   73.8   73.9   72.7   77.6   76.4     77     81
22:37   73.8   73.9   72.7   77.6   76.4     77     81
22:38   73.8   73.9   72.7   77.6   76.4     77     81
22:39   73.7   73.9   72.7   77.6   76.3     76     81
22:40   73.7   73.8   72.6   77.5   76.3     77     81
22:41   73.7   73.8   72.6   77.5   76.3     77     81
22:42   73.7   73.8   72.6   77.5   76.3     77     79
22:43   73.6   73.7   72.6   77.5   76.1     77     79
22:44   73.7   73.8   72.7   77.4   76.1     77     79
22:45   73.6   73.8   72.7   77.3   76.0     77     79
22:46   73.6   73.8   72.7   77.2   76.0     78     79
22:47   73.6   73.8   72.7   77.2   76.0     78     79
22:48   73.6   73.8   72.7   77.2   76.0     78     79
22:49   73.6   73.8   72.7   77.1   76.0     78     79
22:50   73.6   73.7   72.7   77.0   75.9     78     79
22:51   73.5   73.6   72.6   77.0   75.8     78     79
22:52   73.5   73.6   72.6   77.0   75.8     78     79
22:53   73.5   73.6   72.6   77.0   75.8     78     79
22:54   73.5   73.6   72.6   76.9   75.8     78     79
22:55   73.5   73.6   72.6   76.9   75.7     78     79
22:56   73.5   73.6   72.6   76.9   75.7     78     79
22:57   73.5   73.6   72.6   76.9   75.7     78     79
22:58   73.5   73.6   72.6   76.9   75.8     79     80
22:59   73.6   73.7   72.7   76.9   75.8     79     80
23:00   73.6   73.7   72.7   76.7   75.7     79     80
23:01   73.6   73.7   72.7   76.7   75.7     79     80
23:02   73.6   73.7   72.7   76.9   75.7     79     80
23:03   73.6   73.7   72.7   76.9   75.8     79     80
23:04   73.6   73.7   72.7   76.9   75.9     80     80
23:05   73.6   73.7   72.7   76.9   75.9     80     80
Session: 1                                                       Page 19
Sensor: 1
Degrees Fahrenheit

TIME   WBGTi  WBGTo   WET    DRY   GLOBE  RH(%)   H.I.      
-----  -----  -----  -----  -----  -----  -----  -----
23:06   73.5   73.6   72.6   76.9   75.9     80     80
23:07   73.5   73.6   72.6   76.9   75.8     80     80
23:08   73.5   73.6   72.6   76.9   75.8     80     80
23:09   73.5   73.6   72.6   76.9   75.7     80     80
23:10   73.5   73.6   72.6   76.8   75.7     80     80
23:11   73.5   73.6   72.7   76.7   75.6     80     80
23:12   73.5   73.6   72.7   76.7   75.6     81     80
23:13   73.4   73.5   72.6   76.6   75.5     81     80
23:14   73.5   73.6   72.7   76.6   75.4     81     80
23:15   73.4   73.5   72.6   76.5   75.4     80     80
23:16   73.4   73.5   72.6   76.4   75.4     80     79
23:17   73.4   73.5   72.6   76.4   75.3     80     79
23:18   73.4   73.5   72.6   76.5   75.4     80     79
23:19   73.4   73.5   72.6   76.4   75.4     81     79
23:20   73.4   73.5   72.6   76.4   75.4     81     79
23:21   73.4   73.5   72.6   76.4   75.4     81     79
23:22   73.4   73.5   72.6   76.6   75.4     81     80
23:23   73.4   73.5   72.6   76.6   75.5     81     80
23:24   73.4   73.5   72.6   76.5   75.4     81     80
23:25   73.5   73.6   72.7   76.6   75.4     81     80
23:26   73.5   73.6   72.7   76.6   75.4     82     80
23:27   73.5   73.6   72.7   76.6   75.4     82     80
23:28   73.5   73.6   72.7   76.5   75.4     82     79
23:29   73.5   73.6   72.7   76.4   75.4     81     79
23:30   73.5   73.6   72.7   76.4   75.4     82     79
23:31   73.4   73.5   72.7   76.3   75.3     82     79
23:32   73.4   73.5   72.7   76.3   75.2     82     79
23:33   73.4   73.5   72.7   76.1   75.1     83     79
23:34   73.4   73.5   72.7   76.1   75.1     83     79
23:35   73.3   73.4   72.6   76.2   75.2     83     79
23:36   73.3   73.4   72.6   76.2   75.2     83     79
23:37   73.3   73.4   72.6   76.2   75.1     83     79
23:38   73.3   73.4   72.6   76.1   75.1     83     79
23:39   73.3   73.4   72.6   76.1   75.0     83     79
23:40   73.3   73.4   72.6   76.1   75.1     83     79
23:41   73.3   73.4   72.6   76.1   75.1     84     79
23:42   73.3   73.4   72.6   76.1   75.0     84     79
23:43   73.3   73.4   72.6   76.1   75.0     84     79
23:44   73.3   73.4   72.6   76.1   75.0     84     79
23:45   73.2   73.4   72.6   76.0   74.9     84     79
23:46   73.2   73.3   72.6   75.9   74.8     84     79
23:47   73.2   73.3   72.6   75.8   74.7     84     79
23:48   73.2   73.3   72.6   75.8   74.7     84     79
23:49   73.2   73.3   72.6   75.8   74.7     84     79
23:50   73.1   73.2   72.5   75.8   74.7     84     79
23:51   73.1   73.2   72.5   75.8   74.7     84     79
23:52   73.1   73.2   72.5   75.8   74.6     84     79
23:53   73.0   73.2   72.4   75.9   74.7     84     79
23:54   73.1   73.2   72.4   75.9   74.8     84     79
23:55   73.1   73.2   72.4   75.9   74.8     84     79
Session: 1                                                       Page 20
Sensor: 1
Degrees Fahrenheit

TIME   WBGTi  WBGTo   WET    DRY   GLOBE  RH(%)   H.I.      
-----  -----  -----  -----  -----  -----  -----  -----
23:56   73.1   73.2   72.4   75.8   74.8     84     79
23:57   73.1   73.2   72.5   75.8   74.7     84     79
23:58   73.0   73.2   72.4   75.8   74.7     84     79
23:59   73.0   73.2   72.4   75.8   74.7     84     79
00:00   73.0   73.2   72.4   75.8   74.7     84     79
00:01   73.0   73.1   72.4   75.7   74.7     84     79
00:02   73.0   73.1   72.4   75.7   74.7     85     79
00:03   73.0   73.1   72.4   75.7   74.7     85     79
00:04   73.0   73.1   72.4   75.7   74.7     85     79
00:05   73.0   73.1   72.4   75.7   74.7     85     79
00:06   73.0   73.1   72.4   75.7   74.7     85     79
00:07   73.0   73.1   72.4   75.7   74.7     86     80
00:08   73.0   73.1   72.4   75.7   74.5     85     79
00:09   73.0   73.1   72.4   75.6   74.4     86     80
00:10   73.0   73.1   72.4   75.5   74.4     86     78
00:11   72.9   73.0   72.4   75.4   74.3     86     78
00:12   72.8   72.9   72.3   75.4   74.2     86     78
00:13   72.8   72.9   72.3   75.4   74.2     86     78
00:14   72.8   72.9   72.3   75.2   74.1     86     78
00:15   72.8   72.9   72.3   75.3   74.1     86     78
00:16   72.8   72.9   72.3   75.2   74.1     86     78
00:17   72.8   72.9   72.3   75.2   74.2     86     78
00:18   72.8   72.9   72.3   75.2   74.2     86     78
00:19   72.8   72.9   72.3   75.2   74.2     85     78
00:20   72.8   72.9   72.3   75.2   74.2     86     78
00:21   72.8   72.9   72.3   75.3   74.2     86     78
00:22   72.8   72.9   72.3   75.3   74.2     86     78
00:23   72.8   72.9   72.3   75.2   74.2     86     78
00:24   72.8   72.9   72.3   75.2   74.2     86     78
00:25   72.8   72.9   72.3   75.2   74.2     87     79
00:26   72.8   72.9   72.2   75.4   74.2     86     78
00:27   72.8   72.9   72.2   75.3   74.2     86     78
00:28   72.8   72.9   72.2   75.2   74.2     86     78
00:29   72.7   72.8   72.2   75.2   74.1     86     78
00:30   72.7   72.8   72.2   75.2   74.1     86     78
00:31   72.7   72.8   72.2   75.2   74.1     86     78
00:32   72.7   72.8   72.2   75.1   74.1     86     78
00:33   72.8   72.9   72.3   75.1   74.1     86     78
00:34   72.8   72.9   72.3   75.1   74.1     86     78
00:35   72.8   72.9   72.3   75.0   74.0     86     78
00:36   72.7   72.8   72.3   74.9   73.9     86     78
00:37   72.6   72.7   72.2   74.8   73.8     86     78
00:38   72.6   72.7   72.1   74.8   73.8     86     78
00:39   72.5   72.6   72.1   74.8   73.7     86     78
00:40   72.6   72.7   72.1   74.8   73.8     87     79
00:41   72.6   72.7   72.2   74.8   73.8     87     79
00:42   72.7   72.8   72.3   74.9   73.9     88     79
00:43   72.7   72.8   72.3   75.0   73.9     88     79
00:44   72.7   72.8   72.3   75.0   73.9     88     79
00:45   72.7   72.8   72.3   75.0   73.9     88     79
Session: 1                                                       Page 21
Sensor: 1
Degrees Fahrenheit

TIME   WBGTi  WBGTo   WET    DRY   GLOBE  RH(%)   H.I.      
-----  -----  -----  -----  -----  -----  -----  -----
00:46   72.7   72.8   72.3   75.0   73.9     88     79
00:47   72.8   72.9   72.3   75.1   74.1     88     79
00:48   72.7   72.9   72.3   75.1   73.9     88     79
00:49   72.7   72.9   72.3   75.1   73.9     88     79
00:50   72.7   72.9   72.3   75.1   73.9     88     79
00:51   72.7   72.8   72.3   75.0   73.9     88     79
00:52   72.7   72.8   72.3   75.0   73.9     88     79
00:53   72.7   72.8   72.3   75.0   73.9     88     79
00:54   72.7   72.8   72.3   74.9   73.8     88     79
00:55   72.7   72.8   72.3   74.8   73.7     88     79
00:56   72.6   72.8   72.3   74.8   73.6     89     79
00:57   72.6   72.8   72.3   74.7   73.6     89     79
00:58   72.6   72.8   72.3   74.7   73.6     89     79
00:59   72.6   72.8   72.3   74.7   73.6     89     79
01:00   72.6   72.7   72.3   74.6   73.6     89     79
01:01   72.6   72.7   72.3   74.6   73.6     89     79
01:02   72.6   72.7   72.3   74.6   73.6     89     79
01:03   72.6   72.7   72.3   74.6   73.6     90     79
01:04   72.6   72.7   72.2   74.7   73.6     90     79
01:05   72.5   72.6   72.1   74.6   73.6     90     79
01:06   72.5   72.6   72.1   74.6   73.6     90     79
01:07   72.5   72.6   72.2   74.5   73.5     90     79
01:08   72.6   72.7   72.3   74.5   73.5     90     79
01:09   72.6   72.7   72.3   74.5   73.5     90     78
01:10   72.6   72.7   72.3   74.4   73.4     90     78
01:11   72.5   72.6   72.1   74.4   73.5     90     78
01:12   72.5   72.6   72.1   74.4   73.5     90     78
01:13   72.4   72.5   72.1   74.4   73.4     90     78
01:14   72.4   72.5   72.1   74.3   73.3     90     78
01:15   72.3   72.4   72.0   74.3   73.3     90     78
01:16   72.3   72.4   72.0   74.3   73.2     91     78
01:17   72.3   72.4   72.0   74.4   73.2     91     78
01:18   72.3   72.4   72.0   74.3   73.2     91     78
01:19   72.3   72.4   72.0   74.3   73.2     91     78
01:20   72.3   72.4   72.0   74.2   73.2     91     78
01:21   72.3   72.4   72.0   74.2   73.1     91     78
01:22   72.3   72.4   72.0   74.1   73.0     91     78
01:23   72.3   72.4   72.0   74.1   73.0     91     78
01:24   72.3   72.4   72.0   74.1   73.0     91     78
01:25   72.2   72.3   71.9   74.1   73.0     91     78
01:26   72.2   72.3   71.9   74.1   73.0     91     78
01:27   72.2   72.3   71.9   74.1   73.0     91     78
01:28   72.2   72.3   71.9   74.1   73.0     91     78
01:29   72.3   72.4   72.0   74.0   73.0     92     78
01:30   72.3   72.3   72.0   73.9   73.0     92     78
01:31   72.3   72.3   72.0   73.9   73.0     92     78
01:32   72.3   72.3   72.0   73.9   73.0     92     78
01:33   72.3   72.3   72.0   73.9   73.0     92     78
01:34   72.3   72.4   72.0   74.1   73.0     92     78
01:35   72.3   72.4   72.1   74.1   73.0     92     78
Session: 1                                                       Page 22
Sensor: 1
Degrees Fahrenheit

TIME   WBGTi  WBGTo   WET    DRY   GLOBE  RH(%)   H.I.      
-----  -----  -----  -----  -----  -----  -----  -----
01:36   72.3   72.4   72.0   74.1   73.1     92     78
01:37   72.3   72.4   72.0   74.2   73.1     92     78
01:38   72.3   72.4   72.0   74.2   73.2     92     78
01:39   72.3   72.4   72.0   74.2   73.2     92     78
01:40   72.3   72.4   72.0   74.2   73.1     92     78
01:41   72.3   72.4   72.0   74.1   73.0     92     78
01:42   72.3   72.4   72.0   74.1   73.0     92     78
01:43   72.2   72.3   71.9   73.9   72.9     92     78
01:44   72.1   72.2   71.9   73.9   72.8     92     78
01:45   72.1   72.2   71.9   73.8   72.7     92     78
01:46   72.1   72.2   71.9   73.8   72.7     92     78
01:47   72.1   72.2   71.9   73.7   72.7     92     78
01:48   72.1   72.2   71.9   73.6   72.6     92     78
01:49   72.1   72.2   71.9   73.6   72.6     92     78
01:50   72.1   72.2   71.9   73.6   72.6     92     78
01:51   72.1   72.2   71.9   73.5   72.6     92     77
01:52   71.9   72.0   71.8   73.4   72.4     93     77
01:53   71.9   72.0   71.8   73.3   72.4     93     77
01:54   72.0   72.1   71.9   73.3   72.4     93     77
01:55   72.0   72.1   71.9   73.2   72.4     93     77
01:56   72.0   72.0   71.8   73.3   72.5     94     78
01:57   72.1   72.1   71.9   73.3   72.6     94     78
01:58   72.1   72.1   71.9   73.4   72.6     94     78
01:59   72.1   72.1   71.9   73.4   72.6     93     77
02:00   72.0   72.0   71.8   73.3   72.5     93     77
02:01   71.9   72.0   71.8   73.3   72.4     94     78
02:02   71.9   72.0   71.8   73.3   72.4     94     78
02:03   72.0   72.1   71.9   73.5   72.4     94     78
02:04   72.0   72.1   71.9   73.5   72.5     94     78
02:05   72.0   72.1   71.9   73.5   72.5     94     78
02:06   72.0   72.1   71.9   73.5   72.5     94     79
02:07   72.0   72.1   71.8   73.5   72.5     94     78
02:08   71.9   72.0   71.7   73.5   72.4     94     78
02:09   71.8   71.9   71.7   73.4   72.3     94     78
02:10   71.8   71.9   71.7   73.3   72.3     94     78
02:11   71.8   71.9   71.7   73.3   72.3     94     78
02:12   71.8   71.9   71.7   73.3   72.3     94     78
02:13   71.8   71.9   71.7   73.3   72.3     94     78
02:14   71.8   71.9   71.7   73.3   72.3     94     78
02:15   71.8   71.9   71.7   73.3   72.3     94     78
02:16   71.8   71.9   71.6   73.3   72.3     94     78
02:17   71.8   71.9   71.6   73.3   72.3     94     78
02:18   71.8   71.9   71.6   73.3   72.3     94     78
02:19   71.7   71.8   71.6   73.2   72.2     94     78
02:20   71.8   71.9   71.7   73.2   72.2     94     78
02:21   71.8   71.9   71.7   73.2   72.2     94     78
02:22   71.8   71.9   71.7   73.2   72.2     94     78
02:23   71.7   71.8   71.6   73.1   72.1     95     78
02:24   71.7   71.8   71.6   73.2   72.2     95     78
02:25   71.7   71.8   71.6   73.2   72.2     95     78
Session: 1                                                       Page 23
Sensor: 1
Degrees Fahrenheit

TIME   WBGTi  WBGTo   WET    DRY   GLOBE  RH(%)   H.I.      
-----  -----  -----  -----  -----  -----  -----  -----
02:26   71.7   71.8   71.6   73.2   72.2     95     78
02:27   71.7   71.8   71.6   73.2   72.2     95     78
02:28   71.7   71.8   71.6   73.2   72.2     95     78
02:29   71.7   71.8   71.6   73.2   72.2     95     78
02:30   71.7   71.8   71.6   73.2   72.2     95     78
02:31   71.8   71.9   71.7   73.2   72.3     95     78
02:32   71.8   71.9   71.7   73.2   72.3     95     78
02:33   71.9   72.0   71.8   73.3   72.3     95     78
02:34   71.8   71.9   71.7   73.3   72.3     94     78
02:35   71.9   72.0   71.8   73.3   72.3     94     78
02:36   71.8   71.9   71.7   73.3   72.3     94     78
02:37   71.8   71.9   71.7   73.3   72.3     95     78
02:38   71.8   71.9   71.7   73.2   72.2     95     78
02:39   71.7   71.8   71.6   73.2   72.2     95     78
02:40   71.7   71.8   71.6   73.2   72.1     95     78
02:41   71.6   71.7   71.5   73.2   72.1     95     78
02:42   71.7   71.8   71.5   73.2   72.2     95     78
02:43   71.6   71.7   71.5   73.2   72.1     95     78
02:44   71.7   71.8   71.6   73.2   72.2     95     78
02:45   71.6   71.7   71.5   73.2   72.1     95     78
02:46   71.7   71.8   71.6   73.2   72.1     95     78
02:47   71.6   71.7   71.5   73.2   72.1     96     78
02:48   71.6   71.7   71.4   73.1   72.1     95     78
02:49   71.5   71.6   71.4   73.1   72.0     96     78
02:50   71.5   71.6   71.4   73.1   72.0     96     78
02:51   71.5   71.6   71.4   73.1   72.0     96     78
02:52   71.7   71.8   71.6   73.2   72.0     96     78
02:53   71.8   71.9   71.7   73.2   72.1     96     78
02:54   71.8   71.9   71.7   73.2   72.1     96     78
02:55   71.8   71.9   71.7   73.2   72.1     96     78
02:56   71.7   71.8   71.6   73.2   72.1     96     78
02:57   71.7   71.8   71.6   73.1   72.0     96     78
02:58   71.7   71.8   71.6   73.0   72.0     96     78
02:59   71.7   71.8   71.6   73.1   72.0     96     78
03:00   71.7   71.8   71.6   73.1   72.1     96     78
03:01   71.8   71.9   71.7   73.1   72.1     96     78
03:02   71.8   71.9   71.7   73.1   72.1     96     78
03:03   71.8   71.9   71.7   73.2   72.1     96     78
03:04   71.8   71.9   71.7   73.2   72.1     96     78
03:05   71.8   71.9   71.7   73.1   72.1     96     78
03:06   71.7   71.8   71.6   73.0   72.0     96     78
03:07   71.7   71.8   71.6   73.0   72.0     96     78
03:08   71.7   71.8   71.7   72.9   72.0     96     78
03:09   71.7   71.8   71.7   72.9   72.0     95     78
03:10   71.7   71.8   71.7   72.9   72.0     95     78
03:11   71.8   71.9   71.7   72.9   72.1     95     78
03:12   71.7   71.8   71.7   73.0   72.0     95     78
03:13   71.7   71.8   71.7   73.0   72.0     95     78
03:14   71.7   71.8   71.6   72.9   72.0     96     78
03:15   71.7   71.8   71.6   72.9   72.0     96     78
Session: 1                                                       Page 24
Sensor: 1
Degrees Fahrenheit

TIME   WBGTi  WBGTo   WET    DRY   GLOBE  RH(%)   H.I.      
-----  -----  -----  -----  -----  -----  -----  -----
03:16   71.7   71.8   71.6   72.9   72.0     96     78
03:17   71.6   71.7   71.6   72.9   71.9     96     78
03:18   71.6   71.7   71.6   72.9   71.9     96     78
03:19   71.6   71.7   71.6   72.9   71.9     96     78
03:20   71.6   71.7   71.5   72.9   71.9     96     78
03:21   71.5   71.6   71.4   72.9   71.9     97     78
03:22   71.5   71.6   71.4   72.7   71.9     97     78
03:23   71.6   71.7   71.6   72.9   71.9     96     78
03:24   71.6   71.8   71.6   73.0   71.9     96     78
03:25   71.7   71.8   71.6   73.0   72.0     96     78
03:26   71.6   71.8   71.6   73.0   71.9     96     78
03:27   71.7   71.8   71.6   73.0   72.0     96     78
03:28   71.7   71.8   71.6   73.2   72.0     96     78
03:29   71.7   71.8   71.6   73.2   72.0     96     78
03:30   71.7   71.9   71.7   73.2   72.0     96     78
03:31   71.7   71.8   71.6   73.2   72.0     96     78
03:32   71.7   71.9   71.7   73.2   72.0     96     78
03:33   71.7   71.9   71.7   73.2   72.0     96     78
03:34   71.7   71.9   71.7   73.2   72.0     96     78
03:35   71.7   71.8   71.6   73.1   72.0     97     78
03:36   71.6   71.8   71.6   73.0   71.9     97     78
03:37   71.5   71.6   71.4   73.0   71.9     97     78
03:38   71.5   71.6   71.4   72.9   71.8     97     78
03:39   71.5   71.6   71.4   72.9   71.8     97     78
03:40   71.5   71.6   71.4   72.8   71.8     97     78
03:41   71.5   71.6   71.4   72.9   71.9     97     78
03:42   71.5   71.6   71.4   72.8   71.8     97     78
03:43   71.4   71.5   71.4   72.7   71.7     97     78
03:44   71.4   71.5   71.4   72.7   71.7     97     78
03:45   71.4   71.5   71.4   72.7   71.7     97     78
03:46   71.4   71.5   71.3   72.6   71.7     97     78
03:47   71.4   71.5   71.3   72.6   71.7     97     78
03:48   71.3   71.4   71.3   72.6   71.6     97     78
03:49   71.4   71.5   71.3   72.6   71.7     97     78
03:50   71.4   71.5   71.3   72.5   71.7     97     78
03:51   71.3   71.4   71.3   72.5   71.6     97     72
03:52   71.3   71.4   71.3   72.6   71.6     98     78
03:53   71.4   71.5   71.4   72.6   71.7     98     78
03:54   71.4   71.5   71.4   72.6   71.7     98     78
03:55   71.4   71.5   71.4   72.6   71.7     98     78
03:56   71.4   71.5   71.4   72.6   71.7     98     78
03:57   71.4   71.5   71.4   72.6   71.7     97     78
03:58   71.3   71.4   71.3   72.6   71.6     97     78
03:59   71.3   71.4   71.3   72.5   71.6     98     72
04:00   71.3   71.4   71.3   72.4   71.6     98     72
04:01   71.3   71.4   71.3   72.4   71.6     98     72
04:02   71.4   71.5   71.4   72.4   71.6     98     72
04:03   71.4   71.5   71.4   72.4   71.6     98     72
04:04   71.3   71.4   71.3   72.4   71.6     98     72
04:05   71.3   71.4   71.3   72.4   71.5     98     72
Session: 1                                                       Page 25
Sensor: 1
Degrees Fahrenheit

TIME   WBGTi  WBGTo   WET    DRY   GLOBE  RH(%)   H.I.      
-----  -----  -----  -----  -----  -----  -----  -----
04:06   71.3   71.4   71.3   72.4   71.5     98     72
04:07   71.3   71.4   71.3   72.4   71.6     98     72
04:08   71.3   71.4   71.3   72.3   71.5     98     72
04:09   71.2   71.3   71.2   72.3   71.4     98     72
04:10   71.1   71.2   71.1   72.3   71.4     98     72
04:11   71.3   71.4   71.3   72.3   71.4     98     72
04:12   71.3   71.4   71.3   72.3   71.4     97     72
04:13   71.3   71.4   71.3   72.3   71.5     97     72
04:14   71.3   71.4   71.3   72.3   71.6     97     72
04:15   71.4   71.5   71.4   72.3   71.6     98     72
04:16   71.3   71.4   71.3   72.3   71.6     98     72
04:17   71.3   71.4   71.3   72.3   71.5     98     72
04:18   71.2   71.3   71.2   72.3   71.4     98     72
04:19   71.3   71.4   71.3   72.2   71.4     98     72
04:20   71.1   71.2   71.1   72.1   71.4     98     72
04:21   71.2   71.3   71.2   72.1   71.4     98     72
04:22   71.3   71.4   71.3   72.1   71.4     98     72
04:23   71.3   71.3   71.3   72.0   71.4     98     72
04:24   71.2   71.3   71.2   72.0   71.3     98     72
04:25   71.3   71.3   71.3   72.0   71.3     98     72
04:26   71.3   71.3   71.3   72.0   71.4     98     72
04:27   71.3   71.4   71.3   72.1   71.4     98     72
04:28   71.3   71.4   71.3   72.1   71.4     99     72
04:29   71.3   71.4   71.3   72.1   71.4     98     72
04:30   71.3   71.3   71.3   72.0   71.4     98     72
04:31   71.3   71.4   71.3   72.1   71.4     98     72
04:32   71.4   71.4   71.4   72.1   71.4     98     72
04:33   71.3   71.4   71.3   72.1   71.4     98     72
04:34   71.3   71.4   71.3   72.1   71.4     98     72
04:35   71.4   71.4   71.4   72.2   71.4     98     72
04:36   71.4   71.4   71.4   72.1   71.4     98     72
04:37   71.3   71.4   71.3   72.1   71.4     98     72
04:38   71.3   71.4   71.3   72.1   71.4     98     72
04:39   71.3   71.3   71.3   72.0   71.4     99     72
04:40   71.3   71.3   71.3   72.0   71.4     99     72
04:41   71.3   71.3   71.3   72.0   71.3     99     72
04:42   71.3   71.3   71.3   72.0   71.3     99     72
04:43   71.2   71.3   71.2   72.0   71.3     99     72
04:44   71.1   71.2   71.1   72.0   71.3     99     72
04:45   71.1   71.2   71.1   72.0   71.3     99     72
04:46   71.1   71.2   71.1   72.0   71.3     99     72
04:47   71.1   71.2   71.1   72.0   71.3     99     72
04:48   71.2   71.3   71.2   72.0   71.3     99     72
04:49   71.3   71.3   71.3   72.0   71.4     99     72
04:50   71.2   71.3   71.2   72.0   71.4     99     72
04:51   71.2   71.3   71.2   72.0   71.4     99     72
04:52   71.1   71.2   71.1   72.0   71.3     99     72
04:53   71.1   71.2   71.1   72.0   71.3     99     72
04:54   71.1   71.1   71.1   71.9   71.1     99     72
04:55   71.0   71.1   71.0   71.9   71.1     99     72
Session: 1                                                       Page 26
Sensor: 1
Degrees Fahrenheit

TIME   WBGTi  WBGTo   WET    DRY   GLOBE  RH(%)   H.I.      
-----  -----  -----  -----  -----  -----  -----  -----
04:56   71.0   71.0   71.0   71.7   71.0     99     72
04:57   71.0   71.0   71.0   71.7   71.0     99     72
04:58   71.0   71.1   71.1   71.7   71.0     99     72
04:59   71.1   71.1   71.1   71.7   71.1     99     72
05:00   71.1   71.1   71.1   71.7   71.1     99     72
05:01   71.1   71.1   71.1   71.7   71.1     99     72
05:02   71.1   71.1   71.1   71.7   71.1     99     72
05:03   71.0   71.0   71.0   71.7   71.1     99     72
05:04   71.0   71.0   71.0   71.7   71.1     99     72
05:05   71.0   71.0   71.0   71.7   71.1     99     72
05:06   71.0   71.0   71.0   71.7   71.1     99     72
05:07   70.9   71.0   70.9   71.7   71.1     99     72
05:08   71.0   71.0   71.0   71.7   71.1     99     72
05:09   71.0   71.0   71.0   71.7   71.1     99     72
05:10   71.0   71.0   71.0   71.7   71.1     99     72
05:11   70.9   71.0   70.9   71.7   71.1     99     72
05:12   70.9   70.9   70.9   71.6   71.0     99     72
05:13   70.8   70.9   70.8   71.6   70.9     99     72
05:14   70.8   70.9   70.8   71.6   71.0     99     72
05:15   70.9   70.9   70.9   71.6   71.0     99     72
05:16   71.0   71.0   71.0   71.6   71.0     99     72
05:17   71.0   71.0   71.0   71.6   71.0     99     72
05:18   71.0   71.0   71.0   71.6   71.0     99     72
05:19   70.9   71.0   71.0   71.5   70.9     99     72
05:20   71.0   71.0   71.0   71.5   71.0     99     72
05:21   71.0   71.0   71.0   71.5   71.0     99     72
05:22   70.9   70.9   70.9   71.6   71.0     99     72
05:23   71.1   71.1   71.1   71.7   71.1    100     72
05:24   71.1   71.1   71.1   71.6   71.1    100     72
05:25   71.0   71.0   71.0   71.7   71.1    100     72
05:26   71.0   71.0   71.0   71.7   71.1    100     72
05:27   71.0   71.0   71.0   71.7   71.1    100     72
05:28   70.9   70.9   70.9   71.6   71.0    100     72
05:29   70.9   70.9   70.9   71.6   71.0     99     72
05:30   71.0   71.0   71.0   71.6   71.0     99     72
05:31   71.0   71.0   71.0   71.6   71.0     99     72
05:32   71.0   71.0   71.0   71.5   71.0     99     72
05:33   71.0   71.0   71.0   71.5   71.0     99     72
05:34   71.0   71.0   71.0   71.5   71.0     99     72
05:35   70.8   70.9   70.8   71.4   71.0     99     71
05:36   70.9   70.9   70.9   71.4   70.9     99     71
05:37   70.8   70.9   70.9   71.4   70.8     99     71
05:38   71.0   71.0   71.0   71.4   71.0     99     71
05:39   71.0   71.0   71.0   71.5   71.0    100     72
05:40   71.0   71.0   71.0   71.6   71.1    100     72
05:41   71.0   71.0   71.0   71.5   71.1    100     72
05:42   71.0   71.0   71.0   71.5   71.1    100     72
05:43   71.0   71.0   71.0   71.4   71.0    100     72
05:44   71.0   71.0   71.0   71.4   71.0     99     71
05:45   70.8   70.8   70.8   71.4   70.9     99     71
Session: 1                                                       Page 27
Sensor: 1
Degrees Fahrenheit

TIME   WBGTi  WBGTo   WET    DRY   GLOBE  RH(%)   H.I.      
-----  -----  -----  -----  -----  -----  -----  -----
05:46   70.9   70.9   70.9   71.4   70.9     99     71
05:47   70.9   71.0   71.0   71.4   70.8     99     71
05:48   70.9   71.0   71.0   71.4   70.9     99     71
05:49   70.8   70.8   70.8   71.4   70.9     99     71
05:50   70.8   70.9   70.8   71.4   71.0    100     72
05:51   70.9   70.9   70.9   71.4   70.9    100     72
05:52   70.8   70.8   70.8   71.4   70.8    100     72
05:53   70.8   70.9   70.9   71.4   70.8    100     72
05:54   70.9   71.0   71.0   71.4   70.9    100     72
05:55   70.8   70.8   70.8   71.4   70.9    100     72
05:56   70.8   70.8   70.8   71.4   70.9    100     72
05:57   70.8   70.8   70.8   71.4   70.8    100     72
05:58   70.8   70.8   70.8   71.3   70.8    100     72
05:59   70.8   70.8   70.8   71.4   70.8    100     72
06:00   70.8   70.9   70.9   71.4   70.8    100     72
06:01   71.0   71.1   71.1   71.6   71.0    100     72
06:02   71.0   71.1   71.1   71.5   71.0    100     72
06:03   71.0   71.0   71.0   71.5   71.0    100     72
06:04   70.8   70.8   70.8   71.4   70.9    100     72
06:05   70.8   70.8   70.8   71.4   70.8    100     72
06:06   70.8   70.8   70.8   71.4   70.8    100     72
06:07   70.8   70.8   70.8   71.4   70.8    100     72
06:08   70.8   70.8   70.8   71.4   70.8    100     72
06:09   70.7   70.7   70.7   71.4   70.8    100     72
06:10   70.7   70.7   70.7   71.4   70.8    100     72
06:11   70.7   70.7   70.7   71.4   70.8    100     72
06:12   70.6   70.7   70.6   71.4   70.8    100     72
06:13   70.7   70.7   70.7   71.4   70.8    100     72
06:14   70.6   70.7   70.6   71.4   70.8    100     72
06:15   70.7   70.8   70.7   71.4   70.9    100     72
06:16   70.6   70.6   70.5   71.5   70.9    100     72
06:17   70.6   70.7   70.6   71.4   70.8    100     72
06:18   70.7   70.7   70.7   71.4   70.8    100     72
06:19   70.6   70.7   70.6   71.4   70.8    100     72
06:20   70.5   70.6   70.5   71.4   70.8    100     72
06:21   70.5   70.6   70.5   71.4   70.7    100     72
06:22   70.6   70.6   70.6   71.3   70.7    100     72
06:23   70.5   70.6   70.5   71.3   70.7    100     72
06:24   70.5   70.5   70.5   71.1   70.5    100     72
06:25   70.6   70.7   70.7   71.1   70.5    100     72
06:26   70.6   70.7   70.7   71.1   70.6    100     72
06:27   70.6   70.7   70.7   71.1   70.6    100     72
06:28   70.7   70.8   70.8   71.2   70.7    100     72
06:29   70.7   70.8   70.8   71.3   70.7    100     72
06:30   70.8   70.8   70.8   71.3   70.8    100     72
06:31   70.8   70.8   70.8   71.3   70.8    100     72
06:32   70.8   70.8   70.8   71.2   70.8    100     72
06:33   70.7   70.8   70.8   71.2   70.7    100     72
06:34   70.8   70.8   70.8   71.3   70.8    100     72
06:35   70.8   70.8   70.8   71.3   70.8    100     72
Session: 1                                                       Page 28
Sensor: 1
Degrees Fahrenheit

TIME   WBGTi  WBGTo   WET    DRY   GLOBE  RH(%)   H.I.      
-----  -----  -----  -----  -----  -----  -----  -----
06:36   70.8   70.8   70.8   71.3   70.8    100     72
06:37   70.7   70.7   70.7   71.3   70.8    100     72
06:38   70.7   70.7   70.7   71.3   70.8    100     72
06:39   70.7   70.7   70.7   71.3   70.8    100     72
06:40   70.8   70.8   70.8   71.3   70.8    100     72
06:41   70.8   70.8   70.8   71.3   70.8    100     72
06:42   70.8   70.8   70.8   71.3   70.8    100     72
06:43   70.8   70.8   70.8   71.3   70.8    100     72
06:44   70.8   70.8   70.8   71.2   70.8    100     72
06:45   70.7   70.7   70.7   71.1   70.7    100     72
06:46   70.6   70.6   70.6   71.1   70.6    100     72
06:47   70.6   70.6   70.7   71.0   70.5    100     72
06:48   70.6   70.6   70.7   71.0   70.5    100     72
06:49   70.5   70.6   70.6   71.0   70.5    100     72
06:50   70.6   70.6   70.7   71.0   70.5    100     72
06:51   70.6   70.7   70.7   71.0   70.6    100     72
06:52   70.6   70.6   70.6   71.0   70.6    100     72
06:53   70.7   70.7   70.7   71.0   70.7    100     72
06:54   70.7   70.7   70.7   71.1   70.7    100     72
06:55   70.5   70.6   70.5   71.1   70.7    100     72
06:56   70.5   70.5   70.5   71.0   70.5    100     72
06:57   70.5   70.5   70.5   71.0   70.5    100     72
06:58   70.5   70.6   70.6   71.0   70.5    100     72
06:59   70.6   70.6   70.7   71.0   70.5    100     72
07:00   70.6   70.7   70.7   71.0   70.6    100     72
07:01   70.6   70.6   70.6   71.0   70.6    100     72
07:02   70.5   70.5   70.5   71.0   70.5    100     72
07:03   70.5   70.5   70.5   71.0   70.5    100     72
07:04   70.5   70.5   70.5   71.0   70.5    100     72
07:05   70.5   70.5   70.5   70.9   70.5    100     72
07:06   70.5   70.5   70.5   70.9   70.5    100     72
07:07   70.4   70.4   70.4   71.0   70.5    100     72
07:08   70.4   70.4   70.4   71.1   70.5    100     72
07:09   70.4   70.5   70.4   71.1   70.6    100     72
07:10   70.4   70.5   70.4   71.1   70.7    100     72
07:11   70.4   70.5   70.4   71.1   70.7    100     72
07:12   70.4   70.5   70.4   71.1   70.7    100     72
07:13   70.4   70.5   70.4   71.1   70.7    100     72
07:14   70.4   70.5   70.4   71.1   70.6    100     72
07:15   70.4   70.4   70.4   71.0   70.5    100     72
07:16   70.5   70.5   70.5   71.0   70.5    100     72
07:17   70.5   70.5   70.5   71.0   70.5    100     72
07:18   70.5   70.6   70.6   71.0   70.5    100     72
07:19   70.6   70.6   70.6   71.0   70.6    100     72
07:20   70.5   70.5   70.5   71.0   70.6    100     72
07:21   70.5   70.5   70.5   70.9   70.5    100     72
07:22   70.5   70.5   70.5   71.0   70.5    100     72
07:23   70.5   70.5   70.5   71.0   70.5    100     72
07:24   70.5   70.5   70.5   71.0   70.5    100     72
07:25   70.5   70.5   70.5   70.9   70.5    100     72
Session: 1                                                       Page 29
Sensor: 1
Degrees Fahrenheit

TIME   WBGTi  WBGTo   WET    DRY   GLOBE  RH(%)   H.I.      
-----  -----  -----  -----  -----  -----  -----  -----
07:26   70.5   70.5   70.5   70.8   70.5    100     72
07:27   70.5   70.5   70.5   70.8   70.5    100     72
07:28   70.4   70.4   70.4   70.8   70.5    100     72
07:29   70.5   70.5   70.5   71.0   70.5    100     72
07:30   70.5   70.5   70.5   71.0   70.6    100     72
07:31   70.5   70.5   70.5   71.0   70.7    100     72
07:32   70.4   70.4   70.4   70.9   70.6    100     72
07:33   70.4   70.4   70.4   70.9   70.6    100     72
07:34   70.5   70.5   70.5   71.0   70.6    100     72
07:35   70.6   70.6   70.6   71.1   70.7    100     72
07:36   70.7   70.7   70.7   71.1   70.8    100     72
07:37   70.7   70.7   70.7   71.1   70.8    100     72
07:38   70.7   70.7   70.7   71.1   70.8    100     72
07:39   70.7   70.7   70.7   71.1   70.8    100     72
07:40   70.8   70.8   70.8   71.2   70.9    100     72
07:41   70.8   70.8   70.8   71.2   70.9    100     72
07:42   70.8   70.8   70.8   71.1   71.0    100     72
07:43   70.7   70.7   70.7   71.1   70.9    100     72
07:44   70.7   70.7   70.7   71.2   70.9    100     72
07:45   70.6   70.6   70.5   71.2   71.0    100     72
07:46   70.7   70.8   70.7   71.1   71.0    100     72
07:47   70.7   70.8   70.7   71.1   71.0    100     72
07:48   70.7   70.8   70.7   71.1   71.0    100     72
07:49   70.7   70.7   70.6   71.1   71.1    100     72
07:50   70.8   70.8   70.7   71.1   71.1    100     72
07:51   70.8   70.8   70.7   71.2   71.1    100     72
07:52   70.8   70.9   70.8   71.2   71.1    100     72
07:53   70.8   70.9   70.8   71.2   71.1    100     72
07:54   71.0   71.0   71.0   71.3   71.3    100     72
07:55   71.0   71.1   71.0   71.4   71.3    100     72
07:56   71.1   71.1   71.0   71.4   71.4    100     72
07:57   71.1   71.1   71.0   71.4   71.4    100     72
07:58   71.1   71.1   71.0   71.4   71.4    100     72
07:59   71.1   71.2   71.1   71.6   71.4    100     72
08:00   71.1   71.2   71.1   71.6   71.4    100     72
08:01   71.1   71.2   71.1   71.6   71.4    100     72
08:02   71.1   71.2   71.1   71.7   71.4    100     72
08:03   71.1   71.2   71.1   71.7   71.4    100     72
08:04   71.2   71.2   71.1   71.7   71.5    100     72
08:05   71.2   71.2   71.1   71.7   71.6    100     72
08:06   71.2   71.2   71.1   71.7   71.6    100     72
08:07   71.3   71.3   71.2   71.8   71.6    100     72
08:08   71.4   71.4   71.3   71.9   71.7    100     72
08:09   71.4   71.4   71.3   71.9   71.7    100     72
08:10   71.4   71.4   71.3   72.0   71.7    100     72
08:11   71.4   71.4   71.3   72.0   71.7    100     72
08:12   71.5   71.5   71.4   72.0   71.9    100     72
08:13   71.7   71.7   71.6   72.1   72.0    100     72
08:14   71.7   71.7   71.6   72.2   72.1    100     72
08:15   71.7   71.7   71.6   72.3   72.1    100     72
Session: 1                                                       Page 30
Sensor: 1
Degrees Fahrenheit

TIME   WBGTi  WBGTo   WET    DRY   GLOBE  RH(%)   H.I.      
-----  -----  -----  -----  -----  -----  -----  -----
08:16   71.8   71.8   71.6   72.3   72.3    100     72
08:17   71.9   71.9   71.7   72.3   72.5    100     72
08:18   72.0   72.0   71.8   72.4   72.7    100     72
08:19   72.2   72.1   71.9   72.5   73.0    100     79
08:20   72.2   72.2   71.9   72.6   73.2    100     79
08:21   72.2   72.1   71.8   72.6   73.2    100     79
08:22   72.0   72.0   71.7   72.6   73.0    100     79
08:23   72.0   72.0   71.7   72.6   72.8    100     79
08:24   72.1   72.0   71.8   72.7   72.8    100     79
08:25   72.0   72.0   71.7   72.7   72.7    100     79
08:26   72.0   72.0   71.8   72.7   72.7    100     79
08:27   72.1   72.1   71.9   72.7   72.6    100     79
08:28   72.2   72.2   72.0   72.9   72.7    100     79
08:29   72.2   72.2   72.0   72.9   72.7    100     79
08:30   72.3   72.3   72.1   72.9   72.9    100     79
08:31   72.3   72.3   72.1   73.0   72.9    100     79
08:32   72.3   72.3   72.1   73.0   73.0    100     79
08:33   72.4   72.4   72.2   73.0   73.1    100     79
08:34   72.5   72.5   72.3   73.1   73.2    100     79
08:35   72.7   72.6   72.4   73.2   73.4    100     79
08:36   72.9   72.8   72.6   73.2   73.6    100     79
08:37   72.9   72.8   72.6   73.3   73.7    100     79
08:38   72.9   72.9   72.6   73.5   73.8    100     79
08:39   73.0   73.0   72.7   73.5   73.9    100     79
08:40   73.0   73.0   72.7   73.6   74.0    100     80
08:41   73.2   73.1   72.8   73.6   74.2    100     80
08:42   73.3   73.2   72.9   73.8   74.3    100     80
08:43   73.4   73.4   73.0   73.8   74.6    100     80
08:44   73.4   73.4   73.0   73.9   74.6    100     80
08:45   73.5   73.5   73.2   74.1   74.5    100     80
08:46   73.5   73.5   73.2   74.3   74.5    100     80
08:47   73.6   73.6   73.3   74.5   74.5    100     82
08:48   73.6   73.7   73.3   74.7   74.6    100     82
08:49   73.8   73.8   73.5   74.9   74.7    100     82
08:50   73.9   73.9   73.5   75.1   74.9    100     82
08:51   74.0   74.0   73.6   75.1   75.1    100     82
08:52   74.0   74.0   73.6   75.2   75.1    100     82
08:53   74.0   74.0   73.6   75.2   75.2     99     81
08:54   74.0   74.0   73.6   75.3   75.2     99     81
08:55   74.0   74.0   73.6   75.3   75.2     99     81
08:56   74.0   74.0   73.6   75.3   75.2     99     81
08:57   74.1   74.1   73.7   75.3   75.2     99     81
08:58   74.3   74.3   73.8   75.4   75.6     99     81
08:59   74.5   74.4   73.9   75.5   76.0     99     81
09:00   74.6   74.5   73.9   75.7   76.3     99     83
09:01   74.7   74.6   74.0   75.8   76.5     99     83
09:02   74.8   74.8   74.1   76.0   76.7     99     83
09:03   74.9   74.8   74.1   76.3   76.8     97     83
09:04   74.9   74.9   74.1   76.4   77.0     98     83
09:05   75.1   75.0   74.2   76.5   77.3     98     83
Session: 1                                                       Page 31
Sensor: 1
Degrees Fahrenheit

TIME   WBGTi  WBGTo   WET    DRY   GLOBE  RH(%)   H.I.      
-----  -----  -----  -----  -----  -----  -----  -----
09:06   75.2   75.1   74.3   76.6   77.4     98     85
09:07   75.2   75.1   74.3   76.6   77.6     97     85
09:08   75.4   75.3   74.4   76.6   78.0     97     85
09:09   75.5   75.4   74.4   76.7   78.3     97     85
09:10   75.7   75.5   74.5   76.7   78.6     98     85
09:11   75.9   75.6   74.6   76.7   79.0     98     85
09:12   76.1   75.8   74.7   76.9   79.4     98     85
09:13   76.3   76.0   74.8   77.0   79.9     98     85
09:14   76.3   76.1   74.8   77.2   80.1     98     85
09:15   76.5   76.2   75.0   77.3   80.3     98     85
09:16   76.9   76.6   75.2   77.5   81.1     98     85
09:17   77.3   76.9   75.3   77.7   82.2     98     85
09:18   77.3   76.9   75.2   77.8   82.5     97     85
09:19   77.3   76.9   75.2   77.9   82.4     97     85
09:20   77.4   77.0   75.4   78.1   82.3     97     85
09:21   77.8   77.4   75.7   78.2   83.0     97     85
09:22   78.2   77.6   75.7   78.3   84.1     96     84
09:23   79.1   78.4   76.3   78.6   85.8     96     86
09:24   80.1   79.1   76.6   78.9   88.4     97     87
09:25   80.6   79.5   76.6   79.1   90.1     96     86
09:26   80.4   79.4   76.4   79.4   90.0     92     86
09:27   80.2   79.2   76.3   79.5   89.3     89     87
09:28   79.9   79.0   76.1   79.7   88.8     88     87
09:29   79.9   79.0   76.1   79.7   89.0     89     87
09:30   80.1   79.1   76.1   79.8   89.6     87     87
09:31   80.0   79.1   76.0   79.9   89.6     85     86
09:32   79.6   78.7   75.7   80.0   89.0     85     86
09:33   79.3   78.5   75.7   80.1   87.9     85     86
09:34   79.1   78.4   75.7   80.1   87.1     84     86
09:35   79.0   78.4   75.9   80.2   86.5     84     86
09:36   79.0   78.4   76.0   80.3   86.3     80     85
09:37   79.0   78.4   76.1   80.3   85.9     81     86
09:38   78.8   78.3   76.0   80.3   85.6     80     85
09:39   78.8   78.3   76.1   80.4   85.4     80     85
09:40   79.0   78.5   76.3   80.4   85.4     80     85
09:41   79.1   78.6   76.4   80.4   85.4     81     86
09:42   78.9   78.4   76.3   80.4   85.2     79     85
09:43   78.9   78.4   76.3   80.4   85.1     80     85
09:44   78.8   78.3   76.2   80.5   84.9     79     87
09:45   78.9   78.5   76.3   80.6   85.2     78     87
09:46   79.0   78.5   76.3   80.7   85.4     80     87
09:47   79.2   78.7   76.4   80.7   85.8     78     87
09:48   79.5   79.0   76.6   80.9   86.5     78     87
09:49   80.2   79.5   77.1   81.1   87.5     77     87
09:50   81.6   80.8   78.0   81.5   90.3     75     88
09:51   83.3   82.0   78.5   81.9   94.6     73     88
09:52   84.6   83.0   78.8   82.4   98.3     73     88
09:53   86.1   84.2   79.4   82.9  102.0     67     88
09:54   86.7   84.6   79.2   83.3  104.4     63     87
09:55   86.6   84.4   78.7   83.4  105.1     64     87
Session: 1                                                       Page 32
Sensor: 1
Degrees Fahrenheit

TIME   WBGTi  WBGTo   WET    DRY   GLOBE  RH(%)   H.I.      
-----  -----  -----  -----  -----  -----  -----  -----
09:56   85.7   83.7   78.2   83.5  103.2     62     89
09:57   84.6   82.9   77.9   83.5  100.5     63     89
09:58   84.3   82.8   78.2   83.7   98.7     63     89
09:59   84.0   82.6   78.3   83.8   97.5     60     88
10:00   83.5   82.3   78.0   84.0   96.5     60     88
10:01   83.2   82.1   78.0   84.0   95.6     61     88
10:02   83.4   82.3   78.4   84.1   95.2     62     89
10:03   84.1   82.9   78.8   84.4   96.5     64     89
10:04   84.9   83.5   79.1   84.4   98.7     61     88
10:05   85.2   83.7   78.8   84.7  100.4     60     90
10:06   85.3   83.7   78.6   84.8  101.1     61     90
10:07   85.1   83.5   78.3   84.8  101.1     58     89
10:08   85.0   83.4   78.1   84.8  101.4     56     89
10:09   84.5   82.9   77.6   84.9  100.9     55     88
10:10   84.5   83.0   78.0   85.1   99.9     54     88
10:11   84.7   83.2   78.3   85.4   99.7     55     88
10:12   84.7   83.2   78.1   85.5  100.3     53     88
10:13   84.8   83.3   78.2   85.6  100.3     51     89
10:14   84.8   83.4   78.4   86.0  100.0     52     89
10:15   84.9   83.5   78.5   86.2   99.9     52     89
10:16   84.9   83.7   78.9   86.3   99.2     52     89
10:17   85.1   83.8   79.1   86.5   99.3     52     89
10:18   85.8   84.4   79.4   86.9  100.9     52     91
10:19   86.7   85.1   79.8   87.2  102.8     50     90
10:20   87.0   85.4   80.0   87.3  103.4     51     91
10:21   86.5   84.9   79.5   87.2  102.9     51     91
10:22   86.3   84.8   79.4   87.4  102.5     51     91
10:23   86.6   85.1   79.8   87.5  102.7     51     92
10:24   87.5   85.8   80.3   87.9  104.4     51     92
10:25   88.9   86.9   80.9   88.1  107.7     50     92
10:26   90.1   87.9   81.4   88.6  110.6     51     94
10:27   90.5   88.1   81.0   88.8  112.9     47     93
10:28   90.6   88.1   80.6   89.0  114.1     46     92
10:29   91.4   88.8   81.1   89.4  115.5     45     92
10:30   91.9   89.2   81.4   89.5  116.6     45     94
10:31   92.5   89.7   81.8   89.9  117.5     42     93
10:32   92.7   89.9   81.9   89.9  118.2     41     92
10:33   92.9   90.1   82.0   90.3  118.4     38     91
10:34   93.0   90.1   81.9   90.6  118.9     38     93
10:35   93.4   90.5   82.1   91.1  119.8     38     93
10:36   93.5   90.6   82.1   91.2  120.3     37     92
10:37   92.4   89.5   80.7   90.7  119.7     35     92
10:38   92.0   89.1   80.4   90.6  119.1     33     91
10:39   91.7   88.9   80.3   90.5  118.5     35     90
10:40   92.2   89.5   81.1   90.9  118.4     36     92
10:41   92.9   90.2   81.8   91.3  119.1     32     91
10:42   93.2   90.4   81.7   91.5  120.3     33     91
10:43   92.2   89.3   80.4   91.3  119.9     31     90
10:44   92.0   89.2   80.3   91.3  119.4     32     91
10:45   92.3   89.5   80.7   91.5  119.6     31     90
Session: 1                                                       Page 33
Sensor: 1
Degrees Fahrenheit

TIME   WBGTi  WBGTo   WET    DRY   GLOBE  RH(%)   H.I.      
-----  -----  -----  -----  -----  -----  -----  -----
10:46   93.2   90.3   81.6   91.7  120.3     33     92
10:47   93.9   91.0   82.3   92.2  121.0     32     92
10:48   93.6   90.7   81.7   92.5  121.4     31     93
10:49   93.7   90.8   81.9   92.8  121.3     30     93
10:50   93.8   91.0   82.3   93.2  120.8     30     93
10:51   93.9   91.2   82.5   93.6  120.6     30     94
10:52   94.3   91.6   82.7   94.1  121.6     29      0
10:53   94.1   91.3   82.0   94.0  122.6     29      0
10:54   94.6   91.8   82.6   94.1  122.9     28      0
10:55   94.0   91.1   81.7   93.9  122.8     27      0
10:56   93.6   90.7   81.3   93.7  122.4     27      0
10:57   94.6   91.7   82.6   94.1  122.7     30     94
10:58   95.1   92.2   82.9   94.3  123.7     27      0
10:59   94.5   91.5   81.9   94.1  124.2     27      0
11:00   95.2   92.3   82.9   94.7  124.1     29      0
11:01   95.9   93.0   83.8   95.0  124.3     27      0
11:02   95.4   92.5   83.1   95.2  124.2     26      0
11:03   95.6   92.7   83.3   95.6  124.3     27      0
11:04   95.5   92.6   83.1   95.2  124.7     26      0
11:05   94.7   91.8   82.3   95.0  123.9     26      0
11:06   95.4   92.5   83.1   95.5  124.2     26      0
11:07   94.7   91.7   82.2   94.4  124.0     27      0
11:08   94.2   91.4   82.0   94.5  122.9     26      0
11:09   94.9   92.1   82.9   94.6  123.1     27      0
11:10   95.0   92.2   83.1   94.9  122.8     26      0
11:11   95.3   92.5   83.5   95.3  123.0     29      0
11:12   96.6   93.8   84.8   96.1  124.3     28      0
11:13   95.4   92.3   82.5   95.0  125.6     25      0
11:14   94.5   91.5   81.6   94.4  124.9     25      0
11:15   94.2   91.1   81.3   93.9  124.4     24      0
11:16   93.7   90.7   80.9   93.7  123.7     24      0
11:17   94.0   91.0   81.3   93.9  123.7     24      0
11:18   93.9   90.8   81.0   93.7  124.1     24      0
11:19   93.8   90.8   81.1   93.8  123.7     24      0
11:20   93.9   90.9   81.2   93.9  123.8     27      0
11:21   94.3   91.3   81.8   94.0  123.5     26      0
11:22   94.7   91.7   82.1   94.5  124.1     24      0
11:23   95.6   92.6   82.9   95.4  125.3     26      0
11:24   96.3   93.2   83.3   95.6  126.8     25      0
11:25   94.9   91.8   81.6   94.7  126.1     25      0
11:26   94.4   91.4   81.5   94.6  124.8     26      0
11:27   94.4   91.5   81.9   94.3  123.7     26      0
11:28   94.0   91.1   81.7   94.2  122.9     27      0
11:29   94.2   91.3   81.8   94.4  123.2     24      0
11:30   94.1   91.1   81.3   94.3  124.0     25      0
11:31   93.9   91.0   81.1   94.3  124.0     24      0
11:32   93.6   90.6   80.7   93.9  123.9     24      0
11:33   93.5   90.5   80.7   93.8  123.4     24      0
11:34   94.5   91.5   82.0   94.4  123.7     27      0
11:35   94.9   91.8   82.0   94.6  125.1     24      0
Session: 1                                                       Page 34
Sensor: 1
Degrees Fahrenheit

TIME   WBGTi  WBGTo   WET    DRY   GLOBE  RH(%)   H.I.      
-----  -----  -----  -----  -----  -----  -----  -----
11:36   94.2   91.1   80.9   94.3  125.5     24      0
11:37   93.9   90.8   80.6   94.0  125.1     23      0
11:38   94.1   91.0   80.8   94.1  125.3     24      0
11:39   95.0   91.8   81.8   94.5  125.9     24      0
11:40   94.9   91.8   81.9   94.7  125.4     27      0
11:41   95.7   92.6   82.9   94.9  125.8     29      0
11:42   96.1   93.1   83.5   95.5  125.8     26      0
11:43   95.3   92.2   82.1   95.2  126.2     25      0
11:44   95.1   92.0   81.9   95.0  126.2     25      0
11:45   95.1   92.0   81.9   95.0  126.0     25      0
11:46   94.7   91.6   81.4   94.6  125.8     24      0
11:47   95.2   92.1   82.0   95.0  126.2     24      0
11:48   95.4   92.3   82.2   95.3  126.5     25      0
11:49   96.4   93.3   83.4   95.8  126.9     23      0
11:50   96.7   93.6   83.6   96.1  127.5     29      0
11:51   96.5   93.3   82.9   96.1  128.5     24      0
11:52   96.0   92.7   82.0   96.1  128.8     23      0
11:53   96.8   93.6   83.1   96.7  129.0     25      0
11:54   97.8   94.6   84.2   97.2  129.7     26      0
11:55   97.8   94.5   83.8   97.4  130.6     23      0
11:56   96.8   93.4   82.4   96.6  130.6     22      0
11:57   95.8   92.6   81.8   96.0  128.7     22      0
11:58   95.1   92.0   81.5   95.7  126.9     22      0
11:59   94.4   91.4   81.1   95.1  125.7     22      0
12:00   94.2   91.2   81.1   95.0  125.0     23      0
12:01   94.3   91.3   81.3   94.9  124.9     22      0
12:02   95.0   92.1   82.3   95.5  124.8     22      0
12:03   94.6   91.6   81.7   95.0  124.7     22      0
12:04   94.6   91.7   81.7   95.3  124.9     24      0
12:05   95.0   92.0   82.0   95.5  125.6     23      0
12:06   95.5   92.5   82.5   95.7  125.9     23      0
12:07   95.9   92.7   82.7   95.5  126.7     23      0
12:08   95.4   92.3   82.3   95.5  126.1     24      0
12:09   96.1   93.1   83.2   96.1  126.3     25      0
12:10   96.8   93.6   83.4   96.1  128.3     24      0
12:11   97.7   94.5   84.4   96.8  128.8     26      0
12:12   97.6   94.3   83.9   96.8  129.7     26      0
12:13   97.3   93.9   83.4   96.4  129.8     26      0
12:14   96.9   93.6   83.0   96.6  129.6     25      0
12:15   96.7   93.4   82.5   96.6  130.1     23      0
12:16   96.6   93.3   82.3   96.5  130.2     23      0
12:17   97.5   94.2   83.7   97.4  129.7     25      0
12:18   97.6   94.3   83.7   97.5  130.2     22      0
12:19   98.0   94.8   84.3   98.0  130.0     24      0
12:20   97.5   94.3   83.6   97.7  130.2     23      0
12:21   97.4   94.2   83.8   97.7  129.3     22      0
12:22   97.5   94.3   84.0   97.7  129.1     22      0
12:23   97.1   94.0   83.5   97.5  129.0     22      0
12:24   97.0   93.7   83.0   97.2  129.7     22      0
12:25   96.9   93.6   82.8   97.1  129.8     23      0
Session: 1                                                       Page 35
Sensor: 1
Degrees Fahrenheit

TIME   WBGTi  WBGTo   WET    DRY   GLOBE  RH(%)   H.I.      
-----  -----  -----  -----  -----  -----  -----  -----
12:26   96.8   93.5   82.8   96.5  129.5     24      0
12:27   95.8   92.6   82.2   96.0  127.6     24      0
12:28   95.1   92.0   81.7   95.8  126.5     24      0
12:29   96.0   92.9   82.6   96.0  127.4     25      0
12:30   96.2   93.0   82.6   96.1  128.0     24      0
12:31   96.4   93.4   83.2   96.6  127.5     25      0
12:32   96.2   93.0   82.6   96.4  128.1     25      0
12:33   95.5   92.7   83.1   96.5  124.6     28      0
12:34   94.0   91.6   83.0   96.0  119.8     26      0
12:35   91.8   90.0   82.2   95.9  114.5     26      0
12:36   91.1   89.5   82.5   95.8  111.3     28      0
12:37   91.7   90.3   83.7   96.1  110.5     31     98
12:38   93.3   91.4   83.9   96.3  115.4     27      0
12:39   92.4   90.3   82.0   96.1  116.7     27      0
12:40   91.1   89.2   81.3   95.6  114.1     29      0
12:41   89.9   88.2   80.7   95.2  111.4     27      0
12:42   88.6   87.1   79.9   94.5  108.9     27      0
12:43   87.7   86.5   79.7   94.2  106.5     27      0
12:44   87.6   86.5   80.1   94.1  105.4     28      0
12:45   87.0   85.9   79.6   93.6  104.4     28      0
12:46   87.1   86.1   80.1   93.8  103.6     29      0
12:47   87.4   86.4   80.5   93.4  103.7     33     94
12:48   87.8   86.8   81.1   93.4  103.6     31     93
12:49   87.5   86.4   80.6   93.3  103.7     32     93
12:50   87.6   86.6   80.7   93.1  104.0     33     94
12:51   88.3   87.1   81.4   93.1  104.4     34     94
12:52   88.5   87.3   81.5   92.8  105.1     36     95
12:53   88.8   87.5   81.7   92.8  105.5     36     95
12:54   89.1   87.8   81.9   93.1  106.0     36     95
12:55   90.3   88.8   82.4   93.6  108.8     34     96
12:56   91.0   89.3   82.3   93.9  111.6     38     98
12:57   91.4   89.5   82.4   93.7  112.6     39     98
12:58   91.3   89.5   82.7   93.9  111.5     33     95
12:59   93.0   90.9   83.4   94.7  115.4     35     98
13:00   94.7   92.1   83.2   95.3  121.8     32     97
13:01   94.0   91.1   81.4   94.9  123.5     29      0
13:02   94.1   91.4   81.9   95.4  122.7     29      0
13:03   96.1   93.0   83.0   96.4  126.7     29      0
13:04   97.6   94.3   83.5   97.3  130.8     33    100
13:05   99.1   95.6   84.4   97.9  133.7     27      0
13:06   99.4   95.6   83.9   98.0  135.8     27      0
13:07   98.6   94.9   83.0   97.5  135.3     26      0
13:08   99.2   95.5   83.8   98.2  135.4     26      0
13:09   98.9   95.2   83.4   98.6  135.1     24      0
13:10   99.8   96.1   84.5   99.4  135.5     25      0
13:11  100.1   96.4   84.7   99.8  136.1     26      0
13:12   99.9   96.3   84.6   99.5  135.7     24      0
13:13   98.9   95.4   83.9   99.5  133.9     23      0
13:14   96.0   93.0   82.2   98.3  128.4     23      0
13:15   94.2   91.7   81.9   97.9  122.9     23      0
Session: 1                                                       Page 36
Sensor: 1
Degrees Fahrenheit

TIME   WBGTi  WBGTo   WET    DRY   GLOBE  RH(%)   H.I.      
-----  -----  -----  -----  -----  -----  -----  -----
13:16   92.9   90.8   82.0   97.4  118.4     23      0
13:17   91.2   89.5   81.5   96.8  114.0     25      0
13:18   90.2   88.6   81.2   96.1  111.2     26      0
13:19   88.9   87.5   80.5   95.1  108.5     29      0
13:20   88.6   87.4   81.0   94.9  106.4     28      0
13:21   90.2   88.8   81.9   95.5  109.7     27      0
13:22   91.1   89.4   82.0   95.5  112.5     27      0
13:23   90.1   88.6   81.3   95.3  110.9     28      0
13:24   89.3   87.9   81.0   95.2  108.7     28      0
13:25   88.5   87.3   80.6   95.1  107.2     28      0
13:26   89.3   88.2   81.9   95.3  106.8     29      0
13:27   91.3   89.8   82.9   96.0  111.0     30     97
13:28   93.5   91.3   82.9   96.4  118.4     28      0
13:29   95.1   92.4   82.8   96.6  123.9     26      0
13:30   94.9   91.9   81.5   96.2  126.4     27      0
13:31   93.7   90.9   80.9   95.9  123.8     26      0
13:32   92.0   89.7   80.6   95.7  118.8     27      0
13:33   91.1   89.2   81.0   95.7  114.9     27      0
13:34   92.4   90.4   82.3   96.8  116.0     27      0
13:35   93.0   90.7   81.5   96.6  120.0     27      0
13:36   91.6   89.4   80.6   95.8  117.4     27      0
13:37   89.8   88.0   80.1   95.2  112.5     28      0
13:38   88.5   87.2   80.1   94.8  108.4     29      0
13:39   87.9   86.8   80.4   94.6  105.6     29      0
13:40   87.3   86.4   80.3   94.3  103.9     30     94
13:41   86.9   86.0   80.2   94.0  102.7     30     94
13:42   86.7   85.9   80.2   93.9  101.9     32     95
13:43   86.7   85.9   80.4   93.7  101.5     32     95
13:44   86.3   85.6   80.1   93.6  101.0     32     95
13:45   86.4   85.7   80.4   93.7  100.6     32     95
13:46   86.6   85.9   80.7   93.6  100.5     33     95
13:47   86.1   85.5   80.2   93.4  100.1     34     94
13:48   86.1   85.5   80.3   93.4   99.9     34     94
13:49   86.2   85.6   80.4   93.4  100.0     34     94
13:50   86.0   85.3   80.0   93.4  100.1     34     94
13:51   86.5   85.7   80.4   93.4  100.8     35     95
13:52   87.2   86.4   81.0   93.6  101.8     36     97
13:53   89.9   88.6   82.5   94.2  107.4     36     97
13:54   91.0   89.2   81.9   94.3  112.4     35     96
13:55   90.9   89.2   81.9   94.4  112.2     34     96
13:56   90.3   88.6   81.3   94.4  111.6     32     95
13:57   89.7   88.1   81.1   94.6  109.8     33     97
13:58   89.7   88.3   81.7   94.5  108.4     34     97
13:59   91.4   89.8   82.8   95.4  111.6     34     97
14:00   94.6   92.3   84.2   96.3  119.1     35    100
14:01   96.3   93.5   84.0   96.7  125.2     29      0
14:02   94.7   92.0   82.4   96.5  123.6     30     97
14:03   92.6   90.3   81.5   96.0  118.6     29      0
14:04   90.9   89.1   81.1   95.9  114.0     29      0
14:05   91.0   89.4   82.1   96.1  111.9     30     97
Session: 1                                                       Page 37
Sensor: 1
Degrees Fahrenheit

TIME   WBGTi  WBGTo   WET    DRY   GLOBE  RH(%)   H.I.      
-----  -----  -----  -----  -----  -----  -----  -----
14:06   90.9   89.4   82.3   96.2  111.2     34     99
14:07   92.6   90.7   83.2   95.8  114.8     33     99
14:08   92.2   90.4   82.9   95.4  114.2     32     97
14:09   90.9   89.3   82.2   94.9  111.5     32     97
14:10   91.6   89.9   83.0   95.2  111.7     33     97
14:11   93.4   91.1   83.1   95.2  117.5     32     97
14:12   94.7   92.0   82.7   95.6  122.9     30     97
14:13   96.4   93.3   83.5   96.2  126.5     31     98
14:14   96.9   93.7   83.6   96.5  128.1     31     98
14:15   97.7   94.3   83.9   96.8  129.9     29      0
14:16   98.2   94.8   84.2   97.3  130.9     30     99
14:17   99.5   95.9   84.9   98.1  133.7     28      0
14:18  100.1   96.4   85.0   98.9  135.5     28      0
14:19  100.5   96.7   85.0   98.8  136.7     26      0
14:20  100.3   96.6   84.9   99.4  136.3     27      0
14:21   99.9   96.3   84.7   99.5  135.6     25      0
14:22   99.2   95.8   84.3   99.7  134.2     24      0
14:23   98.0   94.6   82.9   99.1  133.5     23      0
14:24   98.6   95.2   83.8   99.5  133.3     22      0
14:25   99.2   95.8   84.3   99.9  134.2     21      0
14:26   99.3   95.8   84.2   99.8  134.7     21      0
14:27   99.7   96.2   84.5  100.1  135.3     21      0
14:28   99.7   96.2   84.4  100.6  135.7     21      0
14:29   99.6   96.0   84.0  100.2  136.2     21      0
14:30  101.0   97.5   85.9  100.8  136.5     21      0
14:31  100.1   96.7   85.4  100.8  134.6     21      0
14:32   99.4   96.1   85.0  100.5  133.1     20      0
14:33   98.1   95.1   84.1  100.6  130.9     21      0
14:34   97.1   94.4   84.2  100.3  127.4     20      0
14:35   94.6   92.4   83.1   99.5  121.5     21      0
14:36   92.6   90.8   82.3   98.6  116.7     21      0
14:37   90.6   89.1   81.2   97.9  112.8     21      0
14:38   89.7   88.4   81.1   97.2  109.8     22      0
14:39   89.0   88.0   81.2   96.7  107.5     23      0
14:40   88.1   87.1   80.5   96.1  106.0     24      0
14:41   87.6   86.7   80.4   95.8  104.4     26      0
14:42   87.6   86.8   80.9   95.6  103.5     26      0
14:43   87.2   86.5   80.6   95.2  102.8     26      0
14:44   86.8   86.1   80.4   94.9  101.8     27      0
14:45   86.7   86.1   80.6   94.9  101.1     28      0
14:46   86.3   85.7   80.3   94.7  100.4     28      0
14:47   85.9   85.3   80.0   94.4   99.7     29      0
14:48   86.0   85.5   80.4   94.3   99.2     30     94
14:49   85.8   85.4   80.4   94.1   98.7     30     94
14:50   85.8   85.3   80.4   93.9   98.4     31     95
14:51   85.9   85.4   80.6   93.9   98.3     31     95
14:52   85.9   85.5   80.6   93.9   98.5     32     95
14:53   85.6   85.1   80.0   93.8   98.7     31     95
14:54   85.8   85.4   80.4   93.8   98.7     33     95
14:55   86.2   85.6   80.7   93.7   99.1     34     96
Session: 1                                                       Page 38
Sensor: 1
Degrees Fahrenheit

TIME   WBGTi  WBGTo   WET    DRY   GLOBE  RH(%)   H.I.      
-----  -----  -----  -----  -----  -----  -----  -----
14:56   86.3   85.7   80.7   93.6   99.4     34     96
14:57   86.3   85.7   80.6   93.5   99.9     35     95
14:58   86.9   86.2   81.1   93.6  100.5     35     96
14:59   86.9   86.1   80.8   93.5  101.3     34     96
15:00   86.8   86.0   80.4   93.4  101.9     34     94
15:01   87.3   86.4   80.8   93.6  102.5     35     96
15:02   90.2   88.9   82.8   94.5  107.6     35     96
15:03   93.3   91.3   83.7   95.4  115.9     34     97
15:04   95.6   93.0   84.1   96.3  122.5     33     99
15:05   97.4   94.5   84.8   97.3  127.1     31     99
15:06   98.4   95.2   85.0   98.2  129.8     29      0
15:07   99.0   95.7   85.2   98.7  131.4     32    103
15:08   99.5   96.1   85.2   99.1  133.0     26      0
15:09   99.5   96.0   84.6   99.3  134.3     26      0
15:10   99.9   96.4   85.2   99.8  134.2     25      0
15:11  100.7   97.3   86.1  100.5  135.0     25      0
15:12  100.4   96.9   85.4  100.5  135.6     24      0
15:13   98.5   95.5   84.7  100.1  131.0     23      0
15:14   97.4   94.6   84.6  100.0  127.3     23      0
15:15   95.0   92.6   83.2   99.1  122.6     24      0
15:16   92.4   90.5   82.2   97.9  116.3     25      0
15:17   91.0   89.5   82.2   97.3  111.6     25      0
15:18   89.6   88.5   81.7   96.8  108.3     27      0
15:19   88.8   87.7   81.3   96.1  106.3     26      0
15:20   88.1   87.2   81.0   95.8  104.9     27      0
15:21   89.2   88.3   82.3   96.2  105.5     28      0
15:22   89.8   88.5   81.8   95.8  108.6     29      0
15:23   89.5   88.2   81.2   95.6  109.1     28      0
15:24   89.6   88.3   81.3   95.6  109.2     29      0
15:25   89.7   88.4   81.6   95.5  108.7     29      0
15:26   89.0   87.7   81.0   95.3  107.8     29      0
15:27   88.6   87.5   80.9   95.5  106.6     31     96
15:28   88.0   87.0   80.6   95.4  105.3     29      0
15:29   87.0   86.1   79.9   95.2  103.7     30     96
15:30   86.9   86.2   80.3   95.2  102.5     30     96
15:31   86.8   86.2   80.6   95.2  101.4     31     96
15:32   86.8   86.2   80.9   95.1  100.7     36     98
15:33   86.8   86.3   81.1   94.9  100.2     32     97
15:34   85.9   85.4   80.0   94.6   99.8     31     96
15:35   85.3   84.8   79.4   94.4   99.3     32     95
15:36   85.4   85.0   79.7   94.3   98.9     32     95
15:37   85.1   84.6   79.4   93.8   98.4     33     95
15:38   85.0   84.6   79.6   93.7   97.9     36     97
15:39   84.6   84.2   79.1   93.4   97.6     34     94
15:40   85.0   84.6   79.8   93.2   97.4     37     95
15:41   85.1   84.6   79.8   93.1   97.5     36     95
15:42   84.8   84.4   79.4   93.0   97.6     35     95
15:43   84.8   84.3   79.3   93.0   97.7     38     96
15:44   85.5   85.1   80.4   92.9   97.7     40     97
15:45   85.6   85.2   80.6   92.8   97.5     38     96
Session: 1                                                       Page 39
Sensor: 1
Degrees Fahrenheit

TIME   WBGTi  WBGTo   WET    DRY   GLOBE  RH(%)   H.I.      
-----  -----  -----  -----  -----  -----  -----  -----
15:46   85.4   84.9   80.4   92.5   97.1     39     96
15:47   85.4   85.0   80.6   92.5   96.7     40     95
15:48   85.1   84.7   80.4   92.2   96.2     42     96
15:49   84.9   84.5   80.3   92.1   95.8     41     95
15:50   85.0   84.6   80.5   91.8   95.6     44     97
15:51   85.0   84.6   80.6   91.8   95.3     44     97
15:52   85.3   85.0   81.1   91.6   95.4     44     97
15:53   85.7   85.3   81.6   91.5   95.4     46     96
15:54   85.8   85.4   81.7   91.3   95.5     47     96
15:55   85.8   85.4   81.7   91.0   95.6     45     95
15:56   85.7   85.2   81.5   90.9   95.5     48     97
15:57   85.5   85.0   81.3   90.7   95.3     46     96
15:58   84.9   84.5   80.6   90.6   95.1     46     96
15:59   84.6   84.2   80.3   90.5   94.8     46     94
16:00   84.5   84.1   80.2   90.4   94.6     46     94
16:01   84.6   84.2   80.4   90.3   94.5     47     94
16:02   84.7   84.3   80.6   90.2   94.5     47     94
16:03   84.8   84.4   80.7   90.2   94.6     48     95
16:04   84.9   84.4   80.6   90.2   95.1     47     94
16:05   85.0   84.5   80.6   90.2   95.5     47     94
16:06   85.0   84.4   80.3   90.3   96.1     47     94
16:07   85.8   85.1   81.0   90.7   97.1     48     97
16:08   88.3   87.2   82.3   91.4  102.3     45     95
16:09   90.4   88.7   82.6   92.1  108.6     44     97
16:10   92.2   90.1   83.1   92.7  113.5     44     99
16:11   93.2   90.8   83.2   93.3  116.6     45     99
16:12   93.9   91.5   83.7   93.7  118.0     42    100
16:13   93.3   90.9   82.8   93.9  118.0     36     97
16:14   92.9   90.6   82.6   94.3  117.2     39     98
16:15   93.1   90.9   83.0   94.4  116.9     39     98
16:16   93.0   90.8   82.9   94.4  116.7     38     98
16:17   93.3   91.1   83.5   94.6  116.2     36     98
16:18   92.6   90.5   82.9   94.6  115.4     38     99
16:19   92.7   90.8   83.4   95.0  114.7     36     98
16:20   92.7   90.7   83.3   95.0  114.9     37     99
16:21   92.1   90.2   82.8   94.6  114.1     34     97
16:22   90.9   89.1   81.6   94.6  112.7     33     97
16:23   90.5   88.7   81.2   94.7  112.2     34     97
16:24   90.5   88.8   81.6   94.3  111.5     37     97
16:25   89.0   87.5   80.5   94.0  109.0     32     95
16:26   88.3   87.0   80.1   94.1  107.7     32     95
16:27   87.9   86.6   79.8   94.3  107.0     32     95
16:28   88.5   87.2   80.6   94.3  107.0     35     96
16:29   88.7   87.4   80.9   94.3  107.1     36     97
16:30   89.0   87.7   81.3   94.3  107.0     36     97
16:31   89.5   88.2   81.9   94.4  107.3     36     97
16:32   89.1   87.9   81.5   94.3  107.1     37     97
16:33   88.6   87.4   81.1   94.3  106.4     35     96
16:34   88.7   87.5   81.2   94.6  106.3     38     99
16:35   89.2   88.0   81.8   94.9  106.5     35     98
Session: 1                                                       Page 40
Sensor: 1
Degrees Fahrenheit

TIME   WBGTi  WBGTo   WET    DRY   GLOBE  RH(%)   H.I.      
-----  -----  -----  -----  -----  -----  -----  -----
16:36   88.9   87.8   81.5   95.1  106.4     34     97
16:37   87.9   86.8   80.2   95.0  105.9     32     97
16:38   87.3   86.3   79.7   95.0  105.1     32     97
16:39   86.7   85.7   79.2   94.9  104.2     32     97
16:40   87.2   86.3   79.9   95.2  104.3     33     97
16:41   87.4   86.5   80.0   95.2  104.9     34     97
16:42   86.8   85.9   79.4   95.2  104.2     34     97
16:43   86.7   85.9   79.7   94.9  103.2     34     97
16:44   86.4   85.7   79.7   95.0  102.1     33     97
16:45   86.9   86.2   80.6   94.9  101.7     34     97
16:46   86.3   85.6   80.0   94.7  101.0     34     97
16:47   86.5   85.9   80.5   94.8  100.6     36     98
16:48   86.5   85.9   80.5   94.8  100.7     36     98
16:49   86.7   86.1   80.6   94.9  101.1     35     98
16:50   86.7   86.0   80.3   94.9  101.7     35     98
16:51   87.2   86.5   80.9   95.1  102.1     36     98
16:52   88.0   87.3   81.7   95.3  103.0     36     98
16:53   88.5   87.6   81.7   95.5  104.4     35     98
16:54   88.3   87.3   81.1   95.5  105.3     33     97
16:55   87.3   86.4   79.9   95.5  104.8     33     97
16:56   87.7   86.8   80.6   95.7  104.5     34     99
16:57   87.8   86.9   80.7   95.8  104.5     34     99
16:58   87.3   86.5   80.1   95.8  104.3     34     99
16:59   87.5   86.6   80.4   95.8  104.1     34     99
17:00   87.1   86.3   80.0   95.8  103.9     33     99
17:01   87.5   86.6   80.3   95.9  104.3     33     99
17:02   87.7   86.8   80.3   95.9  105.1     34     99
17:03   87.3   86.3   79.5   95.6  105.6     33     99
17:04   87.1   86.1   79.3   95.6  105.3     33     99
17:05   87.0   86.1   79.4   95.6  104.8     33     99
17:06   87.4   86.5   80.1   95.8  104.5     33     99
17:07   87.0   86.1   79.6   95.8  104.4     33     99
17:08   86.8   85.9   79.4   95.6  104.1     32     98
17:09   86.9   86.1   79.7   95.7  103.7     32     98
17:10   87.0   86.1   79.8   95.7  103.8     33     99
17:11   86.9   86.0   79.7   95.6  103.7     34     99
17:12   86.7   85.9   79.5   95.7  103.5     33     99
17:13   86.6   85.8   79.4   95.6  103.5     32     98
17:14   86.7   86.0   79.7   95.6  103.3     33     99
17:15   86.2   85.5   79.1   95.5  103.0     33     97
17:16   86.2   85.5   79.3   95.5  102.5     33     97
17:17   86.1   85.4   79.2   95.3  102.3     32     97
17:18   85.7   85.0   78.8   95.2  102.0     33     97
17:19   86.1   85.4   79.3   95.3  102.0     32     97
17:20   86.0   85.3   79.2   95.2  102.1     34     97
17:21   86.1   85.4   79.4   95.2  101.8     34     97
17:22   85.8   85.1   79.1   95.0  101.5     35     98
17:23   85.4   84.8   78.9   95.0  100.8     34     97
17:24   85.4   84.8   78.9   94.9  100.7     35     98
17:25   85.2   84.7   78.8   94.9  100.3     34     97
Session: 1                                                       Page 41
Sensor: 1
Degrees Fahrenheit

TIME   WBGTi  WBGTo   WET    DRY   GLOBE  RH(%)   H.I.      
-----  -----  -----  -----  -----  -----  -----  -----
17:26   85.3   84.7   78.9   94.9  100.3     34     97
17:27   85.5   85.0   79.2   95.0  100.5     35     98
17:28   86.0   85.4   79.7   95.2  100.9     35     98
17:29   85.9   85.3   79.4   95.2  101.3     35     98
17:30   85.9   85.3   79.3   95.2  101.6     35     98
17:31   86.7   86.1   80.3   95.3  101.8     35     98
17:32   86.9   86.2   80.4   95.5  102.1     36     98
17:33   86.5   85.8   79.8   95.3  102.2     36     98
17:34   86.3   85.6   79.7   95.2  101.8     36     98
17:35   85.9   85.2   79.3   95.1  101.3     35     98
17:36   85.7   85.1   79.1   95.1  101.2     34     97
17:37   85.8   85.1   79.2   95.0  101.2     33     97
17:38   85.0   84.4   78.4   95.0  100.5     35     98
17:39   85.0   84.5   78.6   95.0  100.0     34     97
17:40   84.8   84.3   78.5   94.9   99.7     35     98
17:41   84.8   84.4   78.6   94.9   99.5     35     98
17:42   85.2   84.8   79.2   94.9   99.4     37     99
17:43   85.6   85.2   79.7   95.0   99.6     37     99
17:44   85.7   85.2   79.7   95.0   99.9     37     99
17:45   86.3   85.8   80.4   95.0  100.2     37     99
17:46   86.2   85.7   80.2   95.0  100.4     37     99
17:47   86.1   85.6   80.0   95.0  100.5     38     99
17:48   86.5   85.9   80.6   94.9  100.3     38     99
17:49   86.4   85.8   80.6   94.7  100.0     41    101
17:50   86.1   85.6   80.4   94.7   99.5     38     99
17:51   86.0   85.6   80.5   94.6   99.1     38     99
17:52   85.2   84.8   79.5   94.6   98.8     35     98
17:53   84.9   84.5   79.1   94.6   98.7     37     99
17:54   84.8   84.4   79.1   94.3   98.4     38     98
17:55   84.6   84.2   78.9   94.0   98.1     38     98
17:56   84.1   83.8   78.5   93.9   97.4     37     97
17:57   83.8   83.5   78.2   94.0   97.1     38     98
17:58   84.1   83.8   78.6   94.1   97.0     36     97
17:59   83.9   83.6   78.4   94.0   96.9     39     98
18:00   83.7   83.5   78.3   93.9   96.6     37     97
18:01   83.9   83.6   78.6   93.9   96.3     38     98
18:02   84.1   83.9   79.0   93.9   96.3     38     98
18:03   83.5   83.3   78.3   93.9   95.9     37     97
18:04   83.1   82.9   77.7   93.9   95.7     37     97
18:05   83.3   83.1   78.1   93.7   95.5     39     98
18:06   83.2   83.1   78.2   93.4   95.1     40     97
18:07   83.4   83.3   78.7   93.0   94.6     40     97
18:08   83.6   83.5   79.1   92.9   94.2     41     97
18:09   83.6   83.4   79.1   92.7   94.1     40     97
18:10   83.7   83.5   79.2   92.5   94.2     40     97
18:11   83.4   83.2   78.8   92.5   94.4     40     97
18:12   83.3   83.1   78.5   92.6   94.6     39     96
18:13   83.4   83.2   78.5   92.7   94.9     39     96
18:14   83.5   83.2   78.5   92.8   95.2     39     96
18:15   83.8   83.5   78.8   92.8   95.5     40     97
Session: 1                                                       Page 42
Sensor: 1
Degrees Fahrenheit

TIME   WBGTi  WBGTo   WET    DRY   GLOBE  RH(%)   H.I.      
-----  -----  -----  -----  -----  -----  -----  -----
18:16   83.5   83.2   78.4   92.8   95.5     39     96
18:17   83.6   83.3   78.4   92.9   95.8     40     97
18:18   83.6   83.3   78.3   92.9   96.1     41     97
18:19   83.9   83.6   78.7   92.8   96.3     43     98
18:20   84.3   84.0   79.2   92.9   96.4     40     97
18:21   84.3   83.9   78.9   93.0   96.9     41     97
18:22   83.8   83.4   78.1   93.3   97.1     37     95
18:23   83.1   82.8   77.2   93.7   97.0     37     97
18:24   83.6   83.3   77.9   93.7   97.1     39     98
18:25   83.8   83.4   78.1   93.7   97.2     37     97
18:26   83.8   83.5   78.1   93.9   97.3     37     97
18:27   84.1   83.8   78.4   94.0   97.6     36     97
18:28   83.8   83.5   77.9   94.1   97.8     36     97
18:29   84.0   83.6   78.1   93.9   98.0     39     98
18:30   84.3   83.9   78.6   93.7   97.7     39     98
18:31   84.4   84.0   78.9   93.6   97.5     40     99
18:32   84.5   84.1   79.0   93.4   97.4     42     98
18:33   84.4   84.0   79.0   93.4   97.2     43     98
18:34   84.6   84.3   79.4   93.2   97.0     41     97
18:35   84.7   84.4   79.7   93.1   96.6     42     98
18:36   84.6   84.2   79.5   93.0   96.5     41     97
18:37   84.3   84.0   79.2   93.0   96.3     41     97
18:38   84.0   83.7   78.8   92.8   96.3     43     98
18:39   84.0   83.6   78.8   92.8   96.2     42     98
18:40   84.4   84.1   79.4   92.8   96.3     42     98
18:41   83.8   83.5   78.5   93.3   96.4     39     96
18:42   83.8   83.4   78.3   93.4   96.7     40     97
18:43   84.2   83.9   78.9   93.4   96.7     40     97
18:44   84.2   83.9   78.9   93.3   96.7     43     98
18:45   84.5   84.2   79.5   93.2   96.4     43     98
18:46   84.6   84.3   79.7   93.0   96.3     43     98
18:47   84.8   84.5   80.0   92.8   96.1     43     98
18:48   84.8   84.4   80.0   92.8   96.0     43     98
18:49   84.8   84.4   80.0   92.5   96.0     45     99
18:50   84.6   84.3   79.9   92.5   95.6     43     98
18:51   84.6   84.4   80.1   92.5   95.4     43     96
18:52   84.5   84.2   80.0   92.5   95.2     43     96
18:53   84.3   84.1   79.8   92.4   95.0     41     95
18:54   83.9   83.7   79.4   92.4   94.6     43     96
18:55   83.3   83.2   78.8   92.2   94.1     42     96
18:56   83.1   82.9   78.7   92.0   93.5     43     96
18:57   83.0   82.9   78.9   91.9   92.8     43     96
18:58   82.8   82.8   78.8   91.8   92.4     43     96
18:59   82.8   82.8   78.9   91.7   92.1     44     97
19:00   82.4   82.4   78.4   91.5   91.9     44     95
19:01   82.4   82.4   78.6   91.3   91.5     45     95
19:02   82.5   82.5   78.8   91.2   91.2     45     95
19:03   82.5   82.5   78.9   91.1   91.2     46     96
19:04   82.4   82.4   78.7   91.0   91.1     45     95
19:05   82.3   82.3   78.7   90.8   90.9     46     96
Session: 1                                                       Page 43
Sensor: 1
Degrees Fahrenheit

TIME   WBGTi  WBGTo   WET    DRY   GLOBE  RH(%)   H.I.      
-----  -----  -----  -----  -----  -----  -----  -----
19:06   82.3   82.3   78.8   90.7   90.7     46     96
19:07   82.1   82.1   78.5   90.6   90.6     47     96
19:08   82.1   82.1   78.6   90.5   90.4     47     94
19:09   81.9   81.9   78.4   90.4   90.2     48     95
19:10   81.9   81.9   78.5   90.3   90.0     48     95
19:11   81.8   81.9   78.4   90.2   90.0     47     94
19:12   81.6   81.6   78.1   90.2   90.0     47     94
19:13   81.6   81.6   78.1   90.1   89.9     47     94
19:14   81.6   81.6   78.1   90.0   89.9     47     94
19:15   81.6   81.7   78.2   90.0   89.8     48     95
19:16   81.6   81.6   78.1   90.0   89.8     48     95
19:17   81.4   81.4   77.9   90.0   89.8     48     95
19:18   81.4   81.4   77.9   89.9   89.7     48     95
19:19   81.4   81.4   77.9   89.9   89.6     48     95
19:20   81.3   81.3   77.8   89.9   89.6     48     95
19:21   81.3   81.4   77.9   89.7   89.5     47     94
19:22   81.5   81.5   78.2   89.7   89.4     47     94
19:23   81.6   81.6   78.3   89.7   89.3     47     94
19:24   81.6   81.7   78.4   89.6   89.3     48     95
19:25   81.4   81.5   78.2   89.5   89.1     47     94
19:26   81.4   81.4   78.1   89.4   89.1     48     93
19:27   81.2   81.2   77.9   89.4   89.0     48     93
19:28   81.1   81.2   77.9   89.3   88.8     48     93
19:29   81.2   81.2   78.0   89.1   88.7     49     93
19:30   81.2   81.2   78.0   89.1   88.7     48     93
19:31   81.3   81.3   78.2   89.0   88.7     49     93
19:32   81.3   81.3   78.2   88.9   88.6     50     94
19:33   81.3   81.3   78.2   88.8   88.6     50     94
19:34   81.3   81.3   78.3   88.7   88.5     50     94
19:35   81.3   81.3   78.3   88.7   88.4     50     94
19:36   81.1   81.1   78.1   88.6   88.3     50     94
19:37   81.1   81.1   78.1   88.5   88.2     50     94
19:38   81.0   81.0   78.0   88.4   88.2     51     92
19:39   81.1   81.1   78.1   88.4   88.1     53     93
19:40   81.2   81.2   78.3   88.4   88.1     54     93
19:41   81.2   81.2   78.3   88.3   88.0     53     93
19:42   81.0   81.0   78.0   88.2   88.0     53     93
19:43   80.9   80.9   78.0   88.1   87.8     53     93
19:44   80.7   80.7   77.7   88.0   87.7     53     93
19:45   80.6   80.6   77.6   88.0   87.7     53     93
19:46   80.7   80.7   77.8   87.8   87.5     53     93
19:47   80.7   80.8   77.9   87.7   87.5     54     93
19:48   80.7   80.7   77.9   87.6   87.4     55     94
19:49   80.7   80.7   77.9   87.6   87.3     55     94
19:50   80.6   80.6   77.8   87.5   87.2     55     94
19:51   80.6   80.7   77.9   87.5   87.1     55     94
19:52   80.6   80.7   77.9   87.5   87.1     56     94
19:53   80.6   80.6   77.9   87.4   87.0     56     92
19:54   80.6   80.6   77.9   87.4   86.9     55     92
19:55   80.6   80.6   77.9   87.4   86.9     55     92
Session: 1                                                       Page 44
Sensor: 1
Degrees Fahrenheit

TIME   WBGTi  WBGTo   WET    DRY   GLOBE  RH(%)   H.I.      
-----  -----  -----  -----  -----  -----  -----  -----
19:56   80.5   80.5   77.9   87.2   86.7     55     92
19:57   80.3   80.3   77.6   87.2   86.7     56     92
19:58   80.5   80.5   77.9   87.2   86.7     55     92
19:59   80.3   80.3   77.6   87.2   86.7     55     92
20:00   80.2   80.3   77.5   87.2   86.8     56     92
20:01   80.4   80.4   77.7   87.2   86.7     55     92
20:02   80.5   80.5   77.9   87.1   86.6     56     92
20:03   80.6   80.7   78.1   87.1   86.6     56     92
20:04   80.4   80.5   77.9   87.1   86.5     56     92
20:05   80.4   80.5   77.9   87.1   86.5     56     92
20:06   80.4   80.4   77.8   87.0   86.5     57     93
20:07   80.3   80.3   77.7   86.9   86.4     57     93
20:08   80.3   80.4   77.8   86.9   86.3     57     93
20:09   80.4   80.4   77.9   86.8   86.3     57     93
20:10   80.4   80.4   77.9   86.8   86.3     58     93
20:11   80.5   80.5   78.1   86.7   86.2     58     93
20:12   80.6   80.7   78.3   86.7   86.1     58     93
20:13   80.3   80.4   77.9   86.6   86.1     58     93
20:14   80.1   80.2   77.6   86.6   86.1     58     93
20:15   80.0   80.1   77.5   86.6   86.0     59     93
20:16   80.0   80.1   77.5   86.5   86.0     60     92
20:17   80.0   80.1   77.6   86.4   85.9     60     92
20:18   80.2   80.3   77.9   86.3   85.7     60     92
20:19   80.3   80.4   78.1   86.2   85.6     60     92
20:20   80.3   80.4   78.1   86.2   85.6     60     92
20:21   80.2   80.3   78.1   86.2   85.4     61     92
20:22   80.1   80.2   77.9   86.0   85.4     61     92
20:23   80.0   80.1   77.8   86.0   85.3     61     92
20:24   80.2   80.3   78.1   85.9   85.3     61     92
20:25   80.4   80.4   78.3   85.9   85.3     61     92
20:26   80.3   80.3   78.2   85.8   85.3     61     92
20:27   80.2   80.2   78.1   85.7   85.1     60     92
20:28   80.1   80.1   77.9   85.8   85.3     60     92
20:29   80.1   80.1   77.9   85.8   85.3     60     92
20:30   80.1   80.2   78.0   85.8   85.3     61     92
20:31   80.0   80.1   77.9   85.8   85.2     61     92
20:32   79.9   79.9   77.7   85.7   85.1     62     92
20:33   79.8   79.8   77.6   85.7   85.0     61     92
20:34   79.8   79.9   77.7   85.6   84.9     62     92
20:35   79.8   79.8   77.7   85.5   84.7     62     92
20:36   79.7   79.8   77.7   85.4   84.6     62     90
20:37   79.6   79.7   77.7   85.4   84.3     62     90
20:38   79.6   79.7   77.6   85.3   84.3     63     91
20:39   79.5   79.6   77.6   85.2   84.1     63     91
20:40   79.4   79.5   77.5   85.1   84.0     63     91
20:41   79.3   79.4   77.3   85.0   84.0     63     91
20:42   79.0   79.1   77.0   84.9   83.8     63     91
20:43   79.0   79.1   77.1   84.8   83.7     63     91
20:44   79.1   79.3   77.3   84.7   83.6     64     91
20:45   79.0   79.2   77.2   84.7   83.5     64     91
Session: 1                                                       Page 45
Sensor: 1
Degrees Fahrenheit

TIME   WBGTi  WBGTo   WET    DRY   GLOBE  RH(%)   H.I.      
-----  -----  -----  -----  -----  -----  -----  -----
20:46   79.0   79.2   77.2   84.6   83.5     64     91
20:47   79.0   79.1   77.2   84.6   83.4     64     91
20:48   78.9   79.0   77.1   84.4   83.2     65     89
20:49   78.9   79.0   77.2   84.3   83.1     65     89
20:50   78.9   79.0   77.2   84.2   83.1     66     90
20:51   78.9   79.0   77.2   84.1   83.0     65     89
20:52   78.9   79.0   77.2   84.0   82.9     66     90
20:53   78.8   78.9   77.1   84.0   82.9     66     90
20:54   78.7   78.8   76.9   84.0   82.9     66     90
20:55   78.6   78.7   76.8   84.1   82.9     66     90
20:56   78.6   78.7   76.7   84.1   83.1     66     90
20:57   78.6   78.7   76.8   84.0   83.1     66     90
20:58   78.7   78.8   76.9   84.0   82.9     66     90
20:59   78.6   78.7   76.9   83.8   82.8     66     90
21:00   78.7   78.8   77.0   83.8   82.7     66     90
21:01   78.6   78.7   77.0   83.7   82.6     66     90
21:02   78.6   78.7   76.9   83.5   82.6     66     90
21:03   78.5   78.6   76.9   83.5   82.5     66     90
21:04   78.5   78.6   76.9   83.4   82.5     66     88
21:05   78.5   78.6   76.9   83.4   82.5     66     88
21:06   78.4   78.5   76.7   83.4   82.5     67     88
21:07   78.4   78.5   76.7   83.4   82.5     67     88
21:08   78.4   78.5   76.7   83.4   82.6     67     88
21:09   78.5   78.6   76.8   83.4   82.6     67     88
21:10   78.6   78.6   76.9   83.4   82.6     68     88
21:11   78.5   78.6   76.9   83.4   82.5     68     88
21:12   78.5   78.6   76.9   83.4   82.5     68     88
21:13   78.4   78.5   76.8   83.3   82.4     68     88
21:14   78.4   78.5   76.8   83.3   82.3     68     88
21:15   78.5   78.6   76.9   83.2   82.3     68     88
21:16   78.4   78.5   76.9   83.2   82.2     69     89
21:17   78.3   78.4   76.7   83.1   82.1     69     89
21:18   78.2   78.3   76.6   83.1   82.0     69     89
21:19   78.1   78.3   76.6   83.1   81.9     69     89
21:20   78.0   78.1   76.5   82.9   81.7     69     89
21:21   77.9   78.1   76.4   82.9   81.7     69     89
21:22   77.9   78.0   76.4   82.8   81.6     69     89
21:23   77.9   78.0   76.3   82.9   81.7     69     89
21:24   77.9   78.1   76.4   82.8   81.7     70     89
21:25   78.0   78.1   76.5   82.7   81.6     70     89
21:26   78.0   78.1   76.5   82.6   81.5     70     89
21:27   77.9   78.0   76.4   82.6   81.5     70     89
21:28   77.9   78.0   76.4   82.6   81.4     70     89
21:29   77.8   77.9   76.3   82.5   81.3     70     89
21:30   77.8   77.9   76.4   82.5   81.3     70     87
21:31   77.9   78.0   76.6   82.3   81.1     71     87
21:32   77.8   78.0   76.5   82.3   81.1     70     87
21:33   77.7   77.9   76.4   82.2   81.0     70     87
21:34   77.7   77.8   76.3   82.3   81.0     71     87
21:35   77.7   77.8   76.3   82.2   81.0     71     87
Session: 1                                                       Page 46
Sensor: 1
Degrees Fahrenheit

TIME   WBGTi  WBGTo   WET    DRY   GLOBE  RH(%)   H.I.      
-----  -----  -----  -----  -----  -----  -----  -----
21:36   77.7   77.9   76.4   82.2   81.0     71     87
21:37   77.6   77.8   76.3   82.2   80.9     72     87
21:38   77.6   77.8   76.3   82.2   80.9     72     87
21:39   77.6   77.7   76.3   82.0   80.9     72     87
21:40   77.6   77.7   76.3   82.0   80.8     73     88
21:41   77.6   77.8   76.4   81.9   80.7     73     88
21:42   77.6   77.7   76.3   81.9   80.7     73     88
21:43   77.5   77.7   76.3   81.7   80.6     74     88
21:44   77.6   77.7   76.4   81.6   80.5     74     88
21:45   77.5   77.6   76.3   81.5   80.3     74     86
21:46   77.4   77.5   76.3   81.4   80.2     74     86
21:47   77.3   77.4   76.1   81.3   80.1     74     86
21:48   77.4   77.5   76.3   81.2   80.1     74     86
21:49   77.4   77.5   76.3   81.2   80.1     74     86
21:50   77.4   77.5   76.3   81.2   80.1     74     86
21:51   77.4   77.4   76.2   81.1   80.2     73     86
21:52   77.4   77.5   76.2   81.1   80.3     73     86
21:53   77.3   77.4   76.1   81.1   80.3     74     86
21:54   77.3   77.4   76.1   81.1   80.3     74     86
21:55   77.3   77.4   76.1   81.1   80.2     74     86
21:56   77.3   77.4   76.1   81.1   80.2     74     86
21:57   77.2   77.3   76.0   81.2   80.1     74     86
21:58   77.3   77.4   76.1   81.1   80.1     75     86
21:59   77.3   77.4   76.1   81.1   80.1     75     86
22:00   77.3   77.4   76.1   81.2   80.1     75     86
22:01   77.2   77.3   76.0   81.3   80.1     75     86
22:02   77.2   77.3   76.0   81.3   80.1     75     86
22:03   77.2   77.3   76.0   81.3   80.1     75     86
22:04   77.3   77.4   76.1   81.3   80.1     76     86
22:05   77.3   77.4   76.1   81.3   80.1     76     86
22:06   77.3   77.4   76.1   81.3   80.1     76     86
22:07   77.3   77.4   76.1   81.3   80.1     76     86
22:08   77.3   77.4   76.1   81.3   80.1     76     86
22:09   77.2   77.3   76.0   81.2   80.0     76     86
22:10   77.2   77.3   76.0   81.2   80.0     76     86
22:11   77.2   77.3   76.0   81.1   80.0     76     86
22:12   77.2   77.3   76.1   81.1   80.0     76     86
22:13   77.2   77.3   76.0   81.1   80.0     76     86
22:14   77.1   77.2   76.0   81.0   79.9     76     86
22:15   77.1   77.2   76.0   81.0   79.8     76     86
22:16   77.1   77.3   76.1   80.9   79.7     77     87
22:17   77.1   77.2   76.1   80.9   79.6     77     87
22:18   77.1   77.2   76.1   80.8   79.6     77     87
22:19   77.0   77.1   76.0   80.7   79.5     77     87
22:20   77.0   77.1   76.0   80.7   79.5     77     87
22:21   77.0   77.1   76.0   80.6   79.4     78     87
22:22   77.0   77.1   76.0   80.6   79.4     78     87
22:23   77.0   77.1   76.0   80.6   79.4     78     87
22:24   77.0   77.2   76.1   80.6   79.4     78     87
22:25   77.0   77.2   76.1   80.5   79.4     78     85
Session: 1                                                       Page 47
Sensor: 1
Degrees Fahrenheit

TIME   WBGTi  WBGTo   WET    DRY   GLOBE  RH(%)   H.I.      
-----  -----  -----  -----  -----  -----  -----  -----
22:26   77.0   77.1   76.1   80.4   79.3     78     85
22:27   77.0   77.1   76.1   80.4   79.3     78     85
22:28   77.0   77.1   76.1   80.4   79.2     78     85
22:29   77.0   77.1   76.1   80.3   79.2     78     85
22:30   77.0   77.1   76.1   80.3   79.2     78     85
22:31   76.9   77.0   76.0   80.3   79.2     78     85
22:32   76.9   77.0   76.0   80.3   79.2     79     85
22:33   76.9   77.0   76.0   80.3   79.2     79     85
22:34   76.9   77.0   76.0   80.3   79.2     79     85
22:35   76.9   77.0   76.0   80.3   79.2     79     85
22:36   76.9   77.0   76.0   80.3   79.1     79     85
22:37   76.9   77.0   76.0   80.2   79.1     79     85
22:38   76.9   77.0   76.0   80.1   79.1     79     85
22:39   76.9   77.0   76.0   80.1   79.1     79     85
22:40   76.8   76.9   75.9   80.1   79.0     79     85
22:41   76.8   76.9   75.9   80.1   79.1     79     85
22:42   76.7   76.9   75.8   80.2   79.1     79     85
22:43   76.7   76.8   75.8   80.1   79.1     79     85
22:44   76.7   76.9   75.8   80.2   79.1     80     85
22:45   76.7   76.8   75.8   80.1   79.0     80     85
22:46   76.7   76.8   75.8   80.1   79.0     80     85
22:47   76.6   76.8   75.7   80.1   79.0     79     85
22:48   76.7   76.8   75.8   80.0   78.9     79     85
22:49   76.6   76.7   75.7   80.0   78.9     80     85
22:50   76.6   76.7   75.7   80.0   78.8     80     85
22:51   76.6   76.7   75.7   80.0   78.8     80     85
22:52   76.6   76.7   75.7   80.0   78.8     81     86
22:53   76.7   76.8   75.8   79.9   78.8     81     86
22:54   76.7   76.8   75.8   79.8   78.8     81     86
22:55   76.7   76.8   75.9   79.8   78.8     81     86
22:56   76.7   76.8   75.9   79.8   78.7     81     86
22:57   76.6   76.7   75.8   79.8   78.6     81     86
22:58   76.6   76.7   75.8   79.7   78.6     82     86
22:59   76.6   76.7   75.8   79.7   78.6     81     86
23:00   76.6   76.7   75.8   79.7   78.6     81     86
23:01   76.5   76.6   75.7   79.7   78.5     81     86
23:02   76.5   76.6   75.7   79.6   78.5     81     86
23:03   76.4   76.6   75.7   79.5   78.3     81     86
23:04   76.4   76.5   75.7   79.4   78.3     81     83
23:05   76.4   76.5   75.7   79.4   78.3     81     83
23:06   76.4   76.5   75.7   79.4   78.3     81     83
23:07   76.4   76.5   75.6   79.4   78.3     81     83
23:08   76.3   76.4   75.5   79.4   78.3     81     83
23:09   76.2   76.3   75.4   79.4   78.3     80     83
23:10   76.2   76.3   75.3   79.4   78.3     80     83
23:11   76.1   76.2   75.2   79.4   78.3     80     83
23:12   76.1   76.2   75.2   79.4   78.3     80     83
23:13   76.0   76.1   75.1   79.4   78.2     80     83
23:14   76.0   76.1   75.1   79.3   78.2     80     83
23:15   76.0   76.1   75.1   79.2   78.2     80     83
Session: 1                                                       Page 48
Sensor: 1
Degrees Fahrenheit

TIME   WBGTi  WBGTo   WET    DRY   GLOBE  RH(%)   H.I.      
-----  -----  -----  -----  -----  -----  -----  -----
23:16   75.9   76.0   75.0   79.2   78.1     80     83
23:17   75.9   76.0   75.0   79.2   78.1     80     83
23:18   76.0   76.1   75.1   79.2   78.1     80     83
23:19   76.0   76.1   75.1   79.1   78.1     80     83
23:20   76.0   76.1   75.1   79.2   78.1     81     83
23:21   76.0   76.1   75.2   79.2   78.1     82     84
23:22   76.1   76.2   75.3   79.2   78.1     82     84
23:23   76.1   76.2   75.4   79.1   78.0     83     84
23:24   76.2   76.3   75.4   79.1   78.1     83     84
23:25   76.2   76.3   75.5   79.1   77.9     84     84
23:26   76.2   76.4   75.6   79.0   77.9     84     84
23:27   76.2   76.3   75.6   78.9   77.9     84     84
23:28   76.2   76.3   75.6   78.8   77.8     84     84
23:29   76.2   76.3   75.6   78.8   77.8     84     84
23:30   76.2   76.3   75.6   78.8   77.8     84     84
23:31   76.0   76.2   75.4   78.8   77.7     84     84
23:32   76.0   76.2   75.4   78.8   77.7     84     84
23:33   76.1   76.2   75.4   78.8   77.8     84     84
23:34   76.0   76.1   75.4   78.7   77.7     84     84
23:35   76.0   76.1   75.4   78.6   77.6     84     84
23:36   76.0   76.1   75.4   78.7   77.6     84     84
23:37   76.0   76.1   75.4   78.7   77.6     84     84
23:38   75.9   76.0   75.2   78.7   77.6     84     84
23:39   75.9   76.0   75.2   78.8   77.6     84     84
23:40   75.8   75.9   75.1   78.8   77.5     84     84
23:41   75.8   75.9   75.1   78.7   77.5     84     84
23:42   75.8   75.9   75.1   78.6   77.5     83     84
23:43   75.7   75.8   75.0   78.6   77.4     83     84
23:44   75.6   75.8   75.0   78.5   77.3     83     84
23:45   75.6   75.8   75.0   78.5   77.3     83     84
23:46   75.7   75.8   75.1   78.5   77.3     83     84
23:47   75.6   75.8   75.0   78.5   77.3     84     84
23:48   75.6   75.8   75.0   78.5   77.3     84     84
23:49   75.6   75.8   75.0   78.5   77.3     84     84
23:50   75.6   75.8   75.0   78.4   77.3     84     82
23:51   75.6   75.7   75.0   78.4   77.2     84     82
23:52   75.6   75.7   75.0   78.3   77.2     85     82
23:53   75.6   75.7   75.0   78.2   77.1     84     82
23:54   75.4   75.5   74.8   78.2   77.0     84     82
23:55   75.4   75.5   74.8   78.2   77.0     84     82
23:56   75.4   75.5   74.8   78.2   77.0     84     82
23:57   75.3   75.5   74.7   78.2   77.0     84     82
23:58   75.3   75.5   74.7   78.2   77.0     84     82
23:59   75.3   75.5   74.7   78.2   77.0     85     82
00:00   75.3   75.4   74.7   78.1   76.9     85     82
00:01   75.3   75.4   74.7   78.1   76.9     85     82
00:02   75.3   75.4   74.7   77.9   76.7     85     82
00:03   75.3   75.4   74.7   77.9   76.7     85     82
00:04   75.3   75.4   74.7   77.8   76.7     85     82
00:05   75.2   75.3   74.7   77.8   76.6     85     82
Session: 1                                                       Page 49
Sensor: 1
Degrees Fahrenheit

TIME   WBGTi  WBGTo   WET    DRY   GLOBE  RH(%)   H.I.      
-----  -----  -----  -----  -----  -----  -----  -----
00:06   75.2   75.3   74.6   77.7   76.6     85     82
00:07   75.2   75.3   74.6   77.6   76.6     85     82
00:08   75.2   75.3   74.6   77.6   76.6     86     83
00:09   75.1   75.2   74.5   77.6   76.6     86     83
00:10   75.1   75.2   74.5   77.6   76.6     86     83
00:11   75.1   75.2   74.5   77.6   76.5     86     83
00:12   75.1   75.2   74.5   77.6   76.5     86     83
00:13   75.0   75.1   74.4   77.6   76.5     86     83
00:14   75.0   75.1   74.4   77.6   76.4     86     83
00:15   75.0   75.1   74.4   77.6   76.4     86     83
00:16   75.0   75.1   74.4   77.6   76.4     86     83
00:17   75.0   75.1   74.4   77.5   76.4     86     83
00:18   75.0   75.1   74.4   77.5   76.4     86     83
00:19   74.9   75.0   74.4   77.5   76.3     86     81
00:20   74.9   75.0   74.3   77.5   76.3     86     81
00:21   74.9   75.0   74.3   77.3   76.3     86     81
00:22   74.8   74.9   74.2   77.3   76.2     86     81
00:23   74.8   74.9   74.2   77.3   76.2     86     81
00:24   74.7   74.8   74.2   77.3   76.1     86     81
00:25   74.8   74.9   74.2   77.3   76.2     86     81
00:26   74.8   74.9   74.2   77.3   76.3     86     81
00:27   74.9   75.0   74.3   77.3   76.3     86     81
00:28   74.9   75.0   74.3   77.3   76.3     86     81
00:29   74.9   75.0   74.3   77.3   76.3     86     81
00:30   74.9   75.0   74.3   77.3   76.3     86     81
00:31   74.8   74.9   74.3   77.3   76.2     87     82
00:32   74.9   75.0   74.4   77.3   76.2     87     82
00:33   74.9   75.0   74.4   77.2   76.1     87     82
00:34   74.9   75.0   74.4   77.2   76.1     87     82
00:35   74.9   75.0   74.4   77.2   76.1     87     82
00:36   74.9   75.0   74.4   77.2   76.1     87     82
00:37   74.8   74.9   74.3   77.2   76.1     87     82
00:38   74.7   74.8   74.2   77.2   76.1     87     82
00:39   74.7   74.8   74.2   77.2   76.1     87     82
00:40   74.7   74.8   74.2   77.2   76.1     87     82
00:41   74.7   74.8   74.2   77.2   76.1     87     82
00:42   74.7   74.8   74.2   77.2   76.1     87     82
00:43   74.7   74.8   74.2   77.2   76.1     87     82
00:44   74.7   74.8   74.2   77.2   76.1     87     82
00:45   74.7   74.8   74.1   77.1   76.1     87     82
00:46   74.6   74.7   74.1   77.0   76.0     87     82
00:47   74.6   74.7   74.1   76.9   75.8     87     82
00:48   74.6   74.7   74.1   76.9   75.8     87     82
00:49   74.5   74.6   74.0   76.8   75.7     87     82
00:50   74.5   74.6   74.0   76.7   75.7     87     82
00:51   74.4   74.5   73.9   76.7   75.7     87     82
00:52   74.4   74.5   73.9   76.7   75.6     87     82
00:53   74.3   74.4   73.8   76.6   75.6     87     82
00:54   74.3   74.4   73.8   76.6   75.6     87     82
00:55   74.3   74.4   73.8   76.6   75.6     87     82
Session: 1                                                       Page 50
Sensor: 1
Degrees Fahrenheit

TIME   WBGTi  WBGTo   WET    DRY   GLOBE  RH(%)   H.I.      
-----  -----  -----  -----  -----  -----  -----  -----
00:56   74.3   74.4   73.8   76.6   75.5     88     82
00:57   74.2   74.3   73.8   76.5   75.4     88     80
00:58   74.2   74.3   73.8   76.5   75.4     88     80
00:59   74.2   74.3   73.8   76.4   75.4     88     80
01:00   74.2   74.3   73.8   76.3   75.3     88     80
01:01   74.2   74.3   73.8   76.3   75.3     88     80
01:02   74.1   74.2   73.7   76.3   75.2     88     80
01:03   74.1   74.2   73.7   76.3   75.2     88     80
01:04   74.0   74.1   73.6   76.3   75.2     88     80
01:05   74.0   74.1   73.6   76.3   75.2     88     80
01:06   74.0   74.1   73.6   76.1   75.2     88     80
01:07   74.0   74.1   73.6   76.1   75.1     88     80
01:08   74.0   74.1   73.6   76.1   75.1     88     80
01:09   74.0   74.1   73.6   76.1   75.1     88     80
01:10   74.0   74.1   73.6   76.1   75.1     88     80
01:11   74.0   74.1   73.6   76.0   75.1     88     80
01:12   74.0   74.1   73.6   76.0   75.2     88     80
01:13   74.0   74.1   73.6   76.0   75.1     88     80
01:14   74.0   74.1   73.6   76.0   75.1     88     80
01:15   74.0   74.1   73.6   76.0   75.2     88     80
01:16   74.0   74.1   73.6   76.0   75.2     88     80
01:17   74.1   74.1   73.6   76.1   75.3     88     80
01:18   74.0   74.1   73.5   76.1   75.4     88     80
01:19   74.0   74.1   73.5   76.2   75.3     88     80
01:20   74.0   74.1   73.5   76.3   75.3     88     80
01:21   74.0   74.1   73.5   76.3   75.4     88     80
01:22   74.0   74.1   73.5   76.3   75.4     88     80
01:23   74.0   74.1   73.5   76.3   75.4     89     80
01:24   74.0   74.1   73.5   76.3   75.4     89     80
01:25   74.0   74.1   73.5   76.3   75.3     89     80
01:26   74.0   74.1   73.5   76.3   75.2     89     80
01:27   74.0   74.1   73.5   76.3   75.3     89     80
01:28   74.0   74.1   73.5   76.3   75.2     89     80
01:29   74.0   74.1   73.5   76.3   75.2     89     80
01:30   73.9   74.1   73.5   76.3   75.1     89     80
01:31   73.9   74.0   73.5   76.2   75.1     89     80
01:32   73.9   74.1   73.5   76.3   75.1     89     80
01:33   73.9   74.1   73.5   76.3   75.1     89     80
01:34   73.9   74.1   73.5   76.3   75.1     89     80
01:35   73.9   74.0   73.5   76.2   75.1     89     80
01:36   73.9   74.0   73.4   76.1   75.1     89     80
01:37   73.9   74.0   73.5   76.1   75.1     89     80
01:38   73.9   74.0   73.5   76.1   75.1     89     80
01:39   73.9   74.0   73.5   76.1   75.0     89     80
01:40   73.9   74.0   73.5   76.1   75.0     89     80
01:41   73.9   74.0   73.5   76.1   75.0     89     80
01:42   73.9   74.0   73.5   76.1   75.0     89     80
01:43   73.9   74.0   73.5   76.0   75.0     90     81
01:44   73.9   74.0   73.5   76.0   75.0     89     80
01:45   73.8   73.9   73.4   76.0   75.0     89     80
Session: 1                                                       Page 51
Sensor: 1
Degrees Fahrenheit

TIME   WBGTi  WBGTo   WET    DRY   GLOBE  RH(%)   H.I.      
-----  -----  -----  -----  -----  -----  -----  -----
01:46   73.7   73.8   73.3   76.0   74.9     89     80
01:47   73.8   73.9   73.4   76.0   74.9     89     80
01:48   73.8   73.9   73.4   75.9   74.8     89     80
01:49   73.7   73.8   73.3   75.8   74.8     90     81
01:50   73.7   73.9   73.4   75.8   74.7     90     81
01:51   73.7   73.8   73.3   75.7   74.7     90     81
01:52   73.7   73.8   73.3   75.7   74.7     90     81
01:53   73.7   73.8   73.3   75.6   74.7     89     80
01:54   73.6   73.7   73.3   75.6   74.5     90     81
01:55   73.6   73.7   73.3   75.6   74.6     90     81
01:56   73.7   73.8   73.3   75.6   74.7     90     81
01:57   73.6   73.7   73.3   75.5   74.5     90     81
01:58   73.7   73.8   73.4   75.6   74.5     90     81
01:59   73.8   73.9   73.5   75.6   74.7     90     81
02:00   73.8   73.9   73.5   75.6   74.7     91     81
02:01   73.8   73.9   73.5   75.6   74.7     91     81
02:02   73.7   73.8   73.4   75.6   74.7     91     81
02:03   73.7   73.8   73.3   75.7   74.7     91     81
02:04   73.7   73.8   73.3   75.7   74.7     91     81
02:05   73.7   73.8   73.3   75.7   74.7     91     81
02:06   73.7   73.8   73.3   75.7   74.7     91     81
02:07   73.7   73.8   73.3   75.7   74.7     91     81
02:08   73.6   73.8   73.3   75.7   74.6     91     81
02:09   73.6   73.7   73.3   75.7   74.5     91     81
02:10   73.6   73.8   73.3   75.7   74.6     91     81
02:11   73.7   73.8   73.3   75.7   74.7     91     81
02:12   73.7   73.8   73.3   75.7   74.7     91     81
02:13   73.7   73.8   73.3   75.7   74.7     91     81
02:14   73.6   73.7   73.3   75.6   74.6     91     81
02:15   73.6   73.7   73.2   75.6   74.6     91     81
02:16   73.5   73.7   73.2   75.6   74.5     91     81
02:17   73.5   73.6   73.2   75.4   74.5     91     79
02:18   73.5   73.6   73.2   75.4   74.4     91     79
02:19   73.5   73.6   73.2   75.4   74.4     91     79
02:20   73.5   73.6   73.2   75.4   74.4     91     79
02:21   73.5   73.6   73.2   75.3   74.3     91     79
02:22   73.5   73.6   73.2   75.3   74.3     91     79
02:23   73.4   73.5   73.1   75.3   74.3     92     80
02:24   73.4   73.5   73.1   75.3   74.3     92     80
02:25   73.4   73.5   73.1   75.2   74.3     92     80
02:26   73.5   73.6   73.2   75.3   74.3     92     80
02:27   73.4   73.5   73.1   75.2   74.2     92     80
02:28   73.4   73.5   73.1   75.2   74.2     92     80
02:29   73.4   73.5   73.1   75.1   74.2     92     80
02:30   73.5   73.5   73.2   75.1   74.2     92     80
02:31   73.4   73.5   73.1   75.1   74.2     92     80
02:32   73.4   73.5   73.1   75.1   74.2     92     80
02:33   73.4   73.5   73.1   75.1   74.1     92     80
02:34   73.3   73.4   73.0   75.1   74.1     92     80
02:35   73.3   73.4   73.0   75.1   74.1     92     80
Session: 1                                                       Page 52
Sensor: 1
Degrees Fahrenheit

TIME   WBGTi  WBGTo   WET    DRY   GLOBE  RH(%)   H.I.      
-----  -----  -----  -----  -----  -----  -----  -----
02:36   73.3   73.4   73.0   75.1   74.1     92     80
02:37   73.3   73.4   73.0   75.2   74.2     92     80
02:38   73.3   73.4   73.0   75.2   74.2     93     80
02:39   73.3   73.4   73.0   75.2   74.2     92     80
02:40   73.3   73.4   73.0   75.2   74.2     93     80
02:41   73.3   73.4   73.0   75.2   74.2     93     80
02:42   73.3   73.4   73.0   75.1   74.1     92     80
02:43   73.3   73.4   73.0   75.1   74.1     92     80
02:44   73.3   73.4   73.0   75.1   74.0     92     80
02:45   73.3   73.4   73.0   75.0   74.0     92     80
02:46   73.2   73.3   73.0   74.9   73.9     92     80
02:47   73.2   73.2   72.9   74.8   73.9     93     80
02:48   73.2   73.3   73.0   74.8   73.9     93     80
02:49   73.2   73.3   73.0   74.8   73.9     93     80
02:50   73.2   73.3   73.0   74.9   73.9     93     80
02:51   73.2   73.3   73.0   74.9   73.9     93     80
02:52   73.2   73.3   73.0   74.9   73.9     93     80
02:53   73.2   73.3   73.0   75.0   73.9     93     80
02:54   73.2   73.3   72.9   75.0   74.0     93     80
02:55   73.2   73.3   72.9   75.0   73.9     93     80
02:56   73.2   73.3   72.9   74.9   73.9     93     80
02:57   73.1   73.2   72.9   74.8   73.8     92     80
02:58   73.1   73.2   72.9   74.8   73.8     92     80
02:59   73.1   73.2   72.9   74.7   73.8     92     80
03:00   73.1   73.2   72.9   74.6   73.7     93     80
03:01   73.2   73.2   73.0   74.5   73.7     93     80
03:02   73.2   73.3   73.0   74.5   73.8     93     80
03:03   73.2   73.3   73.0   74.6   73.8     93     80
03:04   73.2   73.3   73.0   74.6   73.8     93     80
03:05   73.2   73.3   73.0   74.7   73.8     93     80
03:06   73.2   73.3   73.0   74.7   73.8     93     80
03:07   73.2   73.3   73.0   74.7   73.8     93     80
03:08   73.2   73.3   73.0   74.7   73.8     93     80
03:09   73.2   73.3   73.0   74.7   73.8     93     80
03:10   73.2   73.3   73.0   74.8   73.8     93     80
03:11   73.2   73.3   73.0   74.8   73.8     94     80
03:12   73.2   73.3   73.0   74.8   73.8     93     80
03:13   73.2   73.3   73.0   74.9   73.9     94     80
03:14   73.2   73.3   73.0   75.0   73.9     94     80
03:15   73.2   73.3   73.0   75.0   73.9     94     80
03:16   73.2   73.3   73.0   75.0   73.9     94     80
03:17   73.2   73.3   73.0   75.0   73.9     94     80
03:18   73.4   73.5   73.2   75.0   73.9     94     80
03:19   73.4   73.5   73.2   75.0   73.9     94     80
03:20   73.4   73.5   73.2   75.0   74.0     94     80
03:21   73.3   73.4   73.1   75.0   74.0     94     80
03:22   73.3   73.4   73.1   75.0   74.0     94     80
03:23   73.4   73.5   73.2   75.0   74.0     94     80
03:24   73.4   73.5   73.2   74.9   74.0     94     80
03:25   73.3   73.4   73.1   74.9   73.9     95     80
Session: 1                                                       Page 53
Sensor: 1
Degrees Fahrenheit

TIME   WBGTi  WBGTo   WET    DRY   GLOBE  RH(%)   H.I.      
-----  -----  -----  -----  -----  -----  -----  -----
03:26   73.2   73.3   73.0   74.8   73.9     95     80
03:27   73.2   73.3   73.0   74.8   73.8     95     80
03:28   73.2   73.3   73.0   74.7   73.8     95     80
03:29   73.3   73.4   73.2   74.7   73.8     95     80
03:30   73.3   73.4   73.1   74.7   73.8     95     80
03:31   73.2   73.3   73.0   74.7   73.8     96     81
03:32   73.2   73.3   73.0   74.7   73.8     96     81
03:33   73.2   73.3   73.0   74.7   73.8     96     81
03:34   73.2   73.3   73.0   74.7   73.8     96     81
03:35   73.2   73.3   73.0   74.7   73.8     96     81
03:36   73.2   73.3   73.0   74.7   73.8     96     81
03:37   73.2   73.3   73.0   74.6   73.7     95     80
03:38   73.1   73.2   73.0   74.6   73.6     95     80
03:39   73.1   73.2   72.9   74.5   73.6     95     80
03:40   73.0   73.1   72.9   74.5   73.5     95     79
03:41   73.0   73.1   72.9   74.4   73.5     95     79
03:42   73.0   73.1   72.9   74.4   73.5     96     79
03:43   73.0   73.1   72.9   74.4   73.4     96     79
03:44   72.9   73.0   72.7   74.4   73.4     95     79
03:45   72.9   73.0   72.7   74.3   73.4     96     79
03:46   72.9   73.0   72.7   74.4   73.4     95     79
03:47   72.8   72.9   72.7   74.3   73.3     95     79
03:48   72.8   72.9   72.6   74.2   73.3     95     79
03:49   72.8   72.9   72.6   74.2   73.3     96     79
03:50   72.8   72.9   72.7   74.2   73.3     95     79
03:51   72.8   72.9   72.7   74.1   73.2     95     79
03:52   72.8   72.9   72.7   74.1   73.2     96     79
03:53   72.7   72.8   72.6   74.0   73.2     96     79
03:54   72.7   72.8   72.6   74.1   73.2     96     79
03:55   72.7   72.8   72.6   74.1   73.2     96     79
03:56   72.8   72.9   72.7   74.1   73.2     96     79
03:57   72.8   72.9   72.7   74.1   73.2     96     79
03:58   72.8   72.9   72.7   74.1   73.2     96     79
03:59   72.8   72.9   72.7   74.1   73.2     96     79
04:00   72.8   72.9   72.7   74.1   73.2     96     79
04:01   72.8   72.9   72.7   74.1   73.2     96     79
04:02   72.8   72.9   72.7   74.1   73.2     96     79
04:03   72.8   72.9   72.7   74.1   73.2     96     79
04:04   72.8   72.9   72.7   74.0   73.1     96     79
04:05   72.8   72.9   72.7   74.1   73.2     96     79
04:06   72.8   72.9   72.7   74.0   73.1     96     79
04:07   72.7   72.8   72.6   73.9   73.1     96     79
04:08   72.7   72.8   72.6   73.9   73.1     96     79
04:09   72.7   72.8   72.6   73.9   73.0     96     79
04:10   72.7   72.8   72.6   73.9   73.0     96     79
04:11   72.6   72.7   72.5   73.9   73.0     96     79
04:12   72.6   72.7   72.5   73.9   73.0     96     79
04:13   72.6   72.7   72.5   73.9   73.0     96     79
04:14   72.5   72.6   72.4   73.8   73.0     97     79
04:15   72.5   72.6   72.4   73.9   73.0     97     79
Session: 1                                                       Page 54
Sensor: 1
Degrees Fahrenheit

TIME   WBGTi  WBGTo   WET    DRY   GLOBE  RH(%)   H.I.      
-----  -----  -----  -----  -----  -----  -----  -----
04:16   72.5   72.6   72.4   73.9   73.0     97     79
04:17   72.5   72.6   72.4   73.9   73.0     97     79
04:18   72.5   72.6   72.4   73.9   73.0     97     79
04:19   72.5   72.6   72.4   73.9   73.0     97     79
04:20   72.5   72.6   72.4   73.9   73.0     97     79
04:21   72.7   72.8   72.6   73.9   73.0     97     79
04:22   72.7   72.8   72.6   73.9   73.0     97     79
04:23   72.7   72.8   72.6   73.9   73.0     97     79
04:24   72.7   72.8   72.6   73.9   73.0     97     79
04:25   72.6   72.7   72.5   73.9   73.0     97     79
04:26   72.7   72.8   72.6   73.9   73.0     97     79
04:27   72.7   72.8   72.6   73.9   73.0     97     79
04:28   72.7   72.8   72.6   73.9   73.0     97     79
04:29   72.6   72.7   72.5   73.9   72.9     97     79
04:30   72.6   72.7   72.5   73.9   73.0     97     79
04:31   72.6   72.7   72.6   73.9   72.9     97     79
04:32   72.7   72.8   72.6   73.9   73.0     97     79
04:33   72.7   72.8   72.6   73.9   73.0     97     79
04:34   72.7   72.8   72.6   73.9   73.0     97     79
04:35   72.6   72.7   72.6   73.8   72.9     97     79
04:36   72.6   72.7   72.6   73.8   72.9     97     79
04:37   72.6   72.7   72.6   73.8   72.9     97     79
04:38   72.6   72.7   72.6   73.8   72.9     97     79
04:39   72.6   72.7   72.6   73.8   72.9     97     79
04:40   72.7   72.8   72.7   73.7   72.9     97     79
04:41   72.6   72.7   72.6   73.7   72.9     97     79
04:42   72.6   72.7   72.6   73.6   72.9     97     79
04:43   72.6   72.7   72.6   73.6   72.9     97     79
04:44   72.7   72.8   72.7   73.6   72.9     97     79
04:45   72.6   72.7   72.6   73.6   72.9     97     79
04:46   72.6   72.7   72.6   73.6   72.9     97     79
04:47   72.6   72.7   72.6   73.6   72.9     97     79
04:48   72.6   72.7   72.6   73.6   72.9     97     79
04:49   72.6   72.7   72.6   73.5   72.8     97     79
04:50   72.6   72.6   72.5   73.5   72.9     97     79
04:51   72.5   72.6   72.4   73.5   72.9     98     80
04:52   72.5   72.6   72.4   73.5   72.9     98     80
04:53   72.6   72.6   72.5   73.6   72.9     98     80
04:54   72.5   72.6   72.4   73.6   72.9     98     80
04:55   72.5   72.6   72.4   73.6   72.9     98     80
04:56   72.5   72.6   72.4   73.6   72.8     98     80
04:57   72.4   72.5   72.4   73.5   72.7     98     78
04:58   72.4   72.5   72.3   73.5   72.7     98     78
04:59   72.4   72.5   72.3   73.5   72.7     98     78
05:00   72.4   72.4   72.3   73.4   72.7     98     78
05:01   72.3   72.4   72.3   73.4   72.6     98     78
05:02   72.4   72.5   72.4   73.3   72.6     97     78
05:03   72.3   72.4   72.3   73.3   72.6     98     78
05:04   72.4   72.5   72.4   73.2   72.6     97     78
05:05   72.4   72.5   72.4   73.2   72.6     97     78
Session: 1                                                       Page 55
Sensor: 1
Degrees Fahrenheit

TIME   WBGTi  WBGTo   WET    DRY   GLOBE  RH(%)   H.I.      
-----  -----  -----  -----  -----  -----  -----  -----
05:06   72.4   72.5   72.4   73.3   72.6     97     78
05:07   72.4   72.5   72.4   73.3   72.7     97     78
05:08   72.4   72.5   72.4   73.3   72.7     97     78
05:09   72.4   72.5   72.4   73.3   72.7     98     78
05:10   72.4   72.5   72.4   73.3   72.6     98     78
05:11   72.4   72.5   72.4   73.3   72.6     98     78
05:12   72.4   72.5   72.4   73.3   72.6     98     78
05:13   72.4   72.5   72.4   73.3   72.6     98     78
05:14   72.4   72.5   72.4   73.3   72.6     98     78
05:15   72.3   72.4   72.3   73.2   72.6     98     78
05:16   72.3   72.4   72.3   73.2   72.6     98     78
05:17   72.3   72.4   72.3   73.2   72.5     98     78
05:18   72.3   72.4   72.3   73.2   72.6     98     78
05:19   72.3   72.4   72.3   73.2   72.6     98     78
05:20   72.3   72.4   72.3   73.2   72.6     98     78
05:21   72.3   72.4   72.3   73.2   72.6     98     78
05:22   72.3   72.4   72.3   73.2   72.6     98     78
05:23   72.3   72.4   72.3   73.2   72.6     98     78
05:24   72.3   72.4   72.3   73.2   72.6     98     78
05:25   72.3   72.4   72.3   73.2   72.6     98     78
05:26   72.3   72.4   72.3   73.2   72.6     98     78
05:27   72.4   72.5   72.4   73.3   72.6     98     78
05:28   72.4   72.5   72.4   73.3   72.6     98     78
05:29   72.4   72.5   72.4   73.3   72.6     98     78
05:30   72.3   72.4   72.3   73.2   72.6     98     78
05:31   72.3   72.4   72.3   73.2   72.4     98     78
05:32   72.1   72.2   72.1   73.1   72.3     98     78
05:33   72.1   72.2   72.1   73.0   72.3     98     78
05:34   72.2   72.3   72.2   73.0   72.3     98     78
05:35   72.1   72.2   72.1   73.0   72.3     98     78
05:36   72.0   72.1   72.0   73.0   72.3     98     78
05:37   72.0   72.1   72.0   72.9   72.3     98     78
05:38   72.0   72.1   72.0   73.0   72.3     99     79
05:39   72.0   72.1   72.0   73.0   72.3     99     79
05:40   72.0   72.1   72.0   73.0   72.3     99     79
05:41   72.0   72.1   72.0   73.0   72.3     99     79
05:42   72.1   72.1   72.0   73.0   72.4     99     79
05:43   72.0   72.1   72.0   73.0   72.3     99     79
05:44   72.0   72.1   72.0   73.0   72.3     99     79
05:45   72.0   72.1   72.0   73.0   72.3     99     79
05:46   72.0   72.1   72.0   73.0   72.3     99     79
05:47   72.1   72.2   72.1   73.0   72.3     99     79
05:48   72.0   72.1   72.0   72.9   72.3     99     79
05:49   72.0   72.1   72.0   72.9   72.3     99     79
05:50   72.0   72.1   72.0   72.9   72.2     99     79
05:51   72.0   72.1   72.0   72.9   72.2     99     79
05:52   72.0   72.1   72.0   72.9   72.3     99     79
05:53   72.0   72.1   72.0   72.9   72.3     99     79
05:54   72.0   72.0   71.9   73.0   72.3     99     79
05:55   72.0   72.0   71.9   73.0   72.3     99     79
Session: 1                                                       Page 56
Sensor: 1
Degrees Fahrenheit

TIME   WBGTi  WBGTo   WET    DRY   GLOBE  RH(%)   H.I.      
-----  -----  -----  -----  -----  -----  -----  -----
05:56   72.0   72.0   71.9   73.0   72.3     99     79
05:57   72.0   72.1   72.0   73.0   72.3     99     79
05:58   72.0   72.1   72.0   72.9   72.3     99     79
05:59   72.1   72.2   72.1   72.9   72.2     99     79
06:00   72.0   72.1   72.0   72.9   72.2     99     79
06:01   72.0   72.1   72.0   72.9   72.1     99     79
06:02   72.0   72.1   72.0   72.9   72.1     99     79
06:03   72.0   72.1   72.0   72.8   72.1     99     79
06:04   72.0   72.0   72.0   72.7   72.1     99     79
06:05   72.0   72.0   72.0   72.7   72.1     99     79
06:06   72.0   72.0   72.0   72.7   72.0     99     79
06:07   72.0   72.0   72.0   72.7   72.1     99     79
06:08   72.0   72.0   72.0   72.7   72.0     99     79
06:09   72.0   72.0   72.0   72.7   72.0     99     79
06:10   72.0   72.0   72.0   72.7   72.1     99     79
06:11   72.0   72.0   72.0   72.7   72.1     99     79
06:12   72.0   72.0   72.0   72.7   72.1     99     79
06:13   71.9   72.0   71.9   72.7   72.1     99     79
06:14   71.9   72.0   71.9   72.7   72.1     99     79
06:15   72.0   72.0   72.0   72.6   72.0     99     79
06:16   71.9   71.9   71.9   72.6   72.0     99     79
06:17   71.9   71.9   71.9   72.6   72.0     99     79
06:18   71.8   71.9   71.8   72.6   72.0     99     79
06:19   71.8   71.9   71.8   72.6   72.0     99     79
06:20   71.9   71.9   71.9   72.6   72.0     99     79
06:21   72.0   72.0   72.0   72.6   72.0     99     79
06:22   72.0   72.0   72.0   72.6   72.1     99     79
06:23   72.0   72.0   72.0   72.7   72.1    100     79
06:24   72.0   72.0   72.0   72.7   72.1    100     79
06:25   72.0   72.0   72.0   72.7   72.1    100     79
06:26   72.0   72.1   72.0   72.8   72.1    100     79
06:27   72.0   72.0   72.0   72.7   72.1    100     79
06:28   72.0   72.0   72.0   72.7   72.1    100     79
06:29   71.9   72.0   71.9   72.7   72.1    100     79
06:30   71.9   72.0   71.9   72.7   72.1    100     79
06:31   71.9   71.9   71.9   72.6   72.0    100     79
06:32   72.0   72.0   72.0   72.6   72.0    100     79
06:33   72.0   72.0   72.0   72.6   72.0     99     79
06:34   71.9   71.9   71.9   72.6   72.0     99     79
06:35   72.0   72.0   72.0   72.6   72.0     99     79
06:36   72.0   72.0   72.0   72.6   72.0    100     79
06:37   72.0   72.0   72.0   72.6   72.1    100     79
06:38   71.9   72.0   71.9   72.6   72.1    100     79
06:39   72.0   72.0   72.0   72.6   72.1    100     79
06:40   72.0   72.0   72.0   72.6   72.1    100     79
06:41   72.0   72.0   72.0   72.6   72.1    100     79
06:42   72.0   72.0   72.0   72.7   72.1    100     79
06:43   72.1   72.1   72.1   72.7   72.1    100     79
06:44   72.0   72.0   72.0   72.7   72.1    100     79
06:45   72.0   72.0   72.0   72.7   72.1    100     79
Session: 1                                                       Page 57
Sensor: 1
Degrees Fahrenheit

TIME   WBGTi  WBGTo   WET    DRY   GLOBE  RH(%)   H.I.      
-----  -----  -----  -----  -----  -----  -----  -----
06:46   72.0   72.0   72.0   72.7   72.0    100     79
06:47   71.9   72.0   71.9   72.7   72.0    100     79
06:48   71.9   72.0   71.9   72.7   72.0    100     79
06:49   71.9   72.0   71.9   72.7   72.0    100     79
06:50   71.9   71.9   71.9   72.6   72.0    100     79
06:51   71.9   71.9   71.9   72.6   72.0    100     79
06:52   71.8   71.9   71.8   72.6   72.0    100     79
06:53   71.7   71.8   71.7   72.6   72.0    100     79
06:54   71.8   71.9   71.8   72.6   72.0    100     79
06:55   71.9   71.9   71.9   72.6   72.0    100     79
06:56   71.9   71.9   71.9   72.5   72.0    100     79
06:57   71.9   71.9   71.9   72.5   72.0    100     72
06:58   71.9   71.9   71.9   72.5   72.0    100     72
06:59   71.9   71.9   71.9   72.5   72.0    100     72
07:00   71.8   71.9   71.8   72.5   72.0    100     72
07:01   71.8   71.8   71.8   72.5   71.9    100     79
07:02   71.9   71.9   71.9   72.6   72.0    100     79
07:03   71.9   71.9   71.9   72.6   72.0    100     79
07:04   71.9   71.9   71.9   72.5   71.9    100     79
07:05   71.9   71.9   71.9   72.5   72.0    100     79
07:06   72.0   72.0   72.0   72.5   72.0    100     79
07:07   72.0   72.0   72.0   72.6   72.0    100     79
07:08   72.0   72.0   72.0   72.6   72.0    100     79
07:09   72.0   72.0   72.0   72.6   72.0    100     79
07:10   72.0   72.0   72.0   72.6   72.0    100     79
07:11   71.9   71.9   71.9   72.6   72.0    100     79
07:12   71.9   71.9   71.9   72.5   71.9    100     79
07:13   71.8   71.8   71.8   72.4   71.9    100     72
07:14   71.9   71.9   71.9   72.4   71.9    100     72
07:15   71.8   71.8   71.8   72.4   71.8    100     72
07:16   71.8   71.8   71.8   72.4   71.9    100     72
07:17   71.8   71.8   71.8   72.4   71.9    100     72
07:18   71.8   71.9   71.8   72.4   72.0    100     72
07:19   71.7   71.8   71.7   72.4   72.0    100     72
07:20   71.8   71.9   71.8   72.4   72.0    100     72
07:21   72.0   72.0   72.0   72.6   72.0    100     79
07:22   72.0   72.0   72.0   72.7   72.1    100     79
07:23   72.0   72.0   72.0   72.7   72.1    100     79
07:24   71.9   72.0   71.9   72.7   72.1    100     79
07:25   71.9   72.0   71.9   72.6   72.1    100     79
07:26   71.9   72.0   71.9   72.7   72.0    100     79
07:27   71.9   71.9   71.9   72.6   72.0    100     79
07:28   71.9   71.9   71.9   72.6   72.0    100     79
07:29   71.9   71.9   71.9   72.6   72.0    100     79
07:30   71.8   71.9   71.8   72.6   72.0    100     79
07:31   71.7   71.8   71.7   72.5   72.0    100     72
07:32   71.8   71.9   71.8   72.4   72.0    100     72
07:33   71.8   71.9   71.8   72.4   72.0    100     72
07:34   71.9   71.9   71.9   72.3   72.0    100     72
07:35   71.9   71.9   71.9   72.3   72.0    100     72
Session: 1                                                       Page 58
Sensor: 1
Degrees Fahrenheit

TIME   WBGTi  WBGTo   WET    DRY   GLOBE  RH(%)   H.I.      
-----  -----  -----  -----  -----  -----  -----  -----
07:36   71.9   71.9   71.9   72.3   72.1    100     72
07:37   71.9   71.9   71.9   72.3   72.1    100     72
07:38   71.9   71.9   71.9   72.3   72.1    100     72
07:39   71.9   71.9   71.9   72.3   72.1    100     72
07:40   71.9   71.9   71.9   72.3   72.1    100     72
07:41   72.0   72.1   72.0   72.4   72.3    100     72
07:42   72.0   72.1   72.0   72.5   72.3    100     79
07:43   72.1   72.1   72.0   72.5   72.4    100     72
07:44   72.1   72.1   72.0   72.5   72.4    100     79
07:45   72.1   72.1   72.0   72.5   72.4    100     79
07:46   72.1   72.1   72.0   72.5   72.4    100     79
07:47   72.1   72.1   72.0   72.6   72.4    100     79
07:48   72.1   72.2   72.1   72.6   72.4    100     79
07:49   72.1   72.1   72.0   72.6   72.4    100     79
07:50   72.2   72.2   72.1   72.7   72.5    100     79
07:51   72.2   72.2   72.1   72.7   72.6    100     79
07:52   72.2   72.2   72.1   72.7   72.6    100     79
07:53   72.2   72.2   72.1   72.9   72.6    100     79
07:54   72.2   72.2   72.1   72.9   72.6    100     79
07:55   72.2   72.2   72.1   72.9   72.6    100     79
07:56   72.2   72.3   72.1   72.9   72.7    100     79
07:57   72.2   72.3   72.1   72.9   72.7    100     79
07:58   72.2   72.3   72.1   72.9   72.7    100     79
07:59   72.2   72.3   72.1   73.0   72.7    100     79
08:00   72.3   72.3   72.2   73.0   72.7    100     79
08:01   72.3   72.4   72.2   73.0   72.8    100     79
08:02   72.3   72.3   72.1   73.1   72.9    100     79
08:03   72.3   72.3   72.1   73.1   72.9    100     79
08:04   72.4   72.5   72.3   73.2   72.9    100     79
08:05   72.4   72.5   72.3   73.2   72.9    100     79
08:06   72.4   72.5   72.3   73.2   72.9    100     79
08:07   72.5   72.5   72.3   73.2   73.0    100     79
08:08   72.5   72.5   72.3   73.3   73.1    100     79
08:09   72.6   72.6   72.4   73.3   73.1    100     79
08:10   72.7   72.7   72.5   73.3   73.2    100     79
08:11   72.8   72.8   72.6   73.5   73.3    100     79
08:12   72.9   72.9   72.7   73.5   73.4    100     79
08:13   72.9   72.9   72.7   73.6   73.6    100     80
08:14   72.9   72.9   72.7   73.8   73.6    100     80
08:15   72.9   72.9   72.7   73.8   73.6    100     80
08:16   73.1   73.1   72.9   73.9   73.6     99     80
08:17   73.3   73.2   73.0   73.9   74.0     99     80
08:18   73.4   73.4   73.0   74.1   74.6     99     80
08:19   73.5   73.4   73.0   74.1   74.7     99     80
08:20   73.3   73.3   72.9   74.1   74.4     99     80
08:21   73.2   73.2   72.9   74.2   74.2     99     80
08:22   73.2   73.2   72.9   74.2   74.1     98     80
08:23   73.2   73.2   72.9   74.2   74.1     98     80
08:24   73.2   73.2   72.9   74.2   74.1     98     80
08:25   73.3   73.3   73.0   74.2   74.2     98     80
Session: 1                                                       Page 59
Sensor: 1
Degrees Fahrenheit

TIME   WBGTi  WBGTo   WET    DRY   GLOBE  RH(%)   H.I.      
-----  -----  -----  -----  -----  -----  -----  -----
08:26   73.3   73.3   73.0   74.3   74.2     98     80
08:27   73.4   73.4   73.0   74.2   74.4     98     80
08:28   73.4   73.4   73.0   74.3   74.6     98     80
08:29   73.4   73.4   73.0   74.4   74.6     97     79
08:30   73.5   73.5   73.1   74.4   74.7     97     79
08:31   73.7   73.6   73.2   74.5   74.9     97     81
08:32   73.7   73.6   73.2   74.5   74.9     97     81
08:33   73.7   73.7   73.2   74.6   75.1     97     81
08:34   73.8   73.7   73.2   74.7   75.2     97     81
08:35   73.9   73.8   73.3   74.7   75.3     97     81
08:36   73.9   73.8   73.3   74.8   75.4     96     81
08:37   73.9   73.9   73.3   74.8   75.6     96     81
08:38   74.1   74.1   73.5   74.9   75.8     96     81
08:39   74.2   74.1   73.5   75.0   76.0     96     81
08:40   74.3   74.2   73.6   75.1   76.1     96     81
08:41   74.4   74.2   73.6   75.1   76.3     96     81
08:42   74.6   74.5   73.8   75.2   76.6     96     81
08:43   74.7   74.5   73.8   75.4   76.9     96     81
08:44   74.8   74.6   73.9   75.4   77.1     95     80
08:45   74.8   74.7   73.9   75.6   77.2     95     82
08:46   74.9   74.7   73.9   75.7   77.4     95     82
08:47   75.0   74.8   74.0   75.7   77.6     94     82
08:48   75.1   74.9   74.0   75.7   77.7     94     82
08:49   75.2   75.0   74.1   75.8   77.9     94     82
08:50   75.3   75.0   74.1   76.0   78.1     93     81
08:51   75.4   75.1   74.2   76.1   78.2     94     82
08:52   75.5   75.3   74.3   76.1   78.4     93     81
08:53   75.5   75.3   74.3   76.2   78.5     93     81
08:54   75.6   75.4   74.4   76.3   78.6     93     81
08:55   75.7   75.4   74.4   76.3   78.8     93     81
08:56   75.8   75.5   74.5   76.4   79.0     93     81
08:57   76.0   75.7   74.7   76.6   79.2     92     83
08:58   76.2   75.9   74.8   76.7   79.5     92     83
08:59   76.4   76.0   74.9   76.8   79.9     92     83
09:00   76.5   76.2   75.0   76.9   80.2     92     83
09:01   76.5   76.2   75.0   77.0   80.3     91     83
09:02   76.7   76.3   75.1   77.2   80.5     91     83
09:03   76.7   76.4   75.1   77.3   80.6     91     83
09:04   76.8   76.5   75.2   77.4   80.8     90     82
09:05   76.9   76.5   75.2   77.5   81.0     90     83
09:06   77.1   76.7   75.4   77.6   81.2     90     83
09:07   77.2   76.8   75.5   77.7   81.3     89     83
09:08   77.3   77.0   75.6   77.8   81.5     89     83
09:09   77.4   77.0   75.6   78.0   81.6     88     83
09:10   77.4   77.0   75.6   78.1   81.8     88     83
09:11   77.5   77.1   75.7   78.2   81.9     87     83
09:12   77.6   77.2   75.7   78.5   82.1     86     84
09:13   77.8   77.4   75.8   78.6   82.6     87     84
09:14   78.0   77.6   75.9   78.7   83.1     87     84
09:15   78.1   77.7   76.0   78.9   83.3     85     84
Session: 1                                                       Page 60
Sensor: 1
Degrees Fahrenheit

TIME   WBGTi  WBGTo   WET    DRY   GLOBE  RH(%)   H.I.      
-----  -----  -----  -----  -----  -----  -----  -----
09:16   78.2   77.8   76.0   79.1   83.5     86     84
09:17   78.3   77.8   76.0   79.1   83.7     84     84
09:18   78.3   77.8   76.0   79.2   83.7     82     84
09:19   78.1   77.7   75.8   79.5   83.7     83     86
09:20   78.5   78.0   76.1   79.5   84.1     84     86
09:21   78.5   78.0   76.1   79.7   84.2     82     86
09:22   78.6   78.1   76.2   79.7   84.4     82     86
09:23   78.7   78.2   76.3   79.8   84.4     82     86
09:24   78.9   78.4   76.4   79.8   85.0     82     86
09:25   79.2   78.7   76.5   79.9   85.8     81     86
09:26   79.4   78.8   76.6   80.0   86.1     81     86
09:27   79.5   78.9   76.7   80.1   86.2     80     85
09:28   79.7   79.1   76.9   80.3   86.3     79     85
09:29   79.8   79.2   77.0   80.4   86.4     78     85
09:30   79.8   79.2   76.9   80.6   86.6     78     87
09:31   79.7   79.1   76.8   80.8   86.5     76     86
09:32   79.6   79.0   76.6   81.0   86.6     76     86
09:33   79.6   79.0   76.6   81.1   86.8     78     87
09:34   79.6   79.1   76.7   81.1   86.6     78     87
09:35   79.7   79.2   76.9   81.3   86.5     77     87
09:36   79.6   79.1   76.7   81.3   86.4     77     87
09:37   79.6   79.1   76.8   81.3   86.3     77     87
09:38   79.7   79.2   77.0   81.4   86.2     76     86
09:39   79.7   79.2   77.0   81.5   86.2     78     87
09:40   79.7   79.3   77.0   81.5   86.3     77     87
09:41   79.7   79.3   77.0   81.5   86.3     76     88
09:42   79.8   79.4   77.1   81.6   86.4     77     89
09:43   79.9   79.5   77.2   81.7   86.5     76     88
09:44   80.2   79.7   77.4   81.8   86.9     75     88
09:45   80.3   79.8   77.4   82.0   87.3     74     88
09:46   80.3   79.7   77.2   82.3   87.6     73     88
09:47   80.4   79.9   77.3   82.5   87.9     75     88
09:48   80.8   80.3   77.7   82.7   88.3     75     90
09:49   82.1   81.4   78.8   83.1   90.1     76     90
09:50   84.1   83.1   79.9   83.5   94.1     74     92
09:51   85.8   84.3   80.4   83.9   98.4     70     91
09:52   86.6   84.9   80.4   84.5  101.3     69     92
09:53   87.3   85.4   80.3   84.8  103.8     63     91
09:54   87.2   85.3   79.7   85.1  105.0     63     91
09:55   87.3   85.3   79.7   85.4  105.2     60     90
09:56   86.9   85.0   79.5   85.4  104.2     59     90
09:57   85.9   84.3   79.2   85.4  101.7     59     90
09:58   85.1   83.6   78.9   85.4   99.6     60     90
09:59   84.2   83.0   78.6   85.0   97.5     60     90
10:00   83.8   82.7   78.8   84.7   95.7     59     90
10:01   83.3   82.3   78.6   84.7   94.3     60     90
10:02   83.1   82.2   78.6   84.7   93.6     61     90
10:03   83.5   82.6   79.1   84.8   93.9     63     91
10:04   83.8   82.9   79.3   85.1   94.6     63     91
10:05   84.0   83.0   79.2   85.3   95.4     62     90
Session: 1                                                       Page 61
Sensor: 1
Degrees Fahrenheit

TIME   WBGTi  WBGTo   WET    DRY   GLOBE  RH(%)   H.I.      
-----  -----  -----  -----  -----  -----  -----  -----
10:06   84.4   83.3   79.3   85.4   96.3     62     90
10:07   85.1   83.9   79.6   85.6   98.1     60     92
10:08   85.5   84.1   79.4   85.7   99.9     61     92
10:09   85.8   84.4   79.7   86.0  100.3     59     91
10:10   86.1   84.6   79.9   86.3  100.6     58     91
10:11   86.4   84.9   80.0   86.5  101.5     57     91
10:12   86.0   84.5   79.4   86.6  101.6     55     92
10:13   85.9   84.5   79.4   86.8  101.3     54     92
10:14   85.8   84.3   79.2   86.9  101.3     53     91
10:15   86.3   84.9   79.8   87.2  101.7     55     92
10:16   86.8   85.3   80.3   87.5  102.1     52     91
10:17   86.0   84.5   79.2   87.4  101.9     51     91
10:18   85.6   84.2   78.9   87.4  101.4     50     90
10:19   85.5   84.1   78.9   87.4  100.9     51     91
10:20   85.4   84.1   78.9   87.4  100.7     50     90
10:21   85.7   84.4   79.4   87.6  100.7     51     92
10:22   86.0   84.6   79.4   87.8  101.6     49     92
10:23   86.2   84.8   79.5   88.2  101.9     49     92
10:24   86.3   84.9   79.4   88.3  102.6     49     92
10:25   87.2   85.6   79.8   88.4  104.6     47     91
10:26   88.2   86.4   80.4   88.7  106.6     47     93
10:27   88.7   86.7   80.3   88.8  108.3     45     92
10:28   89.8   87.7   81.0   89.1  110.5     45     92
10:29   90.5   88.2   81.1   89.3  112.7     44     92
10:30   91.3   88.8   81.4   89.5  114.6     42     91
10:31   92.2   89.6   82.0   89.8  116.1     44     93
10:32   93.3   90.5   82.8   90.0  117.8     40     92
10:33   93.4   90.5   82.6   90.2  118.7     40     92
10:34   93.3   90.4   82.2   90.5  119.4     40     92
10:35   94.2   91.3   83.1   91.0  120.3     39     93
10:36   94.4   91.4   82.8   91.2  121.6     38     93
10:37   94.9   91.8   83.2   91.9  122.3     37     94
10:38   95.4   92.3   83.5   92.3  123.3     35     93
10:39   94.5   91.4   82.2   91.9  123.4     34     93
10:40   94.7   91.7   82.8   92.2  122.6     34     93
10:41   95.1   92.0   83.2   92.4  122.9     36     93
10:42   94.4   91.4   82.4   91.9  122.7     32     92
10:43   93.6   90.6   81.7   91.6  121.4     32     92
10:44   93.1   90.3   81.6   91.5  120.2     32     91
10:45   93.0   90.2   81.6   91.5  119.8     32     91
10:46   93.1   90.3   81.8   91.5  119.6     30     90
10:47   92.9   90.1   81.5   91.7  119.5     30     91
10:48   93.7   91.0   82.6   92.2  119.9     33     92
10:49   94.6   91.7   83.2   92.8  121.2     30     93
10:50   94.5   91.5   82.8   92.7  121.8     30     93
10:51   94.4   91.5   82.8   92.7  121.6     31     93
10:52   94.3   91.4   82.8   92.5  121.3     32     93
10:53   94.9   92.1   83.6   92.9  121.5     32     93
10:54   95.7   92.7   84.1   93.0  122.8     32     93
10:55   95.6   92.5   83.9   92.3  122.9     33     92
Session: 1                                                       Page 62
Sensor: 1
Degrees Fahrenheit

TIME   WBGTi  WBGTo   WET    DRY   GLOBE  RH(%)   H.I.      
-----  -----  -----  -----  -----  -----  -----  -----
10:56   95.0   92.1   83.5   92.5  122.1     33     94
10:57   94.6   91.6   82.9   92.3  122.0     34     93
10:58   94.7   91.7   83.2   92.1  121.6     35     93
10:59   94.4   91.5   83.2   91.6  120.8     35     93
11:00   94.6   91.7   83.5   91.6  120.7     34     93
11:01   95.0   92.1   83.8   92.1  121.2     36     93
11:02   95.6   92.6   84.0   92.4  122.9     32     92
11:03   94.9   91.9   82.9   92.5  123.1     30     93
11:04   94.4   91.4   82.3   92.5  122.8     31     93
11:05   94.4   91.4   82.5   92.5  122.2     30     91
11:06   93.8   90.9   82.1   92.5  121.1     31     92
11:07   93.3   90.4   81.7   92.2  120.4     31     92
11:08   93.3   90.6   82.2   92.4  119.4     30     91
11:09   93.3   90.6   82.2   92.5  119.4     31     93
11:10   93.7   90.9   82.4   92.1  120.1     30     91
11:11   93.1   90.3   81.7   92.2  119.9     30     91
11:12   92.7   90.0   81.3   92.1  119.6     30     91
11:13   93.2   90.6   82.1   92.7  119.3     30     93
11:14   93.6   90.8   82.2   92.6  120.3     29      0
11:15   92.9   90.2   81.6   92.2  119.4     29      0
11:16   93.1   90.5   82.0   92.8  119.2     30     93
11:17   93.4   90.7   82.0   93.1  120.2     30     93
11:18   94.1   91.3   82.6   93.6  121.0     31     95
11:19   94.3   91.5   82.5   93.7  122.1     28      0
11:20   94.1   91.2   82.1   93.6  122.3     28      0
11:21   93.9   91.1   81.9   93.3  122.2     28      0
11:22   94.0   91.2   82.2   93.7  121.8     28      0
11:23   95.2   92.3   83.4   94.0  123.0     28      0
11:24   95.3   92.3   83.1   93.9  123.8     29      0
11:25   95.1   92.1   82.9   94.1  123.7     31     95
11:26   96.2   93.3   84.3   94.9  124.2     29      0
11:27   96.8   93.7   84.5   94.7  125.5     28      0
11:28   96.9   93.8   84.6   94.7  125.6     30     96
11:29   97.5   94.4   85.3   95.1  126.0     31     96
11:30   97.2   94.0   84.6   95.3  126.7     29      0
11:31   96.3   93.1   83.3   95.0  126.7     27      0
11:32   95.4   92.3   82.5   94.7  125.6     27      0
11:33   95.6   92.7   83.3   95.3  124.5     27      0
11:34   94.8   91.8   82.2   94.8  124.3     26      0
11:35   94.4   91.5   82.1   94.6  123.3     26      0
11:36   95.2   92.3   83.0   95.0  123.7     27      0
11:37   95.5   92.6   83.2   95.2  124.2     26      0
11:38   95.5   92.5   82.9   95.2  125.1     25      0
11:39   94.9   92.0   82.3   94.9  124.6     25      0
11:40   94.5   91.6   82.2   94.6  123.2     25      0
11:41   94.2   91.4   82.2   94.5  122.3     25      0
11:42   94.2   91.5   82.5   94.5  121.6     29      0
11:43   95.0   92.3   83.5   94.8  121.9     28      0
11:44   94.9   92.0   83.0   94.1  122.8     27      0
11:45   93.9   91.1   82.3   93.6  121.1     28      0
Session: 1                                                       Page 63
Sensor: 1
Degrees Fahrenheit

TIME   WBGTi  WBGTo   WET    DRY   GLOBE  RH(%)   H.I.      
-----  -----  -----  -----  -----  -----  -----  -----
11:46   94.8   92.1   83.6   94.3  121.1     30     94
11:47   96.1   93.3   84.7   94.9  122.9     30     96
11:48   96.6   93.6   84.7   95.0  124.5     32     97
11:49   96.5   93.5   84.3   95.2  125.0     29      0
11:50   97.2   94.2   85.1   95.4  125.6     29      0
11:51   97.2   94.2   85.1   95.4  125.5     32     97
11:52   96.8   93.7   84.5   95.0  125.5     28      0
11:53   95.2   92.3   82.9   94.3  124.2     27      0
11:54   94.2   91.3   82.3   93.8  122.0     28      0
11:55   94.9   92.1   83.2   94.6  122.4     27      0
11:56   96.4   93.4   84.2   95.3  124.9     28      0
11:57   97.9   94.7   85.4   95.7  127.1     30     97
11:58   98.4   95.2   85.7   96.1  128.3     29      0
11:59   97.7   94.5   84.5   96.1  128.8     27      0
12:00   97.3   94.1   84.2   96.1  128.1     27      0
12:01   97.2   94.0   84.1   96.4  127.8     29      0
12:02   98.0   94.8   84.9   96.8  128.6     26      0
12:03   97.0   93.8   83.5   96.5  128.6     24      0
12:04   96.9   93.7   83.5   96.3  128.2     25      0
12:05   96.5   93.3   83.2   96.1  127.7     26      0
12:06   97.2   94.1   84.2   96.6  127.6     26      0
12:07   96.9   93.7   83.5   96.4  128.4     25      0
12:08   98.2   95.0   85.0   97.2  129.0     28      0
12:09   97.7   94.3   83.7   96.8  130.4     24      0
12:10   94.8   91.9   81.9   95.9  124.9     24      0
12:11   93.2   90.8   82.0   95.8  119.5     25      0
12:12   92.9   90.7   82.2   95.7  118.1     25      0
12:13   92.4   90.2   81.7   95.3  117.4     26      0
12:14   91.8   89.9   82.0   95.2  114.9     27      0
12:15   93.2   91.1   83.0   95.9  117.1     28      0
12:16   95.7   93.1   84.6   96.5  121.6     29      0
12:17   97.4   94.6   85.4   97.1  125.6     27      0
12:18   97.4   94.2   83.9   96.9  129.1     25      0
12:19   97.4   94.0   83.2   96.8  130.6     24      0
12:20   96.7   93.4   82.6   96.6  129.9     25      0
12:21   93.9   91.1   81.2   95.7  123.6     24      0
12:22   91.8   89.6   80.8   95.3  117.7     24      0
12:23   90.2   88.3   80.2   94.5  113.6     25      0
12:24   89.0   87.5   80.2   94.2  109.8     27      0
12:25   88.5   87.1   80.6   93.7  107.0     29      0
12:26   88.1   87.0   81.0   93.7  104.8     29      0
12:27   89.0   87.7   81.6   93.9  106.3     29      0
12:28   91.2   89.4   82.2   95.0  112.2     30     96
12:29   93.4   91.2   82.9   96.0  117.9     29      0
12:30   95.6   93.0   84.0   97.0  122.8     30     99
12:31   96.3   93.3   83.4   96.4  126.5     28      0
12:32   96.9   93.9   84.0   97.0  127.3     28      0
12:33   97.9   94.8   84.9   97.5  128.5     30    100
12:34   97.7   94.5   84.2   97.5  129.2     27      0
12:35   98.2   95.0   84.9   97.8  129.4     28      0
Session: 1                                                       Page 64
Sensor: 1
Degrees Fahrenheit

TIME   WBGTi  WBGTo   WET    DRY   GLOBE  RH(%)   H.I.      
-----  -----  -----  -----  -----  -----  -----  -----
12:36   97.8   94.6   84.2   97.4  129.8     27      0
12:37   98.0   94.8   84.5   97.8  129.5     28      0
12:38   98.7   95.4   84.9   98.3  131.0     28      0
12:39   97.8   94.5   83.8   97.9  130.7     30    100
12:40   97.4   94.2   83.7   97.5  129.4     25      0
12:41   97.2   94.1   83.8   97.6  128.7     26      0
12:42   97.4   94.3   84.1   97.5  128.5     26      0
12:43   97.6   94.6   84.4   98.1  128.7     25      0
12:44   99.2   96.0   85.7   98.9  130.7     26      0
12:45   99.2   95.8   84.9   98.7  132.7     24      0
12:46   98.5   95.0   83.8   98.4  132.8     23      0
12:47   98.7   95.2   84.0   98.8  133.0     25      0
12:48   99.3   95.9   84.8   99.3  133.4     24      0
12:49   99.0   95.5   84.2   98.9  133.8     22      0
12:50   97.6   94.3   83.3   97.9  131.2     24      0
12:51   97.4   94.3   83.6   98.1  129.9     25      0
12:52   95.9   93.1   83.1   97.7  126.0     24      0
12:53   94.0   91.7   82.8   96.9  120.3     25      0
12:54   93.9   91.8   83.5   97.2  118.2     26      0
12:55   94.8   92.4   83.7   97.4  120.8     28      0
12:56   95.0   92.6   83.6   97.0  121.9     26      0
12:57   94.6   92.1   83.0   97.0  121.9     28      0
12:58   95.6   93.0   83.6   97.7  123.9     25      0
12:59   96.2   93.3   83.2   97.8  126.7     24      0
13:00   97.8   94.8   84.6   98.6  128.9     24      0
13:01   97.3   94.1   83.3   98.1  130.2     24      0
13:02   98.3   95.1   84.6   98.9  130.4     25      0
13:03   98.6   95.4   84.7   99.2  131.2     24      0
13:04   97.6   94.3   83.2   98.1  131.4     22      0
13:05   96.8   93.5   82.6   97.7  130.0     23      0
13:06   97.0   93.8   83.0   97.8  129.8     22      0
13:07   97.2   94.0   83.1   97.7  130.3     23      0
13:08   98.2   94.9   84.0   98.3  131.4     23      0
13:09   99.1   95.7   84.8   98.9  132.5     25      0
13:10   98.6   95.2   84.3   98.6  132.1     22      0
13:11   98.0   94.6   83.7   98.1  131.4     25      0
13:12   97.4   94.2   83.5   97.8  130.0     23      0
13:13   96.8   93.7   83.2   97.4  128.8     22      0
13:14   97.2   94.1   83.7   98.0  129.0     23      0
13:15   99.2   95.9   85.5   98.9  131.2     24      0
13:16   98.6   95.4   84.8   98.9  130.9     22      0
13:17   97.1   94.0   83.3   97.9  129.6     22      0
13:18   94.3   91.5   81.5   96.7  124.2     25      0
13:19   92.5   90.5   82.1   96.7  117.0     23      0
13:20   92.1   90.3   82.6   96.9  114.4     25      0
13:21   93.7   91.6   83.2   97.0  118.3     26      0
13:22   94.9   92.4   83.5   97.2  121.5     26      0
13:23   95.5   92.8   83.3   97.2  124.0     24      0
13:24   95.2   92.6   82.9   97.8  124.1     24      0
13:25   96.3   93.5   83.6   98.1  126.2     24      0
Session: 1                                                       Page 65
Sensor: 1
Degrees Fahrenheit

TIME   WBGTi  WBGTo   WET    DRY   GLOBE  RH(%)   H.I.      
-----  -----  -----  -----  -----  -----  -----  -----
13:26   96.8   94.0   83.9   98.4  127.2     25      0
13:27   95.8   93.1   83.4   97.6  124.9     25      0
13:28   93.2   91.1   82.4   97.0  118.7     27      0
13:29   93.7   91.6   83.0   97.4  118.9     28      0
13:30   94.8   92.4   83.7   97.5  120.7     26      0
13:31   95.0   92.6   83.5   97.5  122.1     25      0
13:32   94.3   92.0   83.3   97.7  120.0     25      0
13:33   95.6   93.2   84.0   98.2  122.9     27      0
13:34   96.1   93.4   83.6   97.9  125.5     25      0
13:35   96.4   93.5   83.4   97.7  126.8     23      0
13:36   96.7   93.7   83.5   97.7  127.8     24      0
13:37   97.0   94.0   83.7   98.3  128.2     25      0
13:38   97.3   94.2   83.7   98.0  129.2     22      0
13:39   96.4   93.4   83.0   97.8  127.8     23      0
13:40   97.3   94.3   84.2   98.4  127.9     24      0
13:41   97.8   94.7   84.3   99.0  129.3     23      0
13:42   98.5   95.4   84.6   99.5  131.2     23      0
13:43   97.9   94.6   83.2   98.9  132.4     22      0
13:44   97.6   94.2   82.7   98.3  132.4     21      0
13:45   97.7   94.3   82.9   98.5  132.5     22      0
13:46   98.4   94.9   83.4   98.6  133.5     21      0
13:47   99.3   95.8   84.3   99.3  134.4     23      0
13:48  100.5   96.9   85.4  100.1  136.0     22      0
13:49  100.8   97.1   85.3  100.4  137.1     20      0
13:50  100.0   96.4   84.4  100.0  136.7     20      0
13:51   99.3   95.8   84.0  100.0  135.2     21      0
13:52  100.5   97.0   85.5  100.8  135.8     20      0
13:53  101.3   97.6   85.7  101.1  137.7     21      0
13:54  102.1   98.4   86.5  101.6  138.5     22      0
13:55   99.9   96.5   85.1  100.6  134.6     22      0
13:56   96.8   94.1   84.1   99.4  126.5     23      0
13:57   96.2   93.8   84.6   99.2  123.5     24      0
13:58   95.3   93.0   84.0   98.9  121.8     25      0
13:59   95.7   93.2   84.0   98.8  123.0     27      0
14:00   95.5   92.8   83.1   97.9  124.5     23      0
14:01   93.5   91.2   82.2   97.5  119.9     23      0
14:02   91.5   89.7   81.4   97.2  115.2     23      0
14:03   90.7   89.2   81.7   96.9  111.9     26      0
14:04   90.1   88.8   81.7   96.7  110.0     25      0
14:05   89.5   88.3   81.3   96.2  108.9     25      0
14:06   89.4   88.1   81.1   95.8  108.9     25      0
14:07   91.1   89.4   81.8   96.5  112.8     25      0
14:08   93.5   91.4   82.9   97.2  118.4     25      0
14:09   95.3   92.7   83.3   97.8  123.4     27      0
14:10   94.4   91.9   82.6   97.5  122.1     25      0
14:11   92.5   90.5   81.9   97.4  117.5     26      0
14:12   92.9   91.1   83.0   97.5  116.3     27      0
14:13   95.1   93.0   84.5   98.5  120.0     28      0
14:14   96.3   93.7   84.1   99.0  125.0     25      0
14:15   97.1   94.2   83.7   99.4  128.5     25      0
Session: 1                                                       Page 66
Sensor: 1
Degrees Fahrenheit

TIME   WBGTi  WBGTo   WET    DRY   GLOBE  RH(%)   H.I.      
-----  -----  -----  -----  -----  -----  -----  -----
14:16   97.9   94.7   83.7   99.6  131.2     23      0
14:17   98.8   95.5   84.2   99.9  133.1     25      0
14:18   99.7   96.4   85.1  100.4  134.0     23      0
14:19   98.3   95.0   83.6   99.8  132.8     22      0
14:20   95.9   93.1   82.6   98.8  127.0     22      0
14:21   95.2   92.7   83.0   98.6  123.8     26      0
14:22   96.9   94.3   84.6   99.3  125.9     23      0
14:23   97.5   94.5   84.0   99.2  129.0     22      0
14:24   99.4   96.2   85.6  100.2  131.7     23      0
14:25   99.1   95.8   84.6  100.0  133.2     23      0
14:26   99.5   96.3   85.2  100.8  133.0     23      0
14:27  100.0   96.7   85.5  100.7  134.1     24      0
14:28   98.8   95.3   83.5   99.4  134.6     21      0
14:29   98.0   94.7   83.5   99.1  132.1     20      0
14:30   97.2   94.2   83.5   99.3  129.3     23      0
14:31   95.6   92.9   82.7   99.0  125.8     21      0
14:32   93.3   91.0   81.6   98.2  120.6     21      0
14:33   91.5   89.7   81.3   97.7  115.5     22      0
14:34   90.8   89.3   81.6   97.5  112.3     23      0
14:35   91.4   90.0   82.6   97.8  112.2     23      0
14:36   93.6   91.8   83.5   98.8  117.4     23      0
14:37   95.4   93.1   84.0   99.6  122.1     23      0
14:38   97.7   94.9   84.8  100.3  127.9     23      0
14:39   97.2   94.3   83.8   99.4  128.6     25      0
14:40   94.7   92.3   82.8   99.1  122.5     23      0
14:41   93.1   91.2   82.6   98.3  117.8     25      0
14:42   91.7   90.1   82.3   97.7  113.9     26      0
14:43   90.6   89.2   81.9   97.4  111.1     28      0
14:44   90.4   89.2   82.2   97.3  109.7     27      0
14:45   90.0   88.8   82.0   96.7  108.7     26      0
14:46   89.0   87.9   81.3   96.4  107.1     27      0
14:47   88.5   87.6   81.1   96.4  106.0     27      0
14:48   89.0   88.0   81.8   96.4  105.9     28      0
14:49   89.4   88.4   81.9   96.4  107.2     29      0
14:50   90.6   89.2   82.2   96.5  110.2     29      0
14:51   90.6   89.0   81.5   96.0  111.9     31     98
14:52   90.2   88.9   81.8   96.2  110.1     30     97
14:53   92.2   90.5   83.2   96.7  113.2     32    100
14:54   94.1   91.9   83.4   97.2  119.1     28      0
14:55   94.9   92.5   83.2   97.8  122.5     28      0
14:56   96.0   93.3   83.5   98.2  125.2     26      0
14:57   97.1   94.2   83.9   98.7  128.0     25      0
14:58   97.5   94.5   84.0   98.9  129.2     24      0
14:59   96.7   93.7   82.9   98.3  129.2     24      0
15:00   97.0   94.0   83.5   98.8  128.5     25      0
15:01   97.5   94.4   83.8   98.7  129.5     25      0
15:02   98.2   95.2   84.7   99.4  130.0     25      0
15:03   98.7   95.6   84.9   99.7  131.1     27      0
15:04   97.3   94.3   83.8   99.1  128.8     26      0
15:05   94.4   92.1   82.7   98.3  121.9     28      0
Session: 1                                                       Page 67
Sensor: 1
Degrees Fahrenheit

TIME   WBGTi  WBGTo   WET    DRY   GLOBE  RH(%)   H.I.      
-----  -----  -----  -----  -----  -----  -----  -----
15:06   92.4   90.6   82.5   97.7  115.5     29      0
15:07   91.0   89.5   82.2   97.0  111.6     27      0
15:08   90.0   88.8   81.9   96.8  109.0     29      0
15:09   89.4   88.3   81.7   96.7  107.6     29      0
15:10   91.9   90.4   83.3   97.5  112.1     29      0
15:11   95.1   93.0   84.8   98.4  119.4     29      0
15:12   96.4   93.8   84.5   98.7  124.3     26      0
15:13   95.5   93.0   83.4   98.9  124.0     27      0
15:14   93.6   91.4   82.6   97.9  119.3     28      0
15:15   91.6   89.9   82.1   97.4  113.9     28      0
15:16   90.3   89.0   81.9   97.0  110.1     29      0
15:17   89.5   88.4   81.9   96.8  107.3     31     99
15:18   89.1   88.2   82.1   96.6  105.7     29      0
15:19   88.1   87.3   81.1   96.4  104.5     29      0
15:20   88.0   87.3   81.3   96.4  103.9     29      0
15:21   87.4   86.7   80.6   96.1  103.4     30     97
15:22   89.0   88.2   82.4   96.5  104.7     32     98
15:23   90.6   89.4   82.7   96.8  109.3     30     99
15:24   92.3   90.6   83.3   97.2  113.3     31     99
15:25   92.2   90.5   82.9   97.2  114.1     32    100
15:26   91.1   89.6   82.1   97.0  112.2     29      0
15:27   91.8   90.4   83.5   97.6  111.4     30    100
15:28   93.1   91.4   84.0   97.9  114.4     28      0
15:29   93.4   91.4   83.1   97.7  117.7     28      0
15:30   95.0   92.7   83.7   98.3  121.5     28      0
15:31   96.4   93.7   83.8   98.8  125.8     27      0
15:32   97.3   94.4   84.0   99.2  128.5     27      0
15:33   97.8   94.8   84.1   99.9  129.8     25      0
15:34   97.4   94.3   83.2   99.7  130.6     25      0
15:35   96.4   93.6   83.1   99.4  127.6     25      0
15:36   94.7   92.4   83.2   98.8  121.6     27      0
15:37   92.3   90.5   82.3   97.9  115.7     27      0
15:38   91.1   89.7   82.3   97.8  111.9     26      0
15:39   92.3   90.7   82.8   98.2  114.6     27      0
15:40   93.7   91.7   83.2   98.6  118.4     25      0
15:41   95.7   93.3   84.0   99.2  123.1     25      0
15:42   97.7   94.9   84.8  100.1  127.8     24      0
15:43   99.1   96.1   85.4  100.6  131.3     26      0
15:44   99.1   95.9   84.9  100.6  132.5     24      0
15:45   96.7   93.7   82.7   99.5  129.6     23      0
15:46   94.1   91.8   82.1   99.2  122.4     24      0
15:47   92.8   91.0   82.6   98.7  116.7     27      0
15:48   91.7   90.2   82.6   98.2  113.2     27      0
15:49   91.0   89.8   82.8   98.1  110.2     27      0
15:50   91.9   90.5   83.5   98.1  111.5     29      0
15:51   91.2   89.8   82.6   97.5  111.4     28      0
15:52   92.8   91.2   83.9   98.2  113.7     27      0
15:53   94.1   92.1   83.7   98.4  118.6     30    100
15:54   95.8   93.4   84.3   98.8  122.7     25      0
15:55   96.6   93.9   84.2   99.0  125.7     24      0
Session: 1                                                       Page 68
Sensor: 1
Degrees Fahrenheit

TIME   WBGTi  WBGTo   WET    DRY   GLOBE  RH(%)   H.I.      
-----  -----  -----  -----  -----  -----  -----  -----
15:56   96.7   93.9   83.8   99.1  127.0     24      0
15:57   97.5   94.6   84.2   99.5  128.6     24      0
15:58   98.1   95.1   84.6   99.6  129.7     24      0
15:59   98.3   95.2   84.6   99.8  130.3     24      0
16:00   98.0   95.0   84.4  100.0  129.9     27      0
16:01   99.3   96.3   86.0  100.5  130.5     26      0
16:02   99.2   96.2   85.5  100.7  131.4     24      0
16:03   99.9   96.8   85.9  101.5  132.6     24      0
16:04   99.5   96.2   84.9  100.7  133.6     23      0
16:05   97.6   94.6   83.7  100.3  130.1     22      0
16:06   96.9   94.3   84.5  100.0  126.1     25      0
16:07   95.9   93.4   83.6   99.1  124.9     22      0
16:08   94.8   92.3   82.6   98.6  123.5     22      0
16:09   93.6   91.4   82.2   98.3  120.5     23      0
16:10   92.1   90.3   81.9   98.0  115.9     23      0
16:11   90.5   89.1   81.5   97.5  111.7     25      0
16:12   89.6   88.5   81.5   97.4  108.6     25      0
16:13   89.5   88.4   81.6   97.1  108.1     25      0
16:14   91.5   90.0   82.5   97.5  112.5     25      0
16:15   92.7   90.7   82.2   97.6  117.3     24      0
16:16   92.9   90.7   81.6   97.7  119.4     24      0
16:17   91.7   89.8   81.1   97.5  116.7     25      0
16:18   90.3   88.8   80.9   97.2  112.4     25      0
16:19   88.9   87.7   80.6   96.9  108.4     27      0
16:20   88.0   87.1   80.5   96.6  105.8     27      0
16:21   88.0   87.2   81.0   96.4  104.4     28      0
16:22   89.2   88.3   82.3   96.8  105.3     28      0
16:23   91.8   90.4   83.4   97.2  111.6     28      0
16:24   91.8   90.0   82.0   97.1  114.8     27      0
16:25   90.4   88.8   81.0   96.8  112.4     27      0
16:26   90.9   89.4   81.9   97.1  112.1     27      0
16:27   92.9   91.1   83.0   97.8  116.3     26      0
16:28   94.9   92.7   83.8   98.3  121.1     26      0
16:29   96.1   93.5   84.0   98.8  124.5     25      0
16:30   95.6   93.0   83.4   98.7  124.1     26      0
16:31   95.1   92.7   83.5   98.4  122.2     27      0
16:32   93.2   91.0   82.1   97.8  119.2     27      0
16:33   91.2   89.5   81.4   97.3  114.3     26      0
16:34   89.8   88.5   81.1   97.2  110.3     27      0
16:35   89.6   88.5   81.7   97.0  108.1     29      0
16:36   89.1   88.1   81.7   96.7  106.4     30     99
16:37   89.2   88.2   82.3   96.2  105.3     33     99
16:38   88.8   87.9   82.3   95.8  104.0     32     98
16:39   87.9   87.2   81.6   95.6  102.7     32     98
16:40   87.5   86.8   81.3   95.5  102.1     32     97
16:41   87.1   86.5   81.0   95.2  101.5     31     96
16:42   86.6   86.0   80.4   95.3  101.2     31     96
16:43   86.5   85.9   80.1   95.4  101.5     30     96
16:44   86.4   85.8   79.9   95.5  101.7     31     96
16:45   87.1   86.4   80.6   95.8  102.3     31     98
Session: 1                                                       Page 69
Sensor: 1
Degrees Fahrenheit

TIME   WBGTi  WBGTo   WET    DRY   GLOBE  RH(%)   H.I.      
-----  -----  -----  -----  -----  -----  -----  -----
16:46   87.7   86.9   80.8   96.0  103.9     33     99
16:47   88.2   87.3   81.1   96.1  104.8     31     98
16:48   87.6   86.7   80.3   96.2  104.7     31     98
16:49   87.9   87.1   80.6   96.4  105.2     31     98
16:50   89.0   88.0   81.5   96.7  106.5     32    100
16:51   89.0   88.0   81.2   96.8  107.5     32    100
16:52   89.0   87.9   80.9   96.8  108.2     31     99
16:53   89.3   88.2   81.1   97.2  108.7     31     99
16:54   89.6   88.4   81.4   97.5  108.8     32    101
16:55   89.5   88.4   81.3   97.8  108.7     32    101
16:56   90.3   89.2   82.3   98.2  109.1     34    103
16:57   90.4   89.2   82.1   98.1  109.8     30    100
16:58   88.9   87.7   80.4   97.5  108.8     29      0
16:59   88.4   87.4   80.3   97.5  107.3     30    100
17:00   88.1   87.2   80.4   97.2  106.3     30     99
17:01   87.6   86.8   80.1   97.0  105.3     30     99
17:02   87.6   86.8   80.3   97.0  104.9     30     99
17:03   88.0   87.2   80.8   97.1  104.8     31     99
17:04   88.6   87.8   81.3   97.2  105.9     31     99
17:05   88.5   87.6   81.0   97.1  106.3     31     99
17:06   87.6   86.9   80.4   97.0  104.7     33    100
17:07   87.2   86.6   80.5   96.8  103.1     32    100
17:08   86.8   86.2   80.4   96.5  101.8     33     99
17:09   85.9   85.5   79.7   96.1  100.6     33     99
17:10   86.0   85.6   80.2   95.9   99.7     35    100
17:11   86.1   85.7   80.5   95.8   99.3     34     99
17:12   85.4   85.1   79.7   95.6   99.0     34     99
17:13   85.5   85.1   79.7   95.5   99.2     34     97
17:14   85.6   85.2   79.8   95.3   99.3     34     97
17:15   85.3   84.9   79.5   95.2   99.1     35     98
17:16   85.6   85.2   79.9   95.3   99.1     34     97
17:17   86.2   85.8   80.6   95.3   99.5     36     98
17:18   86.6   86.1   80.9   95.3  100.0     35     98
17:19   86.7   86.2   80.9   95.3  100.5     37     99
17:20   87.0   86.4   81.0   95.5  101.1     35     98
17:21   87.2   86.6   81.0   95.5  101.9     34     99
17:22   87.2   86.5   80.7   95.5  102.4     34     97
17:23   86.9   86.2   80.3   95.5  102.4     34     97
17:24   86.4   85.7   79.7   95.5  102.1     34     97
17:25   86.6   86.0   80.1   95.5  101.9     36    100
17:26   87.0   86.4   80.8   95.4  101.6     36     98
17:27   86.6   86.0   80.5   95.3  101.0     35     98
17:28   86.2   85.7   80.1   95.3  100.6     35     98
17:29   86.7   86.2   80.9   95.2  100.4     37     99
17:30   86.4   86.0   80.7   95.2  100.0     37     99
17:31   86.3   85.8   80.6   95.0   99.6     37     99
17:32   85.6   85.1   79.8   94.5   99.2     39     98
17:33   84.6   84.1   78.8   93.0   98.2     38     96
17:34   83.9   83.5   78.6   92.3   96.4     38     94
17:35   83.5   83.1   78.5   91.6   95.3     38     94
Session: 1                                                       Page 70
Sensor: 1
Degrees Fahrenheit

TIME   WBGTi  WBGTo   WET    DRY   GLOBE  RH(%)   H.I.      
-----  -----  -----  -----  -----  -----  -----  -----
17:36   83.3   83.0   78.6   91.4   94.5     39     93
17:37   83.0   82.6   78.3   90.8   94.0     39     93
17:38   82.7   82.4   78.2   90.5   93.2     40     92
17:39   82.6   82.3   78.3   90.3   92.7     41     92
17:40   82.6   82.4   78.5   90.3   92.4     41     92
17:41   82.2   82.0   78.1   90.0   91.9     41     92
17:42   81.9   81.8   77.9   89.9   91.5     42     93
17:43   81.9   81.7   77.9   89.9   91.3     43     93
17:44   82.0   81.8   78.1   89.9   91.1     42     93
17:45   82.1   82.0   78.3   89.9   91.1     44     93
17:46   82.1   81.9   78.3   89.8   91.0     44     93
17:47   82.0   81.9   78.2   89.8   90.9     44     93
17:48   82.2   82.1   78.6   89.7   90.8     47     94
17:49   82.1   82.0   78.5   89.7   90.7     45     94
17:50   82.4   82.3   79.0   89.6   90.6     46     94
17:51   82.3   82.2   78.8   89.6   90.6     45     94
17:52   81.9   81.8   78.2   89.5   90.6     44     93
17:53   81.4   81.3   77.6   89.4   90.5     44     92
17:54   81.4   81.3   77.6   89.3   90.3     45     92
17:55   81.4   81.4   77.8   89.2   90.1     45     92
17:56   81.4   81.3   77.7   89.1   90.1     45     92
17:57   81.6   81.5   78.0   89.0   90.0     46     92
17:58   81.5   81.4   77.9   88.8   90.1     47     93
17:59   81.4   81.3   77.8   88.8   89.9     47     93
18:00   81.5   81.4   77.9   88.7   90.0     48     93
18:01   81.4   81.3   77.8   88.7   90.1     48     93
18:02   81.5   81.4   77.9   88.6   90.1     47     93
18:03   81.5   81.3   77.9   88.5   90.0     47     93
18:04   81.6   81.4   78.1   88.5   89.8     48     93
18:05   81.6   81.4   78.1   88.4   89.8     48     91
18:06   81.6   81.5   78.2   88.4   89.6     49     92
18:07   81.6   81.5   78.3   88.3   89.5     51     92
18:08   81.5   81.4   78.2   88.2   89.5     49     92
18:09   81.3   81.1   77.8   88.1   89.6     48     91
18:10   81.1   80.9   77.5   88.1   89.6     50     92
18:11   81.3   81.2   77.8   88.1   89.7     49     92
18:12   81.2   81.0   77.6   88.0   89.8     50     92
18:13   81.3   81.1   77.7   88.0   89.9     50     92
18:14   81.4   81.2   77.7   88.0   90.2     51     92
18:15   81.6   81.4   77.9   88.0   90.4     50     92
18:16   81.7   81.4   77.8   88.1   90.9     50     92
18:17   81.7   81.4   77.7   88.1   91.2     50     92
18:18   81.8   81.5   77.8   88.2   91.4     50     92
18:19   82.2   81.8   78.1   88.3   91.8     50     92
18:20   82.4   82.0   78.2   88.4   92.3     49     92
18:21   82.6   82.1   78.2   88.5   92.9     49     93
18:22   82.4   81.9   77.8   88.6   93.3     48     93
18:23   82.3   81.8   77.6   88.6   93.5     48     93
18:24   82.3   81.8   77.6   88.7   93.5     48     93
18:25   82.4   81.9   77.7   88.7   93.5     47     93
Session: 1                                                       Page 71
Sensor: 1
Degrees Fahrenheit

TIME   WBGTi  WBGTo   WET    DRY   GLOBE  RH(%)   H.I.      
-----  -----  -----  -----  -----  -----  -----  -----
18:26   82.6   82.1   78.0   88.8   93.4     47     93
18:27   82.5   82.0   77.9   88.8   93.4     47     93
18:28   82.7   82.2   78.1   88.8   93.5     48     93
18:29   82.8   82.4   78.3   88.9   93.5     49     93
18:30   83.2   82.7   78.8   89.0   93.6     50     94
18:31   83.4   82.9   79.1   89.0   93.6     50     94
18:32   83.3   82.8   79.0   89.0   93.4     49     93
18:33   83.0   82.6   78.7   89.0   93.2     49     93
18:34   83.0   82.6   78.8   89.0   93.1     49     93
18:35   83.3   82.9   79.1   89.0   93.2     49     93
18:36   83.5   83.0   79.3   89.1   93.3     50     94
18:37   83.5   83.1   79.5   89.1   93.1     52     94
18:38   83.8   83.4   80.0   89.0   92.9     52     94
18:39   83.6   83.3   79.9   89.0   92.5     51     94
18:40   83.6   83.3   80.0   88.9   92.3     52     94
18:41   83.0   82.7   79.2   88.8   92.1     50     94
18:42   82.7   82.4   78.9   88.8   91.8     51     94
18:43   82.7   82.4   78.8   88.8   91.8     50     94
18:44   82.9   82.6   79.2   88.9   91.7     51     94
18:45   83.5   83.2   80.0   88.9   91.9     53     95
18:46   83.2   83.0   79.6   89.0   91.9     51     94
18:47   82.6   82.3   78.7   89.0   91.7     50     94
18:48   82.2   82.0   78.3   88.9   91.5     52     94
18:49   82.3   82.1   78.6   88.8   91.2     53     95
18:50   82.6   82.4   79.1   88.8   90.9     53     95
18:51   82.6   82.4   79.1   88.7   90.8     53     95
18:52   82.5   82.3   79.2   88.5   90.5     54     95
18:53   82.3   82.1   78.9   88.4   90.3     54     93
18:54   82.1   82.0   78.8   88.2   90.1     54     93
18:55   82.0   81.8   78.6   88.1   90.0     53     93
18:56   82.3   82.2   79.2   88.1   89.8     56     94
18:57   82.1   81.9   78.9   88.1   89.7     54     93
18:58   82.1   82.0   79.0   88.1   89.6     54     93
18:59   82.1   82.0   79.1   88.0   89.4     55     94
19:00   82.0   81.9   79.0   88.0   89.3     55     94
19:01   81.6   81.5   78.5   87.9   89.1     54     93
19:02   81.3   81.2   78.1   87.9   88.8     54     93
19:03   81.1   81.0   77.9   87.8   88.7     54     93
19:04   81.0   80.9   77.9   87.6   88.5     54     93
19:05   80.9   80.8   77.8   87.5   88.3     55     94
19:06   80.8   80.8   77.8   87.5   88.1     55     94
19:07   81.0   81.0   78.1   87.5   87.9     55     94
19:08   81.0   81.0   78.2   87.4   87.7     55     92
19:09   81.0   81.0   78.2   87.4   87.6     55     92
19:10   80.9   80.9   78.1   87.4   87.6     55     92
19:11   80.8   80.8   78.0   87.3   87.5     55     92
19:12   81.0   81.0   78.3   87.2   87.4     57     93
19:13   81.1   81.1   78.5   87.1   87.3     56     92
19:14   80.8   80.8   78.1   87.1   87.3     56     92
19:15   80.8   80.8   78.1   87.1   87.3     56     92
Session: 1                                                       Page 72
Sensor: 1
Degrees Fahrenheit

TIME   WBGTi  WBGTo   WET    DRY   GLOBE  RH(%)   H.I.      
-----  -----  -----  -----  -----  -----  -----  -----
19:16   80.9   80.9   78.2   87.2   87.2     57     93
19:17   80.9   80.9   78.2   87.1   87.3     57     93
19:18   80.8   80.8   78.1   87.1   87.2     57     93
19:19   80.8   80.7   78.1   87.0   87.1     57     93
19:20   80.5   80.5   77.8   86.8   86.9     57     93
19:21   80.5   80.5   77.9   86.8   86.7     57     93
19:22   80.5   80.5   77.9   86.7   86.6     58     93
19:23   80.4   80.4   77.9   86.6   86.4     58     93
19:24   80.4   80.4   77.9   86.6   86.3     58     93
19:25   80.4   80.4   77.9   86.5   86.3     59     93
19:26   80.5   80.5   78.1   86.5   86.3     59     91
19:27   80.4   80.4   77.9   86.5   86.3     59     91
19:28   80.4   80.4   78.0   86.3   86.3     61     92
19:29   80.3   80.4   77.9   86.3   86.2     60     92
19:30   80.1   80.1   77.6   86.3   86.2     60     92
19:31   80.1   80.1   77.6   86.2   86.2     60     92
19:32   80.2   80.2   77.7   86.2   86.2     61     92
19:33   80.2   80.2   77.7   86.2   86.1     61     92
19:34   80.1   80.1   77.7   86.0   86.0     60     92
19:35   80.0   80.0   77.5   86.0   86.0     61     92
19:36   80.0   80.0   77.5   86.0   85.9     60     92
19:37   80.0   80.0   77.5   86.0   85.9     61     92
19:38   79.9   79.9   77.4   86.2   85.9     59     91
19:39   79.8   79.8   77.2   86.2   86.0     59     91
19:40   79.8   79.8   77.2   86.3   86.0     59     91
19:41   79.9   79.9   77.3   86.2   86.0     59     91
19:42   79.9   79.9   77.3   86.2   86.0     59     91
19:43   79.6   79.6   76.9   86.3   86.0     58     91
19:44   79.7   79.7   77.0   86.3   86.0     58     91
19:45   79.6   79.6   76.9   86.3   86.0     58     91
19:46   79.6   79.6   76.9   86.3   86.0     59     91
19:47   79.4   79.5   76.7   86.2   86.0     58     91
19:48   79.4   79.4   76.7   86.2   85.9     59     91
19:49   79.6   79.6   76.9   86.1   85.9     59     91
19:50   79.6   79.6   77.0   86.0   85.7     59     91
19:51   79.7   79.7   77.2   85.9   85.6     59     91
19:52   79.5   79.5   77.0   85.9   85.4     58     91
19:53   79.2   79.2   76.6   85.9   85.4     58     91
19:54   79.4   79.4   76.9   85.9   85.3     59     91
19:55   79.4   79.4   77.0   85.7   85.1     59     91
19:56   79.2   79.3   76.8   85.6   85.0     59     91
19:57   79.2   79.3   76.9   85.5   84.8     59     91
19:58   79.2   79.2   76.9   85.4   84.6     59     90
19:59   79.1   79.2   76.8   85.4   84.5     59     90
20:00   79.0   79.1   76.8   85.2   84.4     61     90
20:01   79.1   79.2   76.9   85.1   84.3     60     90
20:02   78.9   79.0   76.7   85.1   84.1     61     90
20:03   78.8   78.9   76.6   85.0   84.1     61     90
20:04   78.7   78.8   76.4   85.1   84.1     60     90
20:05   78.6   78.7   76.3   85.0   84.1     61     90
Session: 1                                                       Page 73
Sensor: 1
Degrees Fahrenheit

TIME   WBGTi  WBGTo   WET    DRY   GLOBE  RH(%)   H.I.      
-----  -----  -----  -----  -----  -----  -----  -----
20:06   78.6   78.6   76.3   84.8   84.0     62     90
20:07   78.6   78.7   76.4   84.7   83.8     62     90
20:08   78.6   78.7   76.5   84.6   83.7     63     91
20:09   78.6   78.7   76.6   84.4   83.5     62     89
20:10   78.7   78.8   76.7   84.4   83.4     62     89
20:11   78.5   78.6   76.5   84.4   83.3     62     89
20:12   78.4   78.5   76.3   84.4   83.3     61     88
20:13   78.2   78.3   76.0   84.4   83.4     60     88
20:14   78.0   78.1   75.8   84.4   83.3     60     88
20:15   78.0   78.1   75.8   84.4   83.3     60     88
20:16   77.9   78.0   75.7   84.4   83.2     60     88
20:17   77.8   78.0   75.6   84.4   83.2     60     88
20:18   77.8   77.9   75.6   84.3   83.1     61     88
20:19   77.7   77.9   75.6   84.1   82.9     61     88
20:20   77.8   77.9   75.7   84.0   82.8     62     89
20:21   77.8   77.9   75.7   83.9   82.7     62     89
20:22   77.8   77.9   75.8   83.7   82.6     63     89
20:23   77.8   77.9   75.8   83.5   82.5     64     89
20:24   77.7   77.8   75.8   83.4   82.3     64     87
20:25   77.7   77.9   75.9   83.4   82.2     64     87
20:26   77.7   77.8   75.9   83.2   82.2     64     87
20:27   77.8   77.9   76.0   83.2   82.0     64     87
20:28   77.7   77.8   75.9   83.1   82.0     64     87
20:29   77.7   77.8   75.9   83.1   82.0     65     88
20:30   77.7   77.8   75.9   83.1   81.9     65     88
20:31   77.7   77.8   76.0   83.0   81.9     65     88
20:32   77.7   77.8   75.9   83.0   81.9     65     88
20:33   77.5   77.6   75.7   82.9   81.9     65     88
20:34   77.5   77.6   75.8   82.9   81.7     66     88
20:35   77.5   77.6   75.8   82.8   81.7     66     88
20:36   77.6   77.8   76.0   82.8   81.6     65     88
20:37   77.5   77.6   75.8   82.7   81.6     65     88
20:38   77.5   77.6   75.8   82.6   81.5     66     88
20:39   77.4   77.5   75.7   82.6   81.5     65     88
20:40   77.3   77.4   75.6   82.5   81.5     67     86
20:41   77.3   77.4   75.6   82.4   81.3     67     86
20:42   77.3   77.4   75.7   82.3   81.2     67     86
20:43   77.3   77.5   75.8   82.2   81.1     67     86
20:44   77.2   77.4   75.7   82.2   81.0     67     86
20:45   77.2   77.3   75.7   82.1   80.9     68     87
20:46   77.2   77.3   75.7   82.0   80.9     68     87
20:47   77.0   77.1   75.4   82.0   80.8     67     86
20:48   76.9   77.0   75.3   82.0   80.7     67     86
20:49   76.8   76.9   75.2   82.0   80.7     68     87
20:50   76.8   76.9   75.2   81.9   80.7     68     87
20:51   76.8   76.9   75.2   81.9   80.6     68     87
20:52   76.8   76.9   75.3   81.7   80.5     68     87
20:53   76.8   77.0   75.4   81.6   80.3     68     87
20:54   76.7   76.9   75.3   81.6   80.2     68     87
20:55   76.7   76.8   75.3   81.5   80.1     69     85
Session: 1                                                       Page 74
Sensor: 1
Degrees Fahrenheit

TIME   WBGTi  WBGTo   WET    DRY   GLOBE  RH(%)   H.I.      
-----  -----  -----  -----  -----  -----  -----  -----
20:56   76.6   76.7   75.2   81.3   80.0     69     85
20:57   76.5   76.7   75.1   81.3   80.0     69     85
20:58   76.5   76.6   75.1   81.2   79.9     69     85
20:59   76.5   76.6   75.1   81.1   79.8     70     85
21:00   76.4   76.5   75.0   81.1   79.7     70     85
21:01   76.3   76.5   74.9   81.1   79.8     70     85
21:02   76.3   76.4   74.8   81.1   79.8     70     85
21:03   76.3   76.4   74.8   81.1   79.8     70     85
21:04   76.3   76.4   74.8   81.1   79.8     70     85
21:05   76.3   76.5   74.9   81.1   79.8     71     85
21:06   76.3   76.4   74.9   81.0   79.7     71     85
21:07   76.3   76.4   75.0   80.9   79.5     72     86
21:08   76.3   76.4   75.0   80.7   79.4     72     86
21:09   76.3   76.4   75.0   80.7   79.4     72     86
21:10   76.3   76.4   75.0   80.7   79.4     73     86
21:11   76.2   76.4   75.0   80.6   79.3     73     86
21:12   76.3   76.4   75.1   80.5   79.2     73     86
21:13   76.3   76.4   75.1   80.4   79.2     73     84
21:14   76.3   76.4   75.1   80.3   79.1     73     84
21:15   76.2   76.4   75.1   80.3   79.0     74     84
21:16   76.2   76.3   75.0   80.3   79.1     74     84
21:17   76.2   76.3   75.0   80.4   79.0     74     84
21:18   76.2   76.3   75.0   80.3   79.0     74     84
21:19   76.1   76.3   75.0   80.2   78.9     74     84
21:20   76.1   76.2   75.0   80.1   78.9     74     84
21:21   76.1   76.2   75.0   80.1   78.8     74     84
21:22   76.1   76.2   75.0   80.0   78.7     74     84
21:23   76.0   76.2   75.0   80.0   78.6     74     84
21:24   76.0   76.2   75.0   79.9   78.6     75     85
21:25   76.0   76.2   75.0   79.8   78.6     76     85
21:26   76.0   76.1   74.9   79.8   78.6     76     85
21:27   75.9   76.1   74.9   79.8   78.5     76     85
21:28   75.9   76.1   74.9   79.7   78.5     76     85
21:29   75.9   76.1   74.9   79.7   78.5     76     85
21:30   75.9   76.1   74.9   79.7   78.5     77     85
21:31   75.9   76.0   74.9   79.6   78.4     77     85
21:32   75.9   76.1   75.0   79.5   78.3     77     85
21:33   75.9   76.1   75.0   79.4   78.3     78     83
21:34   75.9   76.1   75.0   79.4   78.3     78     83
21:35   75.9   76.0   75.0   79.4   78.2     78     83
21:36   75.9   76.0   75.0   79.2   78.1     78     83
21:37   75.9   76.0   75.0   79.2   78.1     78     83
21:38   75.9   76.0   75.0   79.2   78.1     78     83
21:39   75.9   76.0   75.0   79.2   78.1     78     83
21:40   75.9   76.0   75.0   79.1   78.1     78     83
21:41   75.9   76.0   75.0   79.3   78.1     79     83
21:42   75.9   76.0   75.0   79.3   78.2     80     83
21:43   75.9   76.0   75.0   79.3   78.2     80     83
21:44   76.0   76.1   75.1   79.2   78.2     79     83
21:45   76.0   76.1   75.1   79.2   78.2     79     83
Session: 1                                                       Page 75
Sensor: 1
Degrees Fahrenheit

TIME   WBGTi  WBGTo   WET    DRY   GLOBE  RH(%)   H.I.      
-----  -----  -----  -----  -----  -----  -----  -----
21:46   76.0   76.1   75.1   79.2   78.1     80     83
21:47   76.0   76.1   75.1   79.2   78.1     80     83
21:48   76.0   76.1   75.1   79.1   78.1     80     83
21:49   75.8   75.9   75.0   79.1   77.9     80     83
21:50   75.8   75.9   75.0   79.1   77.9     81     83
21:51   75.8   75.9   75.0   79.1   77.9     81     83
21:52   75.8   75.9   75.0   79.1   77.9     81     83
21:53   75.8   75.9   75.0   79.1   77.9     81     83
21:54   75.8   75.9   75.0   79.1   77.9     81     83
21:55   75.8   75.9   75.0   79.0   77.8     82     84
21:56   75.8   75.9   75.0   79.0   77.8     82     84
21:57   75.8   75.9   75.0   78.9   77.8     81     83
21:58   75.8   75.9   75.0   78.9   77.7     82     84
21:59   75.7   75.9   75.0   78.8   77.6     81     83
22:00   75.7   75.9   75.0   78.8   77.6     81     83
22:01   75.6   75.7   74.9   78.6   77.5     81     83
22:02   75.6   75.8   75.0   78.5   77.3     82     84
22:03   75.6   75.7   75.0   78.5   77.2     82     84
22:04   75.5   75.7   74.9   78.4   77.2     82     82
22:05   75.5   75.6   74.8   78.3   77.2     82     82
22:06   75.4   75.6   74.8   78.2   77.1     82     82
22:07   75.4   75.5   74.8   78.2   77.0     82     82
22:08   75.4   75.5   74.8   78.1   77.0     83     82
22:09   75.4   75.5   74.8   78.0   76.9     83     82
22:10   75.4   75.5   74.8   78.1   77.0     83     82
22:11   75.4   75.5   74.8   78.0   77.0     84     82
22:12   75.4   75.5   74.8   77.9   76.9     84     82
22:13   75.4   75.5   74.8   77.9   76.9     84     82
22:14   75.4   75.5   74.8   77.9   76.9     84     82
22:15   75.4   75.5   74.8   77.9   76.9     85     82
22:16   75.3   75.4   74.7   77.9   76.9     84     82
22:17   75.3   75.4   74.7   78.0   76.9     85     82
22:18   75.3   75.4   74.7   78.0   76.8     85     82
22:19   75.3   75.4   74.7   78.1   76.9     85     82
22:20   75.3   75.4   74.7   78.0   76.9     85     82
22:21   75.3   75.4   74.7   78.0   76.8     85     82
22:22   75.3   75.4   74.7   77.9   76.7     85     82
22:23   75.3   75.4   74.7   77.9   76.7     85     82
22:24   75.3   75.4   74.7   77.9   76.7     86     83
22:25   75.2   75.4   74.7   77.9   76.6     86     83
22:26   75.2   75.3   74.7   77.8   76.6     86     83
22:27   75.2   75.3   74.7   77.8   76.6     86     83
22:28   75.2   75.3   74.7   77.8   76.6     86     83
22:29   75.2   75.3   74.7   77.8   76.6     86     83
22:30   75.2   75.3   74.7   77.8   76.6     86     83
22:31   75.2   75.3   74.7   77.8   76.6     85     82
22:32   75.2   75.3   74.7   77.8   76.6     86     83
22:33   75.2   75.3   74.7   77.8   76.6     86     83
22:34   75.2   75.3   74.7   77.7   76.6     86     83
22:35   75.2   75.3   74.7   77.7   76.6     86     83
Session: 1                                                       Page 76
Sensor: 1
Degrees Fahrenheit

TIME   WBGTi  WBGTo   WET    DRY   GLOBE  RH(%)   H.I.      
-----  -----  -----  -----  -----  -----  -----  -----
22:36   75.2   75.3   74.7   77.6   76.6     86     83
22:37   75.2   75.3   74.7   77.6   76.6     86     83
22:38   75.2   75.3   74.7   77.6   76.5     87     83
22:39   75.2   75.3   74.7   77.5   76.5     87     83
22:40   75.2   75.3   74.7   77.6   76.6     87     83
22:41   75.2   75.3   74.7   77.6   76.6     87     83
22:42   75.3   75.4   74.8   77.6   76.6     87     83
22:43   75.2   75.3   74.7   77.5   76.5     87     83
22:44   75.2   75.3   74.7   77.6   76.5     88     83
22:45   75.2   75.3   74.7   77.6   76.5     88     83
22:46   75.2   75.3   74.7   77.6   76.5     87     83
22:47   75.2   75.3   74.7   77.6   76.6     87     83
22:48   75.2   75.3   74.7   77.7   76.6     87     83
22:49   75.2   75.3   74.7   77.7   76.6     88     83
22:50   75.2   75.3   74.7   77.6   76.6     88     83
22:51   75.2   75.3   74.7   77.6   76.5     88     83
22:52   75.2   75.3   74.7   77.6   76.4     88     83
22:53   75.1   75.2   74.6   77.5   76.4     88     83
22:54   75.2   75.3   74.7   77.6   76.4     88     83
22:55   75.2   75.3   74.7   77.5   76.4     88     82
22:56   75.1   75.2   74.6   77.4   76.3     88     82
22:57   75.0   75.1   74.6   77.3   76.2     89     82
22:58   75.0   75.1   74.6   77.3   76.2     88     82
22:59   74.9   75.0   74.5   77.2   76.1     88     82
23:00   75.0   75.1   74.6   77.2   76.1     88     82
23:01   74.9   75.0   74.5   77.2   76.1     89     82
23:02   74.9   75.0   74.5   77.2   76.1     89     82
23:03   74.9   75.0   74.5   77.2   76.1     88     82
23:04   74.9   75.0   74.5   77.2   76.1     88     82
23:05   74.9   75.0   74.5   77.0   76.0     89     82
23:06   74.9   75.0   74.5   77.0   75.9     89     82
23:07   74.9   75.0   74.5   77.0   75.9     89     82
23:08   74.9   75.0   74.5   77.0   75.9     89     82
23:09   74.9   75.0   74.5   77.0   75.9     90     82
23:10   74.8   74.9   74.4   76.9   75.9     89     82
23:11   74.8   75.0   74.5   76.9   75.8     89     82
23:12   74.9   75.0   74.5   76.9   75.9     90     82
23:13   74.9   75.0   74.5   77.0   76.0     90     82
23:14   74.9   75.0   74.5   77.0   76.0     89     82
23:15   74.8   74.9   74.4   77.0   76.0     89     82
23:16   74.8   74.9   74.4   76.9   75.9     89     82
23:17   74.8   74.9   74.4   76.9   76.0     89     82
23:18   74.7   74.8   74.3   76.9   75.9     89     82
23:19   74.6   74.7   74.2   76.9   75.8     89     82
23:20   74.7   74.8   74.3   77.0   75.8     89     82
23:21   74.7   74.8   74.3   76.9   75.8     89     82
23:22   74.7   74.8   74.3   76.9   75.8     89     82
23:23   74.7   74.8   74.3   76.9   75.8     89     82
23:24   74.8   74.9   74.4   76.9   75.8     89     82
23:25   74.7   74.9   74.4   76.9   75.7     89     82
Session: 1                                                       Page 77
Sensor: 1
Degrees Fahrenheit

TIME   WBGTi  WBGTo   WET    DRY   GLOBE  RH(%)   H.I.      
-----  -----  -----  -----  -----  -----  -----  -----
23:26   74.7   74.8   74.3   76.8   75.8     89     82
23:27   74.7   74.9   74.4   76.9   75.7     89     82
23:28   74.8   74.9   74.4   76.9   75.8     89     82
23:29   74.8   74.9   74.4   76.9   75.8     89     82
23:30   74.7   74.9   74.4   76.8   75.7     90     82
23:31   74.7   74.9   74.4   76.8   75.7     90     82
23:32   74.7   74.9   74.4   76.8   75.7     90     82
23:33   74.8   74.9   74.4   76.8   75.8     90     82
23:34   74.7   74.8   74.4   76.7   75.7     90     82
23:35   74.7   74.9   74.4   76.8   75.7     90     82
23:36   74.7   74.9   74.4   76.8   75.7     91     83
23:37   74.7   74.9   74.4   76.8   75.7     91     83
23:38   74.7   74.8   74.4   76.7   75.7     91     83
23:39   74.7   74.8   74.4   76.7   75.7     90     82
23:40   74.7   74.8   74.4   76.7   75.7     90     82
23:41   74.7   74.8   74.4   76.7   75.7     90     82
23:42   74.6   74.7   74.3   76.6   75.6     91     83
23:43   74.6   74.7   74.3   76.6   75.6     91     83
23:44   74.6   74.7   74.2   76.5   75.6     91     81
23:45   74.5   74.6   74.2   76.4   75.4     91     81
23:46   74.5   74.6   74.2   76.3   75.4     91     81
23:47   74.4   74.5   74.1   76.4   75.4     91     81
23:48   74.4   74.5   74.1   76.4   75.4     91     81
23:49   74.4   74.5   74.1   76.4   75.4     91     81
23:50   74.4   74.5   74.1   76.4   75.4     91     81
23:51   74.4   74.5   74.1   76.3   75.4     91     81
23:52   74.4   74.5   74.1   76.3   75.4     91     81
23:53   74.5   74.6   74.2   76.3   75.3     92     81
23:54   74.5   74.6   74.2   76.3   75.3     91     81
23:55   74.5   74.6   74.2   76.3   75.3     92     81
23:56   74.5   74.6   74.2   76.3   75.4     92     81
23:57   74.5   74.6   74.2   76.3   75.3     92     81
23:58   74.5   74.6   74.2   76.3   75.2     92     81
23:59   74.5   74.6   74.2   76.3   75.3     92     81
00:00   74.5   74.6   74.2   76.3   75.2     92     81
00:01   74.5   74.6   74.2   76.3   75.2     92     81
00:02   74.5   74.6   74.2   76.3   75.2     92     81
00:03   74.5   74.6   74.2   76.2   75.2     92     81
00:04   74.5   74.5   74.2   76.1   75.2     93     81
00:05   74.4   74.5   74.2   76.1   75.1     93     81
00:06   74.4   74.5   74.2   76.1   75.1     93     81
00:07   74.4   74.5   74.2   76.1   75.1     93     81
00:08   74.4   74.5   74.2   76.1   75.1     93     81
00:09   74.4   74.4   74.1   76.0   75.1     93     81
00:10   74.4   74.4   74.1   76.0   75.1     93     81
00:11   74.3   74.4   74.1   76.0   75.0     93     81
00:12   74.3   74.4   74.1   76.0   75.0     93     81
00:13   74.3   74.4   74.1   76.0   75.0     93     81
00:14   74.3   74.4   74.1   75.9   75.0     93     81
00:15   74.3   74.4   74.1   75.8   75.0     93     81
Session: 1                                                       Page 78
Sensor: 1
Degrees Fahrenheit

TIME   WBGTi  WBGTo   WET    DRY   GLOBE  RH(%)   H.I.      
-----  -----  -----  -----  -----  -----  -----  -----
00:16   74.3   74.4   74.1   75.8   74.9     93     81
00:17   74.3   74.4   74.1   75.8   75.0     93     81
00:18   74.3   74.4   74.1   75.8   75.0     93     81
00:19   74.3   74.4   74.1   75.8   74.9     93     81
00:20   74.3   74.4   74.1   75.8   75.0     93     81
00:21   74.3   74.4   74.1   75.7   74.8     93     81
00:22   74.3   74.4   74.1   75.7   74.8     94     82
00:23   74.3   74.4   74.1   75.7   74.8     94     82
00:24   74.2   74.3   74.0   75.7   74.8     94     82
00:25   74.2   74.3   74.0   75.7   74.8     94     82
00:26   74.1   74.2   73.9   75.7   74.8     94     82
00:27   74.1   74.2   73.9   75.7   74.8     94     82
00:28   74.1   74.1   73.8   75.7   74.8     94     82
00:29   74.1   74.2   73.9   75.7   74.8     94     82
00:30   74.0   74.1   73.8   75.7   74.7     94     82
00:31   74.1   74.2   73.9   75.7   74.7     95     82
00:32   74.1   74.2   73.9   75.7   74.7     94     82
00:33   74.1   74.2   73.9   75.7   74.7     94     82
00:34   74.1   74.2   73.9   75.7   74.7     94     82
00:35   74.1   74.2   73.9   75.6   74.6     95     82
00:36   74.1   74.2   73.9   75.7   74.6     95     82
00:37   74.1   74.2   73.9   75.6   74.6     95     82
00:38   74.0   74.1   73.8   75.6   74.6     95     82
00:39   74.0   74.1   73.8   75.5   74.5     94     80
00:40   73.9   74.0   73.8   75.4   74.4     94     80
00:41   73.9   74.0   73.8   75.4   74.4     94     80
00:42   73.9   74.0   73.8   75.3   74.4     95     80
00:43   73.9   74.0   73.8   75.3   74.4     95     80
00:44   74.0   74.1   73.9   75.3   74.4     95     80
00:45   74.0   74.1   73.9   75.2   74.4     95     80
00:46   73.9   74.0   73.8   75.2   74.4     95     80
00:47   73.9   74.0   73.8   75.2   74.4     95     80
00:48   73.9   74.0   73.8   75.1   74.2     95     80
00:49   73.8   73.9   73.7   75.1   74.3     95     80
00:50   73.8   73.9   73.6   75.2   74.3     96     81
00:51   73.8   73.9   73.6   75.2   74.3     96     81
00:52   73.8   73.9   73.6   75.2   74.3     96     81
00:53   73.8   73.9   73.6   75.3   74.3     96     81
00:54   73.8   73.9   73.7   75.2   74.3     96     81
00:55   73.7   73.8   73.6   75.2   74.2     96     81
00:56   73.7   73.8   73.6   75.2   74.2     96     81
00:57   73.8   73.9   73.7   75.2   74.2     96     81
00:58   73.8   73.9   73.7   75.2   74.2     95     80
00:59   73.9   74.0   73.8   75.2   74.2     96     81
01:00   73.9   74.0   73.8   75.2   74.2     96     81
01:01   73.9   74.0   73.8   75.2   74.2     96     81
01:02   73.9   74.0   73.8   75.2   74.2     96     81
01:03   73.9   74.0   73.8   75.1   74.2     96     81
01:04   73.9   74.0   73.8   75.1   74.2     95     80
01:05   73.8   73.9   73.8   75.1   74.1     95     80
Session: 1                                                       Page 79
Sensor: 1
Degrees Fahrenheit

TIME   WBGTi  WBGTo   WET    DRY   GLOBE  RH(%)   H.I.      
-----  -----  -----  -----  -----  -----  -----  -----
01:06   73.9   74.0   73.8   75.1   74.2     95     80
01:07   73.9   74.0   73.8   75.1   74.2     95     80
01:08   73.9   74.0   73.8   75.1   74.2     96     81
01:09   73.9   74.0   73.8   75.1   74.2     96     81
01:10   73.9   74.0   73.8   75.1   74.2     97     81
01:11   73.9   74.0   73.8   75.1   74.2     97     81
01:12   73.9   74.0   73.8   75.1   74.2     97     81
01:13   73.9   74.0   73.8   75.1   74.2     96     81
01:14   73.8   73.9   73.7   75.1   74.1     96     81
01:15   73.7   73.8   73.6   75.1   74.1     97     81
01:16   73.7   73.8   73.6   75.0   74.1     97     81
01:17   73.7   73.8   73.6   75.0   74.1     97     81
01:18   73.8   73.9   73.7   75.0   74.1     97     81
01:19   73.8   73.9   73.7   75.0   74.1     97     81
01:20   73.8   73.9   73.7   75.0   74.1     97     81
01:21   73.7   73.8   73.6   75.0   74.0     97     81
01:22   73.6   73.7   73.5   74.9   74.0     97     81
01:23   73.6   73.7   73.5   74.9   73.9     97     81
01:24   73.6   73.7   73.5   74.9   73.9     97     81
01:25   73.6   73.7   73.5   74.9   74.0     97     81
01:26   73.6   73.7   73.5   75.0   74.0     97     81
01:27   73.7   73.8   73.6   75.0   74.0     97     81
01:28   73.7   73.8   73.6   75.0   74.0     97     81
01:29   73.6   73.7   73.5   75.0   74.1     97     81
01:30   73.6   73.7   73.5   74.9   74.0     97     81
01:31   73.6   73.7   73.5   74.9   73.9     97     81
01:32   73.6   73.7   73.5   74.8   73.9     97     81
01:33   73.6   73.7   73.5   74.8   73.9     97     81
01:34   73.6   73.7   73.5   74.8   73.9     97     81
01:35   73.6   73.7   73.5   74.8   73.9     97     81
01:36   73.5   73.6   73.4   74.8   73.9     97     81
01:37   73.4   73.5   73.3   74.7   73.9     97     81
01:38   73.4   73.5   73.3   74.7   73.9     97     81
01:39   73.5   73.6   73.5   74.6   73.8     97     81
01:40   73.5   73.6   73.5   74.5   73.8     97     81
01:41   73.6   73.7   73.6   74.5   73.8     97     81
01:42   73.6   73.7   73.6   74.5   73.8     97     79
01:43   73.6   73.7   73.6   74.5   73.8     97     81
01:44   73.6   73.7   73.6   74.5   73.8     97     81
01:45   73.6   73.7   73.6   74.5   73.9     97     81
01:46   73.6   73.7   73.6   74.5   73.8     97     81
01:47   73.6   73.7   73.6   74.5   73.9     97     81
01:48   73.6   73.7   73.6   74.5   73.8     97     81
01:49   73.5   73.6   73.5   74.5   73.8     98     81
01:50   73.6   73.6   73.5   74.5   73.9     98     81
01:51   73.5   73.6   73.5   74.5   73.8     98     81
01:52   73.5   73.6   73.5   74.5   73.8     98     81
01:53   73.5   73.6   73.5   74.5   73.8     98     80
01:54   73.6   73.7   73.6   74.4   73.8     98     80
01:55   73.5   73.6   73.5   74.4   73.7     98     80
Session: 1                                                       Page 80
Sensor: 1
Degrees Fahrenheit

TIME   WBGTi  WBGTo   WET    DRY   GLOBE  RH(%)   H.I.      
-----  -----  -----  -----  -----  -----  -----  -----
01:56   73.6   73.7   73.6   74.4   73.8     98     80
01:57   73.6   73.7   73.6   74.4   73.7     98     80
01:58   73.6   73.7   73.6   74.4   73.8     98     80
01:59   73.5   73.6   73.5   74.3   73.8     98     80
02:00   73.6   73.7   73.6   74.4   73.8     98     80
02:01   73.6   73.7   73.6   74.4   73.8     98     80
02:02   73.6   73.7   73.6   74.4   73.8     98     80
02:03   73.6   73.7   73.6   74.3   73.8     98     80
02:04   73.6   73.7   73.6   74.4   73.8     98     80
02:05   73.6   73.7   73.6   74.4   73.8     98     80
02:06   73.6   73.7   73.6   74.4   73.8     98     80
02:07   73.6   73.7   73.6   74.4   73.8     98     80
02:08   73.6   73.7   73.6   74.4   73.8     98     80
02:09   73.6   73.7   73.6   74.5   73.8     98     80
02:10   73.6   73.7   73.6   74.5   73.8     98     80
02:11   73.6   73.7   73.6   74.4   73.8     98     80
02:12   73.6   73.7   73.6   74.4   73.7     98     80
02:13   73.5   73.6   73.5   74.5   73.7     98     81
02:14   73.5   73.6   73.5   74.5   73.8     98     80
02:15   73.5   73.6   73.5   74.4   73.7     98     80
02:16   73.4   73.5   73.4   74.4   73.6     98     80
02:17   73.4   73.5   73.4   74.3   73.5     98     80
02:18   73.4   73.5   73.4   74.2   73.5     98     80
02:19   73.4   73.5   73.4   74.2   73.5     98     80
02:20   73.5   73.5   73.5   74.2   73.5     98     80
02:21   73.4   73.4   73.4   74.1   73.5     98     80
02:22   73.4   73.4   73.4   74.1   73.5     98     80
02:23   73.4   73.4   73.4   74.1   73.5     98     80
02:24   73.3   73.4   73.3   74.1   73.5     98     80
02:25   73.3   73.4   73.3   74.1   73.5     99     80
02:26   73.2   73.3   73.2   74.1   73.5     99     80
02:27   73.2   73.3   73.2   74.1   73.5     99     80
02:28   73.2   73.3   73.2   74.1   73.5     99     80
02:29   73.2   73.3   73.2   74.1   73.5     99     80
02:30   73.3   73.4   73.3   74.1   73.4     99     80
02:31   73.3   73.4   73.3   74.1   73.4     99     80
02:32   73.4   73.4   73.4   74.1   73.5     99     80
02:33   73.3   73.4   73.3   74.1   73.5     99     80
02:34   73.2   73.3   73.2   74.1   73.5     99     80
02:35   73.2   73.3   73.2   74.1   73.5     99     80
02:36   73.2   73.3   73.2   74.1   73.5     99     80
02:37   73.2   73.3   73.2   74.1   73.5     99     80
02:38   73.2   73.3   73.2   74.1   73.5     99     80
02:39   73.2   73.3   73.2   74.1   73.5     99     80
02:40   73.2   73.3   73.2   74.1   73.4     99     80
02:41   73.2   73.3   73.2   74.0   73.3     99     80
02:42   73.2   73.3   73.2   74.1   73.3     99     80
02:43   73.2   73.3   73.2   74.0   73.3     99     80
02:44   73.2   73.3   73.2   74.1   73.4     99     80
02:45   73.3   73.4   73.3   74.1   73.4     99     80
Session: 1                                                       Page 81
Sensor: 1
Degrees Fahrenheit

TIME   WBGTi  WBGTo   WET    DRY   GLOBE  RH(%)   H.I.      
-----  -----  -----  -----  -----  -----  -----  -----
02:46   73.2   73.3   73.2   74.1   73.4     99     80
02:47   73.3   73.4   73.3   74.1   73.4     99     80
02:48   73.3   73.4   73.3   74.1   73.4     99     80
02:49   73.3   73.4   73.3   74.1   73.5     99     80
02:50   73.3   73.4   73.3   74.1   73.5     99     80
02:51   73.2   73.3   73.2   74.1   73.4     99     80
02:52   73.2   73.3   73.2   74.1   73.3     99     80
02:53   73.2   73.2   73.2   74.0   73.2     99     80
02:54   73.0   73.1   73.0   73.9   73.2     99     80
02:55   73.2   73.2   73.2   73.8   73.2     99     80
02:56   73.0   73.1   73.0   73.8   73.1     99     80
02:57   73.0   73.1   73.0   73.8   73.1     99     80
02:58   73.1   73.1   73.1   73.8   73.2     99     80
02:59   73.2   73.2   73.2   73.8   73.2     99     80
03:00   73.2   73.2   73.2   73.8   73.2     99     80
03:01   73.2   73.2   73.2   73.8   73.3     99     80
03:02   73.2   73.2   73.2   73.8   73.3     99     80
03:03   73.1   73.1   73.1   73.7   73.2     99     80
03:04   73.2   73.2   73.2   73.8   73.2     99     80
03:05   73.2   73.2   73.2   73.8   73.2     99     80
03:06   73.2   73.2   73.2   73.8   73.3     99     80
03:07   73.2   73.2   73.2   73.9   73.3     99     80
03:08   73.1   73.2   73.1   73.9   73.3     99     80
03:09   73.0   73.1   73.0   73.8   73.2     99     80
03:10   73.0   73.1   73.0   73.8   73.2     99     80
03:11   73.0   73.1   73.0   73.8   73.2     99     80
03:12   73.0   73.1   73.0   73.8   73.2     99     80
03:13   72.9   73.0   72.9   73.7   73.0     99     80
03:14   72.9   73.0   72.9   73.7   73.0     99     80
03:15   72.9   72.9   72.9   73.6   73.0     99     80
03:16   72.9   72.9   72.9   73.6   73.0     99     80
03:17   72.9   72.9   72.9   73.6   73.0    100     80
03:18   72.9   72.9   72.9   73.6   73.0    100     80
03:19   72.9   72.9   72.9   73.6   73.0     99     80
03:20   72.9   73.0   72.9   73.7   73.0     99     80
03:21   72.9   72.9   72.9   73.6   73.0     99     80
03:22   72.9   72.9   72.9   73.6   73.0     99     80
03:23   72.9   72.9   72.9   73.6   72.9     99     80
03:24   72.9   72.9   72.9   73.6   72.9     99     80
03:25   72.9   72.9   72.9   73.6   73.0     99     80
03:26   72.8   72.9   72.8   73.6   73.0    100     80
03:27   72.9   72.9   72.9   73.6   72.9    100     80
03:28   72.9   72.9   72.9   73.6   73.0    100     80
03:29   72.7   72.8   72.7   73.6   73.0    100     80
03:30   72.9   72.9   72.9   73.6   72.9    100     80
03:31   72.9   72.9   72.9   73.6   73.0    100     80
03:32   72.9   72.9   72.9   73.6   73.0    100     80
03:33   72.9   72.9   72.9   73.6   73.0    100     80
03:34   72.9   72.9   72.9   73.6   73.0    100     80
03:35   72.7   72.8   72.7   73.6   73.0    100     80
Session: 1                                                       Page 82
Sensor: 1
Degrees Fahrenheit

TIME   WBGTi  WBGTo   WET    DRY   GLOBE  RH(%)   H.I.      
-----  -----  -----  -----  -----  -----  -----  -----
03:36   72.6   72.7   72.6   73.6   72.9    100     80
03:37   72.7   72.8   72.7   73.6   72.9    100     80
03:38   72.9   72.9   72.9   73.6   72.9    100     80
03:39   72.8   72.9   72.8   73.6   72.9    100     80
03:40   72.9   72.9   72.9   73.6   72.9    100     80
03:41   72.9   72.9   72.9   73.6   72.9    100     80
03:42   72.9   72.9   72.9   73.6   73.0    100     80
03:43   72.9   72.9   72.9   73.6   73.0    100     80
03:44   72.9   72.9   72.9   73.6   73.0    100     80
03:45   73.0   73.0   73.0   73.6   73.0    100     80
03:46   72.9   72.9   72.9   73.6   73.0    100     80
03:47   72.9   72.9   72.9   73.6   73.0    100     80
03:48   72.9   72.9   72.9   73.6   72.9    100     80
03:49   72.7   72.8   72.7   73.5   72.8    100     79
03:50   72.7   72.8   72.7   73.5   72.8    100     79
03:51   72.7   72.8   72.7   73.5   72.9    100     79
03:52   72.7   72.8   72.7   73.5   72.9    100     79
03:53   72.7   72.8   72.7   73.5   72.9    100     79
03:54   72.7   72.8   72.7   73.5   72.8    100     79
03:55   72.7   72.8   72.7   73.5   72.8    100     79
03:56   72.6   72.7   72.6   73.5   72.8    100     79
03:57   72.6   72.7   72.6   73.4   72.7    100     79
03:58   72.6   72.7   72.6   73.4   72.7    100     79
03:59   72.6   72.7   72.6   73.4   72.7    100     79
04:00   72.6   72.6   72.6   73.3   72.7    100     79
04:01   72.6   72.6   72.6   73.3   72.7    100     79
04:02   72.6   72.6   72.6   73.3   72.7    100     79
04:03   72.6   72.6   72.6   73.3   72.7    100     79
04:04   72.6   72.6   72.6   73.3   72.6    100     79
04:05   72.4   72.5   72.4   73.2   72.6    100     79
04:06   72.4   72.5   72.4   73.2   72.6    100     79
04:07   72.6   72.6   72.6   73.2   72.6    100     79
04:08   72.6   72.6   72.6   73.2   72.6    100     79
04:09   72.5   72.5   72.5   73.2   72.6    100     79
04:10   72.6   72.6   72.6   73.2   72.6    100     79
04:11   72.6   72.6   72.6   73.2   72.6    100     79
04:12   72.6   72.6   72.6   73.2   72.6    100     79
04:13   72.6   72.6   72.6   73.2   72.6    100     79
04:14   72.6   72.7   72.7   73.2   72.6    100     79
04:15   72.6   72.6   72.6   73.2   72.7    100     79
04:16   72.6   72.6   72.6   73.1   72.6    100     79
04:17   72.6   72.6   72.6   73.0   72.6    100     79
04:18   72.6   72.6   72.6   73.0   72.6    100     79
04:19   72.6   72.7   72.7   73.1   72.6    100     79
04:20   72.6   72.6   72.6   73.1   72.7    100     79
04:21   72.6   72.6   72.6   73.0   72.7    100     79
04:22   72.6   72.6   72.6   73.1   72.6    100     79
04:23   72.6   72.6   72.6   73.1   72.6    100     79
04:24   72.6   72.6   72.6   73.0   72.6    100     79
04:25   72.6   72.7   72.7   73.1   72.6    100     79
Session: 1                                                       Page 83
Sensor: 1
Degrees Fahrenheit

TIME   WBGTi  WBGTo   WET    DRY   GLOBE  RH(%)   H.I.      
-----  -----  -----  -----  -----  -----  -----  -----
04:26   72.7   72.7   72.7   73.0   72.7    100     79
04:27   72.6   72.7   72.7   73.0   72.6    100     79
04:28   72.6   72.7   72.7   73.2   72.6    100     79
04:29   72.6   72.6   72.6   73.2   72.7    100     79
04:30   72.6   72.6   72.6   73.2   72.7    100     79
04:31   72.5   72.6   72.5   73.1   72.7    100     79
04:32   72.5   72.6   72.5   73.1   72.7    100     79
04:33   72.5   72.5   72.5   73.0   72.6    100     79
04:34   72.4   72.5   72.4   73.0   72.6    100     79
04:35   72.4   72.5   72.4   73.0   72.6    100     79
04:36   72.4   72.5   72.4   73.0   72.6    100     79
04:37   72.3   72.4   72.3   73.0   72.6    100     79
04:38   72.3   72.4   72.3   73.1   72.6    100     79
04:39   72.3   72.4   72.3   73.0   72.6    100     79
04:40   72.4   72.5   72.4   73.0   72.6    100     79
04:41   72.4   72.5   72.4   73.0   72.6    100     79
04:42   72.4   72.4   72.4   73.0   72.5    100     79
04:43   72.4   72.4   72.4   73.0   72.5    100     79
04:44   72.4   72.5   72.4   73.0   72.6    100     79
04:45   72.4   72.4   72.4   73.0   72.5    100     79
04:46   72.4   72.4   72.4   72.9   72.4    100     79
04:47   72.4   72.4   72.4   73.0   72.4    100     79
04:48   72.4   72.4   72.4   72.9   72.4    100     79
04:49   72.4   72.4   72.4   72.9   72.4    100     79
04:50   72.4   72.4   72.4   72.9   72.4    100     79
04:51   72.4   72.4   72.4   72.9   72.5    100     79
04:52   72.4   72.4   72.4   72.9   72.4    100     79
04:53   72.4   72.4   72.4   72.9   72.4    100     79
04:54   72.3   72.3   72.3   72.9   72.4    100     79
04:55   72.3   72.3   72.3   72.8   72.4    100     79
04:56   72.3   72.3   72.3   72.7   72.3    100     79
04:57   72.3   72.3   72.3   72.7   72.3    100     79
04:58   72.3   72.3   72.3   72.6   72.3    100     79
04:59   72.3   72.3   72.3   72.6   72.3    100     79
05:00   72.3   72.3   72.3   72.6   72.3    100     79
05:01   72.3   72.3   72.3   72.7   72.3    100     79
05:02   72.2   72.2   72.2   72.7   72.3    100     79
05:03   72.2   72.2   72.2   72.7   72.3    100     79
05:04   72.1   72.1   72.1   72.6   72.3    100     79
05:05   72.1   72.1   72.1   72.6   72.2    100     79
05:06   72.2   72.3   72.3   72.7   72.2    100     79
05:07   72.3   72.4   72.4   72.7   72.3    100     79
05:08   72.4   72.4   72.4   72.8   72.4    100     79
05:09   72.4   72.4   72.4   72.8   72.4    100     79
05:10   72.4   72.4   72.4   72.7   72.4    100     79
05:11   72.4   72.5   72.5   72.9   72.3    100     79
05:12   72.5   72.5   72.6   72.9   72.4    100     79
05:13   72.5   72.6   72.6   72.9   72.5    100     79
05:14   72.5   72.6   72.6   73.0   72.5    100     79
05:15   72.5   72.6   72.6   72.9   72.5    100     79
Session: 1                                                       Page 84
Sensor: 1
Degrees Fahrenheit

TIME   WBGTi  WBGTo   WET    DRY   GLOBE  RH(%)   H.I.      
-----  -----  -----  -----  -----  -----  -----  -----
05:16   72.4   72.5   72.5   72.9   72.4    100     79
05:17   72.4   72.5   72.5   72.9   72.4    100     79
05:18   72.4   72.4   72.4   72.9   72.4    100     79
05:19   72.4   72.5   72.5   72.9   72.4    100     79
05:20   72.4   72.5   72.5   72.9   72.4    100     79
05:21   72.4   72.5   72.5   72.9   72.4    100     79
05:22   72.4   72.4   72.4   72.9   72.4    100     79
05:23   72.3   72.3   72.3   72.9   72.4    100     79
05:24   72.3   72.3   72.3   72.9   72.4    100     79
05:25   72.3   72.3   72.3   72.9   72.4    100     79
05:26   72.4   72.4   72.4   72.9   72.4    100     79
05:27   72.3   72.3   72.3   72.9   72.4    100     79
05:28   72.3   72.3   72.3   72.9   72.3    100     79
05:29   72.2   72.2   72.2   72.9   72.3    100     79
05:30   72.1   72.2   72.1   72.9   72.3    100     79
05:31   72.1   72.2   72.1   72.9   72.3    100     79
05:32   72.1   72.2   72.1   72.9   72.3    100     79
05:33   72.1   72.2   72.1   72.9   72.3    100     79
05:34   72.1   72.2   72.1   72.9   72.3    100     79
05:35   72.2   72.2   72.2   72.9   72.3    100     79
05:36   72.1   72.1   72.1   72.8   72.2    100     79
05:37   72.1   72.1   72.1   72.7   72.2    100     79
05:38   72.1   72.1   72.1   72.7   72.1    100     79
05:39   72.0   72.0   72.0   72.7   72.1    100     79
05:40   72.0   72.0   72.0   72.7   72.1    100     79
05:41   72.0   72.0   72.0   72.7   72.1    100     79
05:42   72.1   72.1   72.1   72.8   72.2    100     79
05:43   72.1   72.1   72.1   72.7   72.2    100     79
05:44   72.2   72.3   72.3   72.7   72.2    100     79
05:45   72.3   72.3   72.3   72.7   72.3    100     79
05:46   72.2   72.3   72.3   72.7   72.2    100     79
05:47   72.3   72.3   72.3   72.8   72.3    100     79
05:48   72.2   72.2   72.2   72.8   72.3    100     79
05:49   72.3   72.3   72.3   72.7   72.3    100     79
05:50   72.1   72.1   72.1   72.7   72.1    100     79
05:51   72.0   72.0   72.0   72.7   72.1    100     79
05:52   72.0   72.0   72.0   72.7   72.1    100     79
05:53   72.0   72.0   72.0   72.7   72.1    100     79
05:54   72.0   72.0   72.0   72.7   72.1    100     79
05:55   72.0   72.0   72.0   72.7   72.1    100     79
05:56   72.1   72.1   72.1   72.7   72.1    100     79
05:57   72.0   72.0   72.0   72.6   72.1    100     79
05:58   72.0   72.0   72.0   72.6   72.0    100     79
05:59   72.0   72.0   72.0   72.6   72.0    100     79
06:00   71.9   71.9   71.9   72.6   72.0    100     79
06:01   71.9   71.9   71.9   72.6   72.0    100     79
06:02   71.8   71.9   71.8   72.6   72.0    100     79
06:03   71.9   71.9   71.9   72.6   72.0    100     79
06:04   71.8   71.9   71.8   72.7   72.0    100     79
06:05   71.9   71.9   71.9   72.6   72.0    100     79
Session: 1                                                       Page 85
Sensor: 1
Degrees Fahrenheit

TIME   WBGTi  WBGTo   WET    DRY   GLOBE  RH(%)   H.I.      
-----  -----  -----  -----  -----  -----  -----  -----
06:06   71.9   72.0   71.9   72.7   72.0    100     79
06:07   71.9   71.9   71.9   72.6   72.0    100     79
06:08   71.7   71.8   71.7   72.6   72.0    100     79
06:09   71.9   71.9   71.9   72.6   72.0    100     79
06:10   71.8   71.9   71.8   72.6   72.0    100     79
06:11   71.7   71.8   71.7   72.6   71.9    100     79
06:12   71.7   71.8   71.7   72.5   71.9    100     72
06:13   71.7   71.8   71.7   72.4   71.9    100     72
06:14   71.8   71.8   71.8   72.4   71.8    100     72
06:15   71.8   71.9   71.9   72.4   71.8    100     72
06:16   71.9   71.9   71.9   72.4   71.9    100     72
06:17   71.9   71.9   71.9   72.4   71.9    100     72
06:18   71.9   71.9   71.9   72.4   71.9    100     72
06:19   71.9   72.0   72.0   72.4   71.9    100     72
06:20   71.9   72.0   72.0   72.4   71.9    100     72
06:21   71.9   72.0   72.0   72.4   71.9    100     72
06:22   71.9   71.9   71.9   72.4   71.9    100     72
06:23   71.8   71.9   71.9   72.4   71.8    100     72
06:24   71.9   71.9   71.9   72.6   71.9    100     79
06:25   71.9   71.9   71.9   72.6   71.9    100     79
06:26   71.7   71.8   71.7   72.5   71.9    100     79
06:27   71.7   71.7   71.7   72.4   71.8    100     72
06:28   71.7   71.7   71.7   72.4   71.7    100     72
06:29   71.6   71.7   71.6   72.4   71.7    100     72
06:30   71.6   71.6   71.6   72.4   71.6    100     72
06:31   71.5   71.6   71.5   72.4   71.7    100     72
06:32   71.6   71.6   71.6   72.3   71.7    100     72
06:33   71.6   71.6   71.6   72.3   71.7    100     72
06:34   71.7   71.7   71.7   72.3   71.7    100     72
06:35   71.7   71.7   71.7   72.3   71.7    100     72
06:36   71.6   71.7   71.7   72.3   71.6    100     72
06:37   71.6   71.7   71.7   72.3   71.6    100     72
06:38   71.7   71.7   71.7   72.3   71.7    100     72
06:39   71.6   71.6   71.6   72.3   71.7    100     72
06:40   71.6   71.6   71.6   72.3   71.7    100     72
06:41   71.5   71.6   71.5   72.3   71.6    100     72
06:42   71.4   71.5   71.4   72.3   71.7    100     72
06:43   71.6   71.6   71.6   72.3   71.7    100     72
06:44   71.6   71.6   71.6   72.3   71.7    100     72
06:45   71.6   71.6   71.6   72.3   71.7    100     72
06:46   71.5   71.6   71.5   72.4   71.7    100     72
06:47   71.4   71.5   71.4   72.4   71.7    100     72
06:48   71.4   71.5   71.4   72.3   71.7    100     72
06:49   71.4   71.5   71.4   72.3   71.6    100     72
06:50   71.6   71.6   71.6   72.3   71.6    100     72
06:51   71.6   71.6   71.6   72.3   71.6    100     72
06:52   71.6   71.6   71.6   72.3   71.6    100     72
06:53   71.6   71.6   71.6   72.3   71.6    100     72
06:54   71.6   71.7   71.7   72.3   71.6    100     72
06:55   71.6   71.6   71.6   72.2   71.6    100     72
Session: 1                                                       Page 86
Sensor: 1
Degrees Fahrenheit

TIME   WBGTi  WBGTo   WET    DRY   GLOBE  RH(%)   H.I.      
-----  -----  -----  -----  -----  -----  -----  -----
06:56   71.6   71.6   71.6   72.3   71.6    100     72
06:57   71.6   71.6   71.6   72.3   71.6    100     72
06:58   71.4   71.4   71.4   72.1   71.5    100     72
06:59   71.4   71.4   71.4   72.1   71.4    100     72
07:00   71.4   71.4   71.4   72.0   71.4    100     72
07:01   71.3   71.4   71.4   72.0   71.3    100     72
07:02   71.3   71.4   71.4   72.0   71.3    100     72
07:03   71.3   71.3   71.3   72.0   71.3    100     72
07:04   71.3   71.3   71.3   72.0   71.3    100     72
07:05   71.3   71.3   71.3   71.9   71.3    100     72
07:06   71.2   71.2   71.2   71.9   71.3    100     72
07:07   71.2   71.2   71.2   71.9   71.3    100     72
07:08   71.2   71.2   71.2   71.9   71.3    100     72
07:09   71.1   71.2   71.1   71.9   71.3    100     72
07:10   71.2   71.2   71.2   71.9   71.3    100     72
07:11   71.3   71.3   71.3   71.9   71.3    100     72
07:12   71.3   71.3   71.3   71.8   71.3    100     72
07:13   71.3   71.3   71.3   71.8   71.3    100     72
07:14   71.3   71.3   71.3   71.8   71.3    100     72
07:15   71.3   71.3   71.3   71.8   71.3    100     72
07:16   71.3   71.3   71.3   71.8   71.3    100     72
07:17   71.3   71.3   71.3   71.8   71.3    100     72
07:18   71.3   71.3   71.3   71.7   71.3    100     72
07:19   71.3   71.3   71.3   71.8   71.3    100     72
07:20   71.3   71.3   71.3   71.8   71.3    100     72
07:21   71.2   71.2   71.2   71.7   71.3    100     72
07:22   71.1   71.1   71.1   71.7   71.2    100     72
07:23   71.1   71.1   71.1   71.7   71.1    100     72
07:24   71.1   71.1   71.1   71.7   71.2    100     72
07:25   71.1   71.1   71.1   71.7   71.2    100     72
07:26   71.1   71.2   71.1   71.7   71.3    100     72
07:27   71.1   71.2   71.1   71.8   71.3    100     72
07:28   71.2   71.3   71.2   71.8   71.4    100     72
07:29   71.1   71.2   71.1   71.7   71.4    100     72
07:30   71.1   71.2   71.1   71.7   71.4    100     72
07:31   71.2   71.2   71.2   71.7   71.3    100     72
07:32   71.2   71.2   71.2   71.6   71.4    100     72
07:33   71.3   71.3   71.3   71.7   71.4    100     72
07:34   71.3   71.3   71.3   71.7   71.4    100     72
07:35   71.4   71.4   71.4   71.7   71.5    100     72
07:36   71.4   71.4   71.4   71.7   71.6    100     72
07:37   71.4   71.4   71.4   71.8   71.6    100     72
07:38   71.4   71.4   71.4   71.8   71.6    100     72
07:39   71.4   71.4   71.4   71.7   71.6    100     72
07:40   71.3   71.4   71.3   71.8   71.6    100     72
07:41   71.4   71.4   71.4   71.8   71.6    100     72
07:42   71.4   71.5   71.4   71.8   71.7    100     72
07:43   71.4   71.5   71.4   71.8   71.7    100     72
07:44   71.4   71.5   71.4   71.9   71.7    100     72
07:45   71.4   71.4   71.3   71.9   71.7    100     72
Session: 1                                                       Page 87
Sensor: 1
Degrees Fahrenheit

TIME   WBGTi  WBGTo   WET    DRY   GLOBE  RH(%)   H.I.      
-----  -----  -----  -----  -----  -----  -----  -----
07:46   71.4   71.4   71.3   71.9   71.7    100     72
07:47   71.4   71.5   71.4   72.0   71.7    100     72
07:48   71.5   71.5   71.4   72.0   71.8    100     72
07:49   71.5   71.5   71.4   72.0   71.8    100     72
07:50   71.5   71.5   71.4   71.9   71.8    100     72
07:51   71.5   71.6   71.5   71.9   71.8    100     72
07:52   71.6   71.6   71.5   71.9   71.9    100     72
07:53   71.6   71.7   71.6   72.0   71.9    100     72
07:54   71.7   71.7   71.7   72.0   72.0    100     72
07:55   71.7   71.8   71.7   72.1   72.0    100     72
07:56   71.7   71.8   71.7   72.1   72.0    100     72
07:57   71.7   71.8   71.7   72.2   72.0    100     72
07:58   71.7   71.7   71.6   72.2   72.0    100     72
07:59   71.7   71.7   71.6   72.2   72.1    100     72
08:00   71.7   71.7   71.6   72.2   72.1    100     72
08:01   71.8   71.8   71.7   72.2   72.1    100     72
08:02   71.8   71.8   71.7   72.2   72.1    100     72
08:03   71.8   71.8   71.7   72.2   72.1    100     72
08:04   71.8   71.8   71.7   72.2   72.1    100     72
08:05   71.8   71.8   71.7   72.3   72.1    100     72
08:06   71.8   71.8   71.7   72.2   72.1    100     72
08:07   71.8   71.8   71.7   72.2   72.3    100     72
08:08   71.8   71.8   71.7   72.2   72.3    100     72
08:09   72.0   71.9   71.8   72.2   72.5    100     72
08:10   72.0   72.0   71.9   72.3   72.5    100     72
08:11   72.1   72.1   72.0   72.3   72.6    100     72
08:12   72.2   72.1   72.0   72.4   72.7    100     72
08:13   72.2   72.2   72.0   72.4   72.8    100     72
08:14   72.3   72.3   72.2   72.6   72.8    100     79
08:15   72.5   72.4   72.3   72.6   73.0    100     79
08:16   72.5   72.5   72.3   72.7   73.1    100     79
08:17   72.5   72.5   72.3   72.7   73.2    100     79
08:18   72.5   72.5   72.3   72.9   73.1    100     79
08:19   72.5   72.5   72.3   72.9   73.0    100     79
08:20   72.5   72.5   72.3   72.9   73.0    100     79
08:21   72.5   72.5   72.3   72.9   73.1    100     79
08:22   72.5   72.5   72.3   73.0   73.2    100     79
08:23   72.5   72.5   72.3   73.0   73.2    100     79
08:24   72.5   72.5   72.3   73.2   73.2    100     79
08:25   72.6   72.6   72.4   73.3   73.2    100     79
08:26   72.6   72.6   72.4   73.3   73.2    100     79
08:27   72.6   72.6   72.4   73.4   73.2    100     79
08:28   72.7   72.7   72.5   73.4   73.2    100     79
08:29   72.7   72.7   72.5   73.5   73.2    100     79
08:30   72.8   72.8   72.6   73.5   73.3    100     79
08:31   72.8   72.8   72.6   73.5   73.3    100     80
08:32   72.8   72.9   72.7   73.6   73.3    100     80
08:33   72.9   72.9   72.7   73.8   73.4    100     80
08:34   72.9   72.9   72.7   73.8   73.5    100     80
08:35   72.9   72.9   72.7   73.8   73.5    100     80
Session: 1                                                       Page 88
Sensor: 1
Degrees Fahrenheit

TIME   WBGTi  WBGTo   WET    DRY   GLOBE  RH(%)   H.I.      
-----  -----  -----  -----  -----  -----  -----  -----
08:36   72.9   72.9   72.7   73.9   73.5    100     80
08:37   73.0   73.0   72.8   73.9   73.6    100     80
08:38   73.0   73.0   72.8   74.0   73.6    100     80
08:39   73.1   73.1   72.9   74.1   73.6    100     80
08:40   73.1   73.1   72.9   74.1   73.6    100     80
08:41   73.2   73.2   73.0   74.2   73.8    100     80
08:42   73.2   73.3   73.0   74.3   73.9    100     80
08:43   73.3   73.4   73.1   74.3   74.0    100     80
08:44   73.4   73.5   73.2   74.4   74.1    100     80
08:45   73.5   73.5   73.2   74.4   74.2    100     80
08:46   73.5   73.5   73.2   74.5   74.3    100     82
08:47   73.5   73.5   73.2   74.6   74.2    100     82
08:48   73.6   73.6   73.4   74.7   74.2    100     82
08:49   73.7   73.8   73.5   74.7   74.4    100     82
08:50   73.8   73.8   73.5   74.8   74.5    100     82
08:51   73.8   73.8   73.5   74.9   74.5    100     82
08:52   73.8   73.8   73.5   75.0   74.5    100     82
08:53   73.9   73.9   73.6   75.1   74.6    100     82
08:54   73.8   73.9   73.6   75.2   74.5    100     82
08:55   74.0   74.1   73.8   75.2   74.7    100     82
08:56   74.1   74.1   73.8   75.4   74.8    100     82
08:57   74.2   74.2   73.9   75.4   75.0    100     82
08:58   74.2   74.3   73.9   75.5   75.1    100     84
08:59   74.2   74.3   73.9   75.6   75.1    100     84
09:00   74.2   74.3   73.9   75.7   75.1     99     83
09:01   74.4   74.4   74.1   75.8   75.2     99     83
09:02   74.4   74.5   74.1   76.0   75.2     99     83
09:03   74.5   74.5   74.2   76.1   75.2     99     83
09:04   74.5   74.6   74.2   76.2   75.4     99     83
09:05   74.7   74.8   74.4   76.3   75.6     99     83
09:06   74.7   74.8   74.4   76.4   75.6     99     83
09:07   74.8   74.9   74.5   76.5   75.7     99     83
09:08   74.8   74.9   74.5   76.6   75.8     99     85
09:09   75.0   75.1   74.7   76.9   76.0     99     85
09:10   75.0   75.1   74.6   77.4   76.0     99     85
09:11   75.0   75.2   74.6   77.6   76.1     99     85
09:12   75.2   75.3   74.7   77.8   76.4     99     85
09:13   75.3   75.4   74.8   77.9   76.7     98     85
09:14   75.5   75.6   74.9   77.9   77.0     98     85
09:15   75.6   75.7   75.0   78.1   77.3     97     85
09:16   75.7   75.8   75.0   78.1   77.6     97     85
09:17   75.9   75.9   75.0   78.2   78.0     96     84
09:18   75.9   75.9   75.0   78.3   78.2     96     84
09:19   76.1   76.1   75.1   78.3   78.6     97     85
09:20   76.2   76.2   75.1   78.3   79.0     98     85
09:21   76.4   76.3   75.2   78.3   79.4     98     85
09:22   76.7   76.5   75.4   78.4   79.8     98     85
09:23   76.8   76.6   75.4   78.4   80.2     98     85
09:24   76.8   76.6   75.4   78.5   80.3     95     86
09:25   76.9   76.7   75.4   78.6   80.7     95     86
Session: 1                                                       Page 89
Sensor: 1
Degrees Fahrenheit

TIME   WBGTi  WBGTo   WET    DRY   GLOBE  RH(%)   H.I.      
-----  -----  -----  -----  -----  -----  -----  -----
09:26   77.3   77.0   75.6   78.6   81.3     94     86
09:27   77.5   77.2   75.7   78.6   81.8     95     86
09:28   77.4   77.1   75.6   78.8   81.9     94     86
09:29   77.5   77.2   75.6   78.9   82.0     92     86
09:30   77.3   77.0   75.4   79.1   81.9     92     86
09:31   77.2   77.0   75.3   79.3   81.9     90     85
09:32   77.2   77.0   75.3   79.4   81.9     89     85
09:33   77.3   77.1   75.4   79.5   82.0     88     87
09:34   77.4   77.1   75.4   79.6   82.2     89     87
09:35   77.7   77.4   75.6   79.7   82.6     87     87
09:36   77.8   77.5   75.7   79.8   82.9     88     87
09:37   77.9   77.6   75.7   79.9   83.3     87     87
09:38   78.0   77.7   75.8   79.8   83.4     86     87
09:39   78.0   77.6   75.8   79.8   83.2     86     87
09:40   77.7   77.5   75.6   80.0   82.9     84     86
09:41   77.8   77.5   75.7   80.0   82.9     86     87
09:42   78.0   77.7   76.0   80.0   82.9     87     87
09:43   77.8   77.5   75.7   80.0   83.0     84     86
09:44   78.0   77.7   75.8   80.1   83.4     83     86
09:45   78.0   77.7   75.7   80.3   83.6     82     86
09:46   78.1   77.8   75.7   80.4   83.9     81     86
09:47   78.1   77.8   75.6   80.6   84.2     81     88
09:48   78.6   78.2   75.9   80.8   85.0     81     88
09:49   79.8   79.2   76.8   81.0   87.0     81     88
09:50   81.7   80.7   77.8   81.4   90.8     79     87
09:51   82.7   81.5   77.9   81.7   94.2     76     88
09:52   83.1   81.7   77.8   81.8   95.6     74     88
09:53   83.0   81.6   77.6   81.9   95.8     72     87
09:54   82.5   81.2   77.0   81.9   95.6     71     87
09:55   82.0   80.7   76.6   81.9   94.9     70     87
09:56   81.5   80.4   76.4   82.0   93.7     69     87
09:57   81.1   80.1   76.3   82.2   92.5     69     87
09:58   80.9   80.0   76.4   82.2   91.6     70     87
09:59   80.7   79.8   76.5   82.0   90.6     71     87
10:00   80.5   79.7   76.6   82.0   89.6     70     87
10:01   80.4   79.7   76.7   82.0   89.1     69     87
10:02   80.3   79.6   76.7   82.0   88.7     71     87
10:03   80.3   79.6   76.7   82.1   88.7     70     87
10:04   80.3   79.6   76.7   82.2   88.7     69     87
10:05   80.3   79.6   76.7   82.2   88.8     70     87
10:06   80.9   80.2   77.3   82.4   89.6     70     87
10:07   82.0   81.1   77.8   82.6   92.1     68     88
10:08   82.5   81.3   77.5   82.8   94.2     66     88
10:09   82.5   81.3   77.3   82.9   94.8     65     88
10:10   82.7   81.5   77.5   83.1   94.9     65     88
10:11   83.1   81.9   77.9   83.2   95.3     64     87
10:12   83.2   82.0   77.9   83.3   95.7     63     87
10:13   83.5   82.2   77.9   83.5   96.7     63     87
10:14   84.0   82.6   78.1   83.5   97.9     63     89
10:15   84.0   82.5   77.9   83.7   98.4     63     89
Session: 1                                                       Page 90
Sensor: 1
Degrees Fahrenheit

TIME   WBGTi  WBGTo   WET    DRY   GLOBE  RH(%)   H.I.      
-----  -----  -----  -----  -----  -----  -----  -----
10:16   84.0   82.6   78.1   83.8   98.0     62     89
10:17   84.0   82.6   78.3   83.8   97.3     62     89
10:18   83.2   82.0   77.8   83.5   96.1     61     88
10:19   83.3   82.1   78.1   83.7   95.5     61     88
10:20   82.9   81.8   77.8   83.8   95.0     61     88
10:21   82.9   81.8   77.8   83.8   94.8     61     88
10:22   82.8   81.7   77.6   83.8   95.0     61     88
10:23   83.0   81.9   77.8   83.8   95.4     61     88
10:24   83.3   82.1   78.0   84.0   95.7     62     89
10:25   84.0   82.7   78.6   84.3   96.7     61     88
10:26   84.5   83.1   78.7   84.3   98.3     60     88
10:27   85.5   83.9   79.1   84.6  100.7     59     90
10:28   86.5   84.6   79.3   84.8  103.4     56     89
10:29   87.1   85.1   79.2   85.0  105.8     55     88
10:30   87.9   85.8   79.8   85.5  107.1     54     90
10:31   88.5   86.2   80.0   85.7  108.4     53     90
10:32   89.2   86.8   80.4   86.1  109.8     52     89
10:33   90.0   87.5   81.0   86.2  111.3     51     89
10:34   90.3   87.7   81.1   86.6  111.8     50     90
10:35   90.5   87.9   81.0   86.9  112.9     49     90
10:36   90.7   88.0   80.8   87.2  114.0     47     89
10:37   92.0   89.2   81.9   87.9  115.7     45     90
10:38   92.4   89.4   81.5   87.9  117.9     43     90
10:39   91.9   88.9   80.7   87.9  118.3     42     90
10:40   92.9   89.8   81.9   88.3  118.6     44     90
10:41   92.6   89.6   81.4   88.2  119.0     40     89
10:42   93.2   90.1   81.8   88.8  120.0     39     90
10:43   93.7   90.5   82.1   89.1  121.0     36     89
10:44   92.8   89.8   81.4   89.4  119.7     36     89
10:45   90.6   87.8   79.7   88.4  116.2     37     88
10:46   88.9   86.7   79.7   88.3  110.4     38     88
10:47   88.5   86.6   80.7   88.4  106.7     39     89
10:48   87.8   86.1   80.6   88.0  104.7     41     89
10:49   87.9   86.3   81.1   87.9  103.8     42     90
10:50   88.9   87.1   81.6   88.3  106.1     42     90
10:51   90.0   87.9   81.9   88.3  109.0     42     90
10:52   90.5   88.2   81.6   88.0  111.4     40     89
10:53   90.5   87.9   80.7   87.8  113.6     40     89
10:54   90.9   88.3   81.1   88.2  114.0     40     89
10:55   91.4   88.8   81.5   88.4  114.7     38     88
10:56   92.0   89.4   82.0   89.0  115.6     39     90
10:57   92.5   89.6   81.7   89.2  117.8     36     89
10:58   92.7   89.7   81.5   89.4  118.9     36     89
10:59   91.0   88.2   80.2   88.9  116.3     36     89
11:00   89.1   87.0   80.2   88.7  110.1     37     89
11:01   90.1   87.9   81.5   88.8  110.2     38     90
11:02   91.4   89.0   82.0   89.4  113.4     37     89
11:03   92.0   89.3   81.8   88.9  115.8     37     89
11:04   92.5   89.7   82.0   89.2  117.2     35     89
11:05   92.5   89.6   81.5   89.4  118.4     35     89
Session: 1                                                       Page 91
Sensor: 1
Degrees Fahrenheit

TIME   WBGTi  WBGTo   WET    DRY   GLOBE  RH(%)   H.I.      
-----  -----  -----  -----  -----  -----  -----  -----
11:06   92.4   89.7   81.9   89.9  116.9     35     90
11:07   92.1   89.3   81.4   89.5  117.2     36     91
11:08   90.4   88.0   80.9   88.9  112.8     36     89
11:09   90.1   88.0   81.4   88.9  110.7     37     89
11:10   91.2   88.9   82.0   89.3  112.9     38     90
11:11   92.9   90.2   82.9   89.4  116.5     39     90
11:12   94.2   91.2   83.5   90.0  119.2     40     92
11:13   94.4   91.3   83.1   89.7  121.0     36     91
11:14   93.2   90.2   81.9   89.6  119.6     37     91
11:15   92.6   89.6   81.5   88.7  118.7     39     90
11:16   91.4   88.7   81.1   88.4  115.7     41     89
11:17   91.6   88.9   81.5   88.9  115.2     38     90
11:18   92.5   89.8   82.2   89.5  116.6     37     89
11:19   93.1   90.3   82.4   90.0  118.2     36     91
11:20   93.4   90.4   82.3   90.0  119.3     35     90
11:21   93.4   90.4   82.3   90.0  119.3     34     90
11:22   93.1   90.2   82.0   89.8  119.1     34     90
11:23   92.7   89.8   81.5   89.6  119.1     32     89
11:24   92.7   89.9   81.6   90.1  118.9     35     90
11:25   93.6   90.7   82.5   90.6  119.6     32     91
11:26   94.0   91.0   82.7   90.6  120.5     33     91
11:27   94.2   91.2   82.7   91.1  121.1     35     92
11:28   94.8   91.8   83.1   91.6  122.4     32     92
11:29   94.6   91.4   82.3   91.4  123.3     30     90
11:30   93.8   90.6   81.4   91.0  123.0     30     90
11:31   94.2   91.1   82.2   91.2  122.4     31     90
11:32   94.2   91.1   82.2   91.1  122.5     31     90
11:33   94.3   91.2   82.4   91.3  122.1     32     91
11:34   94.4   91.4   82.7   91.6  122.0     32     92
11:35   93.6   90.5   81.8   90.4  121.3     31     89
11:36   91.0   88.2   80.0   89.1  116.8     31     88
11:37   89.6   87.4   80.2   89.6  111.6     31     89
11:38   89.1   87.1   80.4   89.3  109.7     33     88
11:39   88.8   87.0   80.8   89.2  107.7     34     89
11:40   90.3   88.4   82.2   90.0  109.4     34     90
11:41   90.5   88.3   81.3   90.0  112.0     35     90
11:42   90.5   88.3   81.3   89.9  112.2     35     90
11:43   91.5   89.3   82.3   90.5  113.2     35     90
11:44   93.1   90.4   82.7   91.0  117.5     35     92
11:45   92.9   90.2   82.2   90.4  118.1     34     90
11:46   92.1   89.5   81.9   90.6  116.0     35     92
11:47   92.0   89.6   82.3   90.8  114.7     36     92
11:48   93.1   90.5   82.9   91.1  117.0     34     91
11:49   92.5   89.7   81.7   90.0  117.7     34     90
11:50   92.5   89.9   82.0   90.4  117.3     35     90
11:51   93.4   90.6   82.4   90.9  119.2     33     91
11:52   93.6   90.7   82.3   90.8  120.1     33     91
11:53   94.3   91.4   83.1   91.3  120.7     34     91
11:54   94.8   91.9   83.6   91.8  121.1     38     94
11:55   94.7   91.7   83.3   91.6  121.6     33     92
Session: 1                                                       Page 92
Sensor: 1
Degrees Fahrenheit

TIME   WBGTi  WBGTo   WET    DRY   GLOBE  RH(%)   H.I.      
-----  -----  -----  -----  -----  -----  -----  -----
11:56   94.3   91.4   83.0   91.9  120.8     34     93
11:57   95.7   92.7   84.1   92.7  123.0     33     94
11:58   96.9   93.7   84.9   93.1  124.9     32     93
11:59   97.9   94.6   85.6   93.9  126.6     33     95
12:00   98.3   94.8   85.4   93.8  128.4     33     95
12:01   97.5   94.0   84.1   93.7  128.8     31     95
12:02   96.9   93.5   84.1   93.3  126.8     30     93
12:03   94.9   91.8   82.9   92.2  122.9     32     92
12:04   94.5   91.5   83.1   91.9  121.1     30     91
12:05   95.0   92.2   83.9   92.8  121.1     32     93
12:06   94.7   91.7   82.9   91.9  122.4     31     92
12:07   95.5   92.5   83.9   92.5  122.6     31     93
12:08   94.9   91.9   83.1   92.3  122.7     32     92
12:09   95.1   92.3   83.9   92.7  121.5     31     93
12:10   94.4   91.5   82.9   92.1  121.5     31     92
12:11   91.9   89.4   81.7   90.9  115.8     34     91
12:12   92.3   90.0   83.0   91.6  114.1     35     93
12:13   94.0   91.5   84.0   92.3  117.4     33     92
12:14   94.2   91.4   83.2   92.2  119.9     32     92
12:15   94.7   91.9   83.5   92.7  121.0     33     94
12:16   95.3   92.3   83.6   92.9  122.6     32     93
12:17   95.5   92.4   83.6   92.7  123.3     33     94
12:18   95.6   92.6   83.9   93.0  122.9     36     95
12:19   96.0   92.9   84.1   93.5  123.8     34     96
12:20   96.3   93.1   84.0   93.7  125.1     31     95
12:21   96.0   92.8   83.3   93.6  125.8     30     94
12:22   95.9   92.7   83.2   93.7  125.6     31     95
12:23   96.4   93.2   83.8   93.9  125.9     29      0
12:24   95.7   92.4   82.7   93.0  126.3     27      0
12:25   95.1   91.9   82.4   92.8  124.9     28      0
12:26   95.5   92.4   83.1   93.3  124.5     28      0
12:27   95.7   92.6   83.4   93.7  124.7     27      0
12:28   95.5   92.4   83.0   94.0  124.8     27      0
12:29   95.2   92.1   82.6   93.7  124.9     30     94
12:30   96.0   92.8   83.5   94.0  125.2     28      0
12:31   96.7   93.5   84.0   94.2  126.4     28      0
12:32   95.4   92.3   82.9   93.3  124.8     28      0
12:33   94.9   91.9   82.8   93.1  123.3     29      0
12:34   95.4   92.5   83.8   93.6  122.5     28      0
12:35   95.4   92.4   83.5   93.7  123.3     29      0
12:36   96.3   93.2   84.1   94.0  124.8     30     94

