2026-10-02T17:20:05.964  --  bridge device=COM9 <-> host=COM20 @ 9600 8N1
2026-10-02T17:20:05.964  --  start DMS on the other end of the virtual pair. Ctrl-C to stop.
2026-10-02T17:20:05.976  --  lines host DTR=False RTS=False | device DSR=True CTS=True CD=False
2026-10-02T17:20:06.006  --  lines host DTR=False RTS=False | device DSR=False CTS=False CD=False
2026-10-02T17:20:23.863  --  lines host DTR=True RTS=True | device DSR=False CTS=False CD=False
2026-10-02T17:20:23.894  --  lines host DTR=True RTS=True | device DSR=True CTS=True CD=False
2026-10-02T17:20:23.849  H>D  7e 23 51 53 30 30 0d                                                                             |~#QS00.|
2026-10-02T17:20:24.098  D>H  5b 30 30 46 5d 53 54 41 54 30 30 2c 30 30 5b 30 33 38 36 5d                                      |[00F]STAT00,00[0386]|
2026-10-02T17:20:24.215  H>D  7e 23 51 41 0d                                                                                   |~#QA.|
2026-10-02T17:20:24.293  D>H  5b 30 31 33 5d 53 45 52 4e 54 45 59 31 32 30 30 30 35 5b 30 34 39 45 5d                          |[013]SERNTEY120005[049E]|
2026-10-02T17:20:24.412  H>D  7e 23 51 4d 0d                                                                                   |~#QM.|
2026-10-02T17:20:24.488  D>H  5b 30 30 46 5d 4d 4f 44 4c 48 51 54 33 34 5b 30 33 44 45 5d                                      |[00F]MODLHQT34[03DE]|
2026-10-02T17:20:24.600  H>D  7e 23 4c 4f 4d 0d                                                                                |~#LOM.|
2026-10-02T17:20:24.690  D>H  5b 30 31 35 5d 4c 4f 4d 4d 30 35 30 30 2c 30 30 39 34 30 31 5b 30 34 41 32 5d                    |[015]LOMM0500,009401[04A2]|
2026-10-02T17:20:24.818  H>D  23 44 51 0d                                                                                      |#DQ.|
2026-10-02T17:20:25.098  D>H  00 41 00 00 00 00 00 00 00 06 1a 00 94 01 0b d8 12 54 13 03 09 26 20 fc 18 00 00 00 00 00 00 00  |.A...............T...& .........|
2026-10-02T17:20:25.098  D>H  fc 18 00 00 00 00 00 00 00 0f 1f 14 54 13 03 09 26 20 fc 18 00 00 00 00 00 00 00 fc 18 00 00 00  |............T...& ..............|
2026-10-02T17:20:25.098  D>H  00 00 00 00 17 27 38 54 13 03 09 26 20 fc 18 00 00 00 00 00 00 00 fc 18 00 00 00 00 00 00 00 0f  |.....'8T...& ...................|
2026-10-02T17:20:25.098  D>H  39 15 54 13 03 09 26 20 fc 18 00 00 00 00 00 00 00 fc 18 00 00 00 00 00 00 00 fc 18 00 00 00 00  |9.T...& ........................|
2026-10-02T17:20:25.098  D>H  00 00 00 0e 6c 12 54 13 03 09 26 20 fc 18 00 00 00 00 00 00 00 fc 18 00 00 00 00 00 00 00 fc 18  |....l.T...& ....................|
2026-10-02T17:20:25.098  D>H  00 00 00 00 00 00 00 0c eb 11 13 11 04 09 26 20 fc 18 00 00 00 00 00 00 00 fc 18 00 00 00 00 00  |..............& ................|
2026-10-02T17:20:25.098  D>H  00 00 fc 18 00 00 00 00 00 00 00 00 64 36 22 05 02 09 26 20 fc 18 00 00 00 00 00 00 00 fc 18 00  |............d6"...& ............|
2026-10-02T17:20:25.098  D>H  00 00 00 00 00 00 0f f2 51 17 14 03 09 26 20 fc 18 00 00 00 00 00 00 00 fc 18 00 00 00 00 00 00  |........Q....& .................|
2026-10-02T17:20:25.098  D>H  20 05                                                                                            | .|
2026-10-02T17:20:25.953  H>D  06                                                                                               |.|
2026-10-02T17:20:26.021  D>H  00 00 00 00 00 00 00 00 00 00 28 55 08 01 09 26 20 34 36 12 04 09 26 20 00 3c 08 64 08 85 09 25  |..........(U...& 46...& .<.d...%|
2026-10-02T17:20:26.021  D>H  00 5d 08 7e 08 a0 09 4a 00 5d 08 8e 08 b7 09 67 00 5d 08 96 08 d5 09 79 00 5c 08 9e 08 e4 09 8d  |.].~...J.].....g.].....y.\......|
2026-10-02T17:20:26.021  D>H  00 5b 08 a6 08 ef 09 a3 00 5a 08 ad 08 f9 09 b1 00 59 08 b4 09 03 09 c2 00 59 08 ba 09 10 09 d3  |.[.......Z.......Y.......Y......|
2026-10-02T17:20:26.021  D>H  00 59 08 bd 09 19 09 de 00 58 08 c0 09 2a 09 ed 00 58 08 cb 09 32 09 fa 00 58 08 d0 09 3a 0a 05  |.Y.......X...*...X...2...X...:..|
2026-10-02T17:20:26.021  D>H  00 58 08 d0 09 42 0a 08 00 58 08 d3 09 46 0a 11 00 58 08 d8 09 4d 0a 19 00 58 08 da 09 57 0a 29  |.X...B...X...F...X...M...X...W.)|
2026-10-02T17:20:26.021  D>H  00 57 08 dd 09 61 0a 34 00 57 08 e0 09 65 0a 3c 00 56 08 f8 09 73 0a 61 00 56 09 21 09 85 0a d3  |.W...a.4.W...e.<.V...s.a.V.!....|
2026-10-02T17:20:26.021  D>H  00 56 09 32 09 94 0b 6a 00 54 09 23 09 a4 0b a8 00 51 09 11 09 ad 0b 89 00 50 09 13 09 b9 0b 4d  |.V.2...j.T.#.....Q.......P.....M|
2026-10-02T17:20:26.021  D>H  00 50 09 24 09 c5 0b 39 00 50 09 41 09 d5 0b 5e 00 4f 09 53 09 e6 0b bc 00 4c 09 52 09 f7 0b ff  |.P.$...9.P.A...^.O.S.....L.R....|
2026-10-02T17:20:26.021  D>H  3b 99                                                                                            |;.|
2026-10-02T17:20:26.871  H>D  06                                                                                               |.|
2026-10-02T17:20:26.940  D>H  00 4b 09 4b 09 ff 0c 0b 00 4a 09 51 0a 07 0c 25 00 48 09 4b 0a 0f 0c 5c 00 47 09 43 0a 18 0c 85  |.K.K.....J.Q...%.H.K...\.G.C....|
2026-10-02T17:20:26.940  D>H  00 47 09 4e 0a 26 0c 9f 00 47 09 55 0a 36 0c c1 00 47 09 53 0a 41 0c c8 00 45 09 4b 0a 49 0c 97  |.G.N.&...G.U.6...G.S.A...E.K.I..|
2026-10-02T17:20:26.940  D>H  00 43 09 4d 0a 51 0c 5e 00 42 09 41 0a 51 0c 1f 00 43 09 2b 0a 48 0b cd 00 44 09 23 0a 41 0b 86  |.C.M.Q.^.B.A.Q...C.+.H...D.#.A..|
2026-10-02T17:20:26.940  D>H  00 45 09 22 0a 3b 0b 59 00 46 09 36 0a 41 0b 3e 00 47 09 40 0a 3e 0b 41 00 47 09 4a 0a 3a 0b 4b  |.E.".;.Y.F.6.A.>.G.@.>.A.G.J.:.K|
2026-10-02T17:20:26.940  D>H  00 46 09 4b 0a 38 0b 56 00 47 09 48 0a 34 0b 50 00 48 09 3a 0a 34 0b 3d 00 48 09 3a 0a 30 0b 2a  |.F.K.8.V.G.H.4.P.H.:.4.=.H.:.0.*|
2026-10-02T17:20:26.940  D>H  00 48 09 3b 0a 30 0b 17 00 4a 09 3e 0a 2b 0b 0f 00 49 09 42 0a 32 0b 1d 00 48 09 57 0a 40 0b 5e  |.H.;.0...J.>.+...I.B.2...H.W.@.^|
2026-10-02T17:20:26.940  D>H  00 49 09 6a 0a 48 0b c1 00 48 09 91 0a 63 0c 5d 00 47 09 cb 0a 81 0d 5e 00 43 09 fd 0a a2 0e 88  |.I.j.H...H...c.].G.....^.C......|
2026-10-02T17:20:26.940  D>H  00 3f 09 ff 0a bc 0f 6d 00 3c 09 df 0a ca 0f bc 00 39 09 be 0a dc 0f be 00 37 09 9d 0a e5 0f 5d  |.?.....m.<.......9.......7.....]|
2026-10-02T17:20:26.940  D>H  30 63                                                                                            |0c|
2026-10-02T17:20:27.805  H>D  06                                                                                               |.|
2026-10-02T17:20:27.872  D>H  00 38 09 a1 0a e3 0e d5 00 39 09 b5 0a e1 0e 9e 00 39 09 a5 0a dc 0e 6a 00 38 09 9b 0a e3 0e 1a  |.8.......9.......9.....j.8......|
2026-10-02T17:20:27.872  D>H  00 39 09 9e 0a e5 0e 11 00 39 09 95 0a ed 0e 16 00 39 09 b5 0a f5 0e 28 00 3a 09 de 0a ff 0e 73  |.9.......9.......9.....(.:.....s|
2026-10-02T17:20:27.872  D>H  00 3b 09 c6 0a f3 0e aa 00 38 09 ba 0b 05 0e 8b 00 37 09 b5 0b 0e 0e 87 00 36 09 a8 0b 16 0e 62  |.;.......8.......7.......6.....b|
2026-10-02T17:20:27.872  D>H  00 37 09 a5 0b 1b 0e 40 00 36 09 b5 0b 23 0e 2b 00 36 09 c4 0b 2a 0e 37 00 37 09 da 0b 37 0e 48  |.7.....@.6...#.+.6...*.7.7...7.H|
2026-10-02T17:20:27.872  D>H  00 36 0a 01 0b 4d 0e 7b 00 35 0a 17 0b 60 0e e9 00 35 0a 09 0b 72 0f 3a 00 33 09 e6 0b 73 0f 33  |.6...M.{.5...`...5...r.:.3...s.3|
2026-10-02T17:20:27.872  D>H  00 34 09 ed 0b 80 0e de 00 32 09 e6 0b 85 0e b3 00 31 09 e4 0b 89 0e bc 00 33 09 e6 0b 92 0e ae  |.4.......2.......1.......3......|
2026-10-02T17:20:27.872  D>H  00 33 09 df 0b 99 0e b4 00 30 09 eb 0b aa 0e e7 00 31 0a 07 0b b2 0f 2f 00 31 0a 30 0b c0 0f b5  |.3.......0.......1...../.1.0....|
2026-10-02T17:20:27.872  D>H  00 31 0a 27 0b d2 10 51 00 2f 0a 47 0b e2 10 f8 00 2f 0a 89 0b fc 11 8e 00 2c 0a 7c 0c 0e 12 1d  |.1.'...Q./.G...../.......,.|....|
2026-10-02T17:20:27.872  D>H  3f 60                                                                                            |?`|
2026-10-02T17:20:28.721  H>D  06                                                                                               |.|
2026-10-02T17:20:28.789  D>H  00 2c 0a 60 0c 0c 12 46 00 29 0a 85 0c 25 12 6a 00 28 0a 98 0c 1f 12 9b 00 28 0a 7b 0c 02 12 ac  |.,.`...F.)...%.j.(.......(.{....|
2026-10-02T17:20:28.789  D>H  00 28 0a 5c 0c 03 12 60 00 27 0a 83 0c 1c 12 72 00 2a 0a 55 0c 1c 12 9e 00 26 0a 7d 0c 32 12 b3  |.(.\...`.'.....r.*.U.....&.}.2..|
2026-10-02T17:20:28.789  D>H  00 27 0a 98 0c 47 12 e8 00 25 0a a3 0c 51 13 0e 00 24 0a 8f 0c 5d 13 08 00 24 0a a4 0c 7f 13 20  |.'...G...%...Q...$...]...$..... |
2026-10-02T17:20:28.789  D>H  00 23 0a ab 0c 88 13 2b 00 22 0a 7a 0c 80 13 16 00 22 0a 8a 0c 8c 13 15 00 22 0a 9c 0c 96 13 1b  |.#.....+.".z....."......."......|
2026-10-02T17:20:28.789  D>H  00 20 0a c4 0c b8 13 3d 00 23 0a b2 0c b8 13 73 00 20 0a 9b 0c bf 13 6d 00 20 0a ae 0c ba 13 75  |. .....=.#.....s. .....m. .....u|
2026-10-02T17:20:28.789  D>H  00 1f 0a 83 0c b1 13 55 00 1f 0a 7a 0c b0 13 5f 00 1e 0a c0 0c d0 13 69 00 1f 0a cd 0c ce 13 98  |.......U...z..._.......i........|
2026-10-02T17:20:28.789  D>H  00 1f 0a c4 0c c2 13 75 00 1f 0a cc 0c df 13 61 00 20 0a e7 0c f4 13 72 00 20 0a aa 0c df 13 7b  |.......u.......a. .....r. .....{|
2026-10-02T17:20:28.789  D>H  00 1d 0a d1 0c fa 13 6a 00 1d 0a d2 0d 00 13 84 00 1d 0a bd 0c e1 13 90 00 1c 0a c4 0c e6 13 64  |.......j.......................d|
2026-10-02T17:20:28.789  D>H  3a 67                                                                                            |:g|
2026-10-02T17:20:29.655  H>D  06                                                                                               |.|
2026-10-02T17:20:29.721  D>H  00 1f 0a a9 0c d6 13 68 00 1c 0a 8d 0c d2 13 51 00 1b 0a 6a 0c c0 13 22 00 1c 0a b1 0c d1 13 1c  |.......h.......Q...j..."........|
2026-10-02T17:20:29.721  D>H  00 1e 0a d3 0c d4 13 39 00 1d 0a 8c 0c c9 13 3d 00 1c 0a 80 0c c2 13 35 00 1b 0a 6a 0c b8 13 22  |.......9.......=.......5...j..."|
2026-10-02T17:20:29.721  D>H  00 1c 0a 63 0c b7 13 17 00 1a 0a 6a 0c b1 12 f6 00 1c 0a 69 0c 9f 12 d2 00 1d 0a 9b 0c ba 12 e3  |...c.......j.......i............|
2026-10-02T17:20:29.721  D>H  00 20 0a cf 0c e1 13 43 00 1d 0a de 0d 09 13 80 00 1f 0b 05 0d 2b 13 b8 00 1c 0a fd 0d 43 13 f2  |. .....C.............+.......C..|
2026-10-02T17:20:29.721  D>H  00 1d 0a cd 0d 44 14 0a 00 1d 0a be 0d 3b 13 f7 00 1d 0a f3 0d 3b 14 02 00 1e 0a a6 0d 12 14 0b  |.....D.......;.......;..........|
2026-10-02T17:20:29.721  D>H  00 1b 0a 7b 0d 06 13 bc 00 1a 0a 8a 0d 12 13 a9 00 1a 0a 64 0c ec 13 af 00 19 0a 4a 0c d9 13 73  |...{...............d.......J...s|
2026-10-02T17:20:29.721  D>H  00 19 0a 41 0c d0 13 30 00 19 0a 72 0c e9 13 42 00 19 0a 95 0c fe 13 84 00 19 0a 6a 0c fa 13 86  |...A...0...r...B...........j....|
2026-10-02T17:20:29.721  D>H  00 19 0a 86 0d 02 13 6e 00 1a 0a ab 0d 0d 13 85 00 19 0a 79 0d 0a 13 b9 00 1a 0a 58 0c ee 13 c3  |.......n...........y.......X....|
2026-10-02T17:20:29.721  D>H  3a 81                                                                                            |:.|
2026-10-02T17:20:30.572  H>D  06                                                                                               |.|
2026-10-02T17:20:30.638  D>H  00 19 0a 41 0c e1 13 94 00 18 0a 6a 0d 02 13 7e 00 18 0a 49 0c ff 13 8f 00 18 0a 8a 0d 2c 13 a0  |...A.......j...~...I.........,..|
2026-10-02T17:20:30.638  D>H  00 17 0a 3d 0c ff 13 b4 00 18 0a 44 0d 06 13 8f 00 18 0a 49 0d 12 13 97 00 18 0a 43 0d 17 13 a9  |...=.......D.......I.......C....|
2026-10-02T17:20:30.638  D>H  00 17 0a 79 0d 2b 13 c9 00 18 0a a3 0d 43 13 e1 00 1a 0a b8 0d 5b 13 f5 00 1a 0a a7 0d 39 13 ff  |...y.+.......C.......[.......9..|
2026-10-02T17:20:30.638  D>H  00 1b 0a 72 0d 15 13 8d 00 1c 0a 7f 0d 22 13 55 00 1d 0a bb 0d 40 13 96 00 1c 0a da 0d 5b 13 e1  |...r.........".U.....@.......[..|
2026-10-02T17:20:30.638  D>H  00 1c 0a ae 0d 5e 14 21 00 1a 0a 8c 0d 51 14 28 00 19 0a 81 0d 54 14 1b 00 18 0a 61 0d 43 13 f6  |.....^.!.....Q.(.....T.....a.C..|
2026-10-02T17:20:30.638  D>H  00 19 0a 8b 0d 5a 13 de 00 17 0a 71 0d 34 13 db 00 17 0a 7c 0d 33 13 9d 00 18 0a 93 0d 51 13 b7  |.....Z.....q.4.....|.3.......Q..|
2026-10-02T17:20:30.638  D>H  00 18 0a b6 0d 68 13 fa 00 18 0a 38 0d 2b 13 23 00 18 0a 75 0d 49 12 58 00 1c 0a a6 0d 5b 12 86  |.....h.....8.+.#...u.I.X.....[..|
2026-10-02T17:20:30.638  D>H  00 19 0a 22 0d 16 12 57 00 19 0a 3a 0d 18 11 20 00 1c 0a ca 0d 3e 11 c6 00 1a 0a ac 0d 5d 12 c1  |..."...W...:... .....>.......]..|
2026-10-02T17:20:30.638  D>H  34 6e                                                                                            |4n|
2026-10-02T17:20:31.507  H>D  06                                                                                               |.|
2026-10-02T17:20:31.574  D>H  00 1a 0a 9a 0d 74 13 66 00 19 0a bd 0d 8d 13 e8 00 19 0a cb 0d 9f 14 35 00 1a 0a e8 0d bb 14 a4  |.....t.f...............5........|
2026-10-02T17:20:31.574  D>H  00 1d 0b 18 0d c8 14 ff 00 1a 0a f9 0d bd 15 17 00 1d 0b 2b 0d dc 15 14 00 1d 0a ec 0d d1 15 4d  |...................+...........M|
2026-10-02T17:20:31.574  D>H  00 1a 0a ed 0d d3 15 30 00 19 0a e9 0d d6 15 3b 00 18 0a d1 0d db 15 43 00 19 0b 0f 0d ed 15 89  |.......0.......;.......C........|
2026-10-02T17:20:31.574  D>H  00 18 0a d7 0d d3 15 60 00 17 0a 8e 0d ba 15 31 00 17 0a cf 0d d7 15 54 00 18 0a ce 0d e4 15 8b  |.......`.......1.......T........|
2026-10-02T17:20:31.574  D>H  00 17 0a be 0d e5 15 8b 00 17 0a dd 0d f8 15 90 00 16 0a dc 0e 01 15 82 00 16 0a ee 0e 02 15 7b  |...............................{|
2026-10-02T17:20:31.574  D>H  00 17 0b 23 0e 09 15 88 00 17 0a cb 0d bc 15 54 00 17 0a c3 0d c7 14 f1 00 17 0a de 0d d0 15 1c  |...#...........T................|
2026-10-02T17:20:31.574  D>H  00 17 0a fc 0d ed 15 06 00 1a 0b 0a 0d fe 15 6d 00 17 0a d1 0d f3 15 7a 00 17 0a a2 0d f0 15 63  |...............m.......z.......c|
2026-10-02T17:20:31.574  D>H  00 15 0a a3 0d f2 14 e8 00 16 0a a9 0d eb 14 8b 00 15 0a b1 0d ef 14 ba 00 16 0a 86 0d b3 14 bc  |................................|
2026-10-02T17:20:31.574  D>H  44 a8                                                                                            |D.|
2026-10-02T17:20:32.424  H>D  06                                                                                               |.|
2026-10-02T17:20:32.491  D>H  00 16 0a 57 0d 96 13 64 00 15 0a 33 0d 75 12 01 00 16 0a 21 0d 5a 10 fe 00 17 0a 61 0d 4f 10 52  |...W...d...3.u.....!.Z.....a.O.R|
2026-10-02T17:20:32.491  D>H  00 1c 0a 68 0d 45 10 3c 00 1a 0a 22 0d 23 0f e8 00 19 0a 26 0d 19 0f 73 00 1b 0a 28 0d 08 0f 26  |...h.E.<...".#.....&...s...(...&|
2026-10-02T17:20:32.491  D>H  00 1b 0a 6a 0d 30 0f 9d 00 1e 0a 84 0d 51 11 4c 00 1c 0a b3 0d 75 12 86 00 1c 0a bd 0d 91 13 53  |...j.0.......Q.L.....u.........S|
2026-10-02T17:20:32.491  D>H  00 1b 0a 5a 0d 6d 13 6d 00 1a 0a 48 0d 48 12 26 00 1d 0a 50 0d 4c 11 00 00 1c 0a 62 0d 4e 10 78  |...Z.m.m...H.H.&...P.L.....b.N.x|
2026-10-02T17:20:32.491  D>H  00 1c 0a 6a 0d 5e 11 36 00 1c 0a 59 0d 60 11 f3 00 1c 0a 35 0d 3f 11 90 00 1c 0a 2f 0d 33 10 97  |...j.^.6...Y.`.....5.?...../.3..|
2026-10-02T17:20:32.491  D>H  00 1c 0a 18 0d 23 10 12 00 1c 0a 58 0d 3b 10 24 00 1d 0a 91 0d 60 11 9f 00 1e 0a bc 0d 84 12 ec  |.....#.....X.;.$.....`..........|
2026-10-02T17:20:32.491  D>H  00 1c 0a d1 0d a5 13 ae 00 1b 0a c7 0d bd 14 1a 00 1a 0a d5 0d e1 14 3d 00 1a 0a fd 0e 01 14 8c  |.......................=........|
2026-10-02T17:20:32.491  D>H  00 19 0b 0e 0e 0e 14 fd 00 1b 0b 05 0e 15 15 23 00 19 0b 38 0e 31 15 92 00 18 0a e3 0e 23 15 d0  |...............#...8.1.......#..|
2026-10-02T17:20:32.491  D>H  2e 26                                                                                            |.&|
2026-10-02T17:20:33.358  H>D  06                                                                                               |.|
2026-10-02T17:20:33.424  D>H  00 16 0a bc 0e 07 15 d2 00 16 0a cc 0e 0a 15 d2 00 16 0a bc 0e 08 15 92 00 16 0a 92 0d e8 14 64  |...............................d|
2026-10-02T17:20:33.424  D>H  00 17 0a 6f 0d c2 12 d8 00 17 0a 49 0d 8e 11 6b 00 18 0a 30 0d 66 10 4e 00 19 0a 12 0d 2d 0f 8c  |...o.......I...k...0.f.N.....-..|
2026-10-02T17:20:33.424  D>H  00 19 0a 07 0d 0f 0e ec 00 1b 0a 03 0d 00 0e 8a 00 1c 09 e0 0c e5 0e 48 00 1c 09 de 0c d0 0e 0d  |.......................H........|
2026-10-02T17:20:33.424  D>H  00 1e 09 fd 0c cb 0d e9 00 20 0a 2f 0c ce 0d e0 00 21 0a 40 0c d1 0d e5 00 22 0a 12 0c d1 0d e6  |......... ./.....!.@....."......|
2026-10-02T17:20:33.424  D>H  00 20 0a 0c 0c cc 0d e3 00 20 0a 46 0c d2 0d f7 00 22 0a 92 0c f5 0f 18 00 22 0a b9 0d 1c 10 e3  |. ....... .F....."......."......|
2026-10-02T17:20:33.424  D>H  00 23 0b 02 0d 54 12 96 00 20 0a b1 0d 72 13 ca 00 20 0a d3 0d a2 14 7c 00 1e 0a eb 0d ce 15 11  |.#...T... ...r... .....|........|
2026-10-02T17:20:33.424  D>H  00 1d 0b 1d 0d ed 15 74 00 1c 0a fe 0e 01 15 89 00 1b 0a bc 0d fb 15 ae 00 1a 0a b4 0d f8 15 94  |.......t........................|
2026-10-02T17:20:33.424  D>H  00 17 0a 9c 0d e9 14 f5 00 17 0a 73 0d d7 14 c1 00 17 0a 71 0d ea 14 a2 00 19 0a 95 0d f9 14 9c  |...........s.......q............|
2026-10-02T17:20:33.424  D>H  3f 96                                                                                            |?.|
2026-10-02T17:20:34.284  H>D  06                                                                                               |.|
2026-10-02T17:20:34.353  D>H  00 17 0a a4 0e 06 14 a2 00 1c 0a a4 0d fe 14 dd 00 17 0a b3 0e 21 14 f2 00 16 0a fc 0e 38 15 22  |.....................!.......8."|
2026-10-02T17:20:34.353  D>H  00 19 0b 17 0e 50 15 68 00 17 0a c2 0e 3b 15 a2 00 16 0a e4 0e 4a 15 97 00 16 0a ff 0e 56 16 13  |.....P.h.....;.......J.......V..|
2026-10-02T17:20:34.353  D>H  00 17 0b 01 0e 71 16 37 00 17 0a f1 0e 5e 16 5b 00 15 0a cf 0e 26 16 32 00 14 0a 7f 0d f8 15 2f  |.....q.7.....^.[.....&.2......./|
2026-10-02T17:20:34.353  D>H  00 15 0a 65 0d df 13 a7 00 19 0a 6d 0d b7 12 65 00 16 0a 20 0d 8d 11 17 00 17 0a 42 0d 7f 10 47  |...e.......m...e... .......B...G|
2026-10-02T17:20:34.353  D>H  00 18 0a 45 0d 85 0f ea 00 19 0a 38 0d 70 10 38 00 19 0a 5b 0d 76 10 1d 00 1a 0a 6a 0d 87 10 46  |...E.......8.p.8...[.v.....j...F|
2026-10-02T17:20:34.353  D>H  00 1a 0a 7a 0d 97 11 01 00 1b 0a 75 0d a1 11 38 00 1a 0a b3 0d d6 12 2a 00 1d 0a e7 0d fe 13 74  |...z.......u...8.......*.......t|
2026-10-02T17:20:34.353  D>H  00 1b 0b 16 0e 28 14 7d 00 1b 0b 3a 0e 40 15 36 00 18 0a fa 0e 4a 15 86 00 18 0a ce 0e 3a 15 7f  |.....(.}...:.@.6.....J.......:..|
2026-10-02T17:20:34.353  D>H  00 17 0a c9 0e 2e 15 84 00 18 0a d4 0e 29 15 9f 00 16 0a dc 0e 2a 15 92 00 16 0a d7 0e 25 15 5e  |.............).......*.......%.^|
2026-10-02T17:20:34.353  D>H  35 31                                                                                            |51|
2026-10-02T17:20:35.206  H>D  06                                                                                               |.|
2026-10-02T17:20:35.273  D>H  00 15 0a 9d 0d ff 15 52 00 15 0a e7 0e 28 15 36 00 16 0a e4 0e 0d 15 2a 00 17 0a ed 0e 30 15 18  |.......R.....(.6.......*.....0..|
2026-10-02T17:20:35.273  D>H  00 16 0a f3 0e 40 15 4b 00 16 0a eb 0e 50 15 85 00 15 0a d2 0e 4a 15 bd 00 14 0a df 0e 61 15 b8  |.....@.K.....P.......J.......a..|
2026-10-02T17:20:35.273  D>H  00 14 0a cc 0e 63 15 c0 00 14 0a d9 0e 5f 15 b6 00 15 0a dd 0e 64 15 a7 00 14 0a f5 0e 7d 15 b2  |.....c......._.......d.......}..|
2026-10-02T17:20:35.273  D>H  00 14 0a e7 0e 6b 15 8f 00 14 0a f6 0e 8a 15 74 00 13 0b 1d 0e a8 15 ad 00 14 0a c7 0e 86 15 87  |.....k.........t................|
2026-10-02T17:20:35.273  D>H  00 13 0a e8 0e 91 15 15 00 14 0b 0f 0e 87 15 3d 00 15 0b 1e 0e 94 15 4d 00 13 0b 0d 0e 9e 15 54  |...............=.......M.......T|
2026-10-02T17:20:35.273  D>H  00 16 0a ff 0e a2 14 60 00 15 0b 17 0e ac 14 6e 00 14 0a d9 0e 84 14 94 00 14 0a c4 0e 7e 13 ef  |.......`.......n.............~..|
2026-10-02T17:20:35.273  D>H  00 13 0a 8f 0e 4c 13 92 00 14 0a 83 0e 29 12 51 00 15 0a 63 0d ec 11 60 00 15 0a 36 0d ca 10 55  |.....L.......).Q...c...`...6...U|
2026-10-02T17:20:35.273  D>H  00 16 0a 30 0d b0 0f d5 00 16 0a 0e 0d 8d 0f 8c 00 17 0a 20 0d 96 0f d6 00 17 0a 31 0d 9b 10 48  |...0............... .......1...H|
2026-10-02T17:20:35.273  D>H  3a 40                                                                                            |:@|
2026-10-02T17:20:36.126  H>D  06                                                                                               |.|
2026-10-02T17:20:36.191  D>H  00 17 0a 30 0d 96 10 40 00 18 0a 51 0d 97 0f fc 00 19 0a 40 0d 6f 0f 9d 00 1b 0a 41 0d 55 0f 50  |...0...@...Q.......@.o.....A.U.P|
2026-10-02T17:20:36.191  D>H  00 1d 0a 90 0d 6b 0f d8 00 1e 0a b8 0d 75 11 14 00 1e 0a c1 0d 81 11 38 00 1e 0a d3 0d 96 12 00  |.....k.......u.........8........|
2026-10-02T17:20:36.191  D>H  00 1e 0a dd 0d b6 12 f2 00 1d 0a dc 0d bf 13 9c 00 1e 0b 23 0d ed 14 23 00 1d 0a cd 0d d1 14 89  |...................#...#........|
2026-10-02T17:20:36.191  D>H  00 19 0a a0 0d d2 14 6f 00 19 0a cc 0d f8 14 cf 00 17 0a de 0e 19 15 40 00 19 0a ce 0e 11 15 5b  |.......o...............@.......[|
2026-10-02T17:20:36.191  D>H  00 16 0a c6 0e 1f 15 4f 00 16 0a db 0e 30 15 75 00 15 0b 06 0e 5c 15 97 00 18 0a d7 0e 5f 15 b2  |.......O.....0.u.....\......._..|
2026-10-02T17:20:36.191  D>H  00 15 0a eb 0e 8a 15 4a 00 17 0a f9 0e 8d 15 3b 00 15 0a b6 0e 77 14 b0 00 15 0a 69 0e 33 13 59  |.......J.......;.....w.....i.3.Y|
2026-10-02T17:20:36.191  D>H  00 16 0a 59 0e 19 12 00 00 17 0a 33 0d ea 11 13 00 16 0a 1c 0d c2 10 61 00 19 0a 08 0d 96 0f dc  |...Y.......3...........a........|
2026-10-02T17:20:36.191  D>H  00 18 0a 2e 0d 96 0f 79 00 19 0a 59 0d 9c 0f 4b 00 19 0a 63 0d aa 0f af 00 19 0a 3a 0d a6 0f e3  |.......y...Y...K...c.......:....|
2026-10-02T17:20:36.191  D>H  38 9b                                                                                            |8.|
2026-10-02T17:20:37.056  H>D  06                                                                                               |.|
2026-10-02T17:20:37.124  D>H  00 19 0a 07 0d 8e 0f 8f 00 19 0a 08 0d 7d 0f 22 00 1a 09 ff 0d 6d 0e cc 00 1b 0a 0f 0d 65 0e 87  |.............}.".....m.......e..|
2026-10-02T17:20:37.124  D>H  00 1b 09 e6 0d 4c 0e 59 00 1b 09 c9 0d 34 0e 2c 00 1c 09 de 0d 2f 0e 05 00 1d 09 d6 0d 2b 0d f1  |.....L.Y.....4.,...../.......+..|
2026-10-02T17:20:37.124  D>H  00 1d 09 fd 0d 2e 0d ed 00 1e 0a 18 0d 2b 0d fb 00 20 0a 32 0d 23 0e 0a 00 22 0a a2 0d 4b 0e b8  |.............+... .2.#..."...K..|
2026-10-02T17:20:37.124  D>H  00 21 0a d4 0d 7d 10 a4 00 21 0a c3 0d a6 12 34 00 20 0a c3 0d b6 13 4b 00 1d 0a d9 0d d5 13 d1  |.!...}...!.....4. .....K........|
2026-10-02T17:20:37.124  D>H  00 1e 0b 19 0d f8 14 2b 00 1d 0b 18 0e 11 14 af 00 1b 0a a0 0d e0 14 19 00 1a 0a 87 0d e6 12 d2  |.......+........................|
2026-10-02T17:20:37.124  D>H  00 1c 0a 99 0d b8 12 10 00 1d 0a 9c 0d a6 11 88 00 1f 0a 5a 0d 75 11 11 00 1f 0a 5a 0d 64 10 9e  |...................Z.u.....Z.d..|
2026-10-02T17:20:37.124  D>H  00 1f 0a 7a 0d 6c 10 70 00 1e 0a a1 0d 7d 10 b0 00 1f 0a 8c 0d 8d 10 c3 00 1d 0a 49 0d 8e 10 a3  |...z.l.p.....}.............I....|
2026-10-02T17:20:37.124  D>H  00 1c 0a 6e 0d b4 10 e2 00 1d 0a 65 0d cd 12 22 00 1c 0a 52 0d c7 12 37 00 1c 0a 6e 0d d8 11 c6  |...n.......e..."...R...7...n....|
2026-10-02T17:20:37.124  D>H  38 ec                                                                                            |8.|
2026-10-02T17:20:37.973  H>D  06                                                                                               |.|
2026-10-02T17:20:38.040  D>H  00 1b 0a 56 0d d0 11 cc 00 1b 0a 56 0d e8 11 ab 00 1a 0a 2d 0d da 11 80 00 1a 0a 25 0d d7 11 42  |...V.......V.......-.......%...B|
2026-10-02T17:20:38.040  D>H  00 1a 0a 09 0d c9 11 2c 00 1a 09 f7 0d b6 10 b6 00 1a 09 ee 0d 9e 10 22 00 1b 09 d7 0d 86 0f 95  |.......,..............."........|
2026-10-02T17:20:38.040  D>H  00 1a 09 d4 0d 75 0f 25 00 1e 09 d6 0d 6d 0e df 00 1d 09 be 0d 58 0e aa 00 1c 09 d7 0d 54 0e 81  |.....u.%.....m.......X.......T..|
2026-10-02T17:20:38.040  D>H  00 1d 09 e6 0d 4c 0e 71 00 1e 09 f7 0d 4b 0e 6d 00 1f 0a 10 0d 52 0e 7f 00 1f 0a 24 0d 55 0e 97  |.....L.q.....K.m.....R.....$.U..|
2026-10-02T17:20:38.040  D>H  00 20 0a 50 0d 56 0e bc 00 22 0a 2b 0d 55 0e e5 00 1f 0a 13 0d 55 0e eb 00 1f 09 fc 0d 53 0e e9  |. .P.V...".+.U.......U.......S..|
2026-10-02T17:20:38.040  D>H  00 1f 09 e5 0d 55 0e dc 00 1f 0a 09 0d 5d 0e fb 00 1f 09 e6 0d 5e 0f 13 00 1f 09 fa 0d 73 0f 60  |.....U.......].......^.......s.`|
2026-10-02T17:20:38.040  D>H  00 21 0a 21 0d 8b 0f ee 00 1e 0a 2d 0d a5 10 dd 00 1f 0a 55 0d b8 11 75 00 1f 0a 57 0d be 11 5d  |.!.!.......-.......U...u...W...]|
2026-10-02T17:20:38.040  D>H  00 1f 0a 39 0d b3 11 28 00 1f 0a 1b 0d 9b 10 c4 00 1e 0a 28 0d 94 10 64 00 1e 0a 5f 0d a4 10 4d  |...9...(...........(...d..._...M|
2026-10-02T17:20:38.040  D>H  3a 74                                                                                            |:t|
2026-10-02T17:20:38.906  H>D  06                                                                                               |.|
2026-10-02T17:20:38.972  D>H  00 20 0a 55 0d a6 11 11 00 1d 0a 18 0d a3 10 e0 00 1e 0a 40 0d 98 10 83 00 1f 0a 25 0d 95 10 2a  |. .U...............@.......%...*|
2026-10-02T17:20:38.972  D>H  00 20 0a 08 0d 7d 0f d4 00 20 0a 1b 0d 7d 0f 7b 00 22 0a 3c 0d 6d 0f 75 00 20 0a 24 0d 64 0f 69  |. ...}... ...}.{.".<.m.u. .$.d.i|
2026-10-02T17:20:38.972  D>H  00 24 0a 19 0d 5d 0f 57 00 1f 09 f7 0d 55 0f 2e 00 1f 09 ee 0d 5b 0f 14 00 1f 09 f4 0d 5c 0f 13  |.$...].W.....U.......[.......\..|
2026-10-02T17:20:38.972  D>H  00 1f 0a 2b 0d 77 0f 50 00 1f 0a 33 0d 95 0f b6 00 1f 0a 2f 0d a6 0f fd 00 1f 0a 3b 0d ae 10 13  |...+.w.P...3......./.......;....|
2026-10-02T17:20:38.972  D>H  00 20 0a 19 0d ae 10 13 00 1f 0a 27 0d b6 0f f5 00 20 0a 2f 0d b6 0f e4 00 1f 0a 06 0d a6 0f b1  |. .........'..... ./............|
2026-10-02T17:20:38.972  D>H  00 1e 09 f7 0d a1 0f a7 00 1e 09 ce 0d 89 0f 7e 00 1e 09 cd 0d 7d 0f 2b 00 1e 09 de 0d 78 0e de  |...............~.....}.+.....x..|
2026-10-02T17:20:38.972  D>H  00 1e 09 ff 0d 76 0e a3 00 1e 09 d8 0d 6d 0e 74 00 1f 09 c8 0d 64 0e 4c 00 1f 09 de 0d 62 0e 35  |.....v.......m.t.....d.L.....b.5|
2026-10-02T17:20:38.972  D>H  00 20 09 e5 0d 61 0e 35 00 1f 09 f3 0d 64 0e 4b 00 1f 09 ef 0d 64 0e 66 00 20 09 f7 0d 66 0e 78  |. ...a.5.....d.K.....d.f. ...f.x|
2026-10-02T17:20:38.972  D>H  37 34                                                                                            |74|
2026-10-02T17:20:39.835  H>D  06                                                                                               |.|
2026-10-02T17:20:39.900  D>H  00 21 09 ff 0d 61 0e 9a 00 21 0a 0f 0d 64 0e cc 00 21 0a 09 0d 64 0f 01 00 22 0a 16 0d 5c 0f 13  |.!...a...!...d...!...d..."...\..|
2026-10-02T17:20:39.900  D>H  00 21 0a 27 0d 54 0f 00 00 24 0a 22 0d 62 0e e1 00 21 09 ea 0d 75 0e cf 00 1f 09 b8 0d 81 0e c3  |.!.'.T...$.".b...!...u..........|
2026-10-02T17:20:39.900  D>H  00 1f 09 bd 0d 85 0e cc 00 1f 09 e0 0d 93 0e ef 00 1f 0a 0c 0d 9f 0f 24 00 1f 0a 30 0d a3 0f 44  |.......................$...0...D|
2026-10-02T17:20:39.900  D>H  00 22 0a 22 0d 8e 0f 39 00 23 0a 1c 0d 8c 0f 0c 00 21 0a 1f 0d 8b 0e f5 00 24 0a 53 0d 85 0e ec  |."."...9.#.......!.......$.S....|
2026-10-02T17:20:39.900  D>H  00 23 0a 26 0d 85 0e ec 00 20 0a 18 0d 8a 0e e7 00 21 0a 3f 0d 8f 0e f2 00 22 09 fb 0d 8d 0e fe  |.#.&..... .......!.?....."......|
2026-10-02T17:20:39.900  D>H  00 1f 09 d8 0d 97 0e e9 00 1f 09 ad 0d 9d 0e d6 00 1f 09 b8 0d 9e 0e bf 00 1f 09 dc 0d 9f 0e af  |................................|
2026-10-02T17:20:39.900  D>H  00 20 0a 06 0d 9e 0e 9b 00 23 09 f2 0d 8e 0e 80 00 21 09 c8 0d 75 0e 55 00 20 09 b7 0d 6b 0e 26  |. .......#.......!...u.U. ...k.&|
2026-10-02T17:20:39.900  D>H  00 20 09 d0 0d 62 0e 06 00 23 09 c0 0d 5c 0d ed 00 20 09 d2 0d 54 0d d4 00 24 09 d6 0d 44 0d c0  |. ...b...#...\... ...T...$...D..|
2026-10-02T17:20:39.900  D>H  3b 87                                                                                            |;.|
2026-10-02T17:20:40.751  H>D  06                                                                                               |.|
2026-10-02T17:20:40.819  D>H  00 21 09 d5 0d 3f 0d a4 00 21 09 bc 0d 2b 0d 93 00 22 09 bd 0d 20 0d 76 00 24 09 cd 0d 16 0d 5f  |.!...?...!...+..."... .v.$....._|
2026-10-02T17:20:40.819  D>H  00 23 09 bb 0d 0a 0d 4f 00 25 09 d6 0c fb 0d 3e 00 24 09 d6 0c f2 0d 2b 00 25 09 cf 0c e9 0d 22  |.#.....O.%.....>.$.....+.%....."|
2026-10-02T17:20:40.819  D>H  00 26 09 e3 0c e1 0d 26 00 26 09 e4 0c da 0d 4a 00 25 09 dd 0c e0 0d 6b 00 25 09 f6 0c e1 0d 9c  |.&.....&.&.....J.%.....k.%......|
2026-10-02T17:20:40.819  D>H  00 26 0a 04 0c e8 0d c5 00 25 0a 0f 0c eb 0d f2 00 25 0a 18 0c f4 0e 1c 00 25 0a 11 0c fa 0e 3c  |.&.......%.......%.......%.....<|
2026-10-02T17:20:40.819  D>H  00 25 0a 34 0d 03 0e 51 00 26 0a 20 0d 0a 0e 59 00 26 09 ff 0d 0a 0e 44 00 25 0a 0f 0d 10 0e 40  |.%.4...Q.&. ...Y.&.....D.%.....@|
2026-10-02T17:20:40.819  D>H  00 25 0a 21 0d 17 0e 52 00 27 0a 41 0d 1a 0e 69 00 26 0a 32 0d 12 0e 5e 00 28 0a 32 0d 14 0e 44  |.%.!...R.'.A...i.&.2...^.(.2...D|
2026-10-02T17:20:40.819  D>H  00 28 0a 07 0d 1a 0e 2f 00 24 0a 07 0d 1a 0e 21 00 27 0a 05 0d 1b 0e 11 00 25 09 f4 0d 1f 0e 0b  |.(...../.$.....!.'.......%......|
2026-10-02T17:20:40.819  D>H  00 25 09 de 0d 23 0e 0a 00 24 09 d3 0d 2b 0e 12 00 23 09 b0 0d 2b 0e 06 00 23 09 8d 0d 33 0d f1  |.%...#...$...+...#...+...#...3..|
2026-10-02T17:20:40.819  D>H  30 1e                                                                                            |0.|
2026-10-02T17:20:41.668  H>D  06                                                                                               |.|
2026-10-02T17:20:41.735  D>H  00 22 09 99 0d 33 0d e1 00 24 09 b2 0d 33 0d e0 00 24 09 c2 0d 3b 0d d6 00 24 09 c6 0d 37 0d d6  |."...3...$...3...$...;...$...7..|
2026-10-02T17:20:41.735  D>H  00 24 09 a1 0d 3b 0d d7 00 22 09 8c 0d 3b 0d dd 00 23 09 a2 0d 3b 0d dd 00 23 09 95 0d 3f 0d db  |.$...;..."...;...#...;...#...?..|
2026-10-02T17:20:41.735  D>H  00 22 09 a7 0d 38 0d d5 00 24 09 c7 0d 3a 0d c7 00 24 09 d6 0d 35 0d ca 00 25 09 f6 0d 37 0d c8  |."...8...$...:...$...5...%...7..|
2026-10-02T17:20:41.735  D>H  00 25 09 f8 0d 33 0d c9 00 27 0a 0f 0d 31 0d c0 00 25 09 fd 0d 2b 0d c1 00 24 09 c9 0d 30 0d c1  |.%...3...'...1...%...+...$...0..|
2026-10-02T17:20:41.735  D>H  00 22 09 a8 0d 33 0d c2 00 22 09 aa 0d 33 0d cb 00 23 09 c5 0d 33 0d cb 00 25 09 f1 0d 33 0d c4  |."...3..."...3...#...3...%...3..|
2026-10-02T17:20:41.735  D>H  00 26 09 ff 0d 2b 0d c1 00 26 09 f1 0d 23 0d c5 00 25 09 d6 0d 17 0d be 00 25 09 c1 0d 0f 0d b5  |.&...+...&...#...%.......%......|
2026-10-02T17:20:41.735  D>H  00 25 09 b4 0d 0a 0d b7 00 27 09 b7 0d 02 0d b7 00 26 09 d5 0d 03 0d cb 00 26 09 de 0d 02 0d d5  |.%.......'.......&.......&......|
2026-10-02T17:20:41.735  D>H  00 28 09 dc 0c fa 0d d0 00 28 09 de 0c fa 0d b6 00 27 0a 05 0c fa 0d a8 00 29 09 ff 0c ea 0d a2  |.(.......(.......'.......)......|
2026-10-02T17:20:41.735  D>H  42 32                                                                                            |B2|
2026-10-02T17:20:42.585  H>D  06                                                                                               |.|
2026-10-02T17:20:42.653  D>H  00 2a 09 fd 0c e9 0d 96 00 29 0a 17 0c e9 0d 96 00 29 0a 26 0c e8 0d a2 00 28 09 ec 0c f0 0d a0  |.*.......).......).&.....(......|
2026-10-02T17:20:42.653  D>H  00 26 09 a0 0d 0f 0d 9e 00 27 09 9d 0d 13 0d ac 00 24 09 8c 0d 23 0d b7 00 23 09 9a 0d 2e 0d c2  |.&.......'.......$...#...#......|
2026-10-02T17:20:42.653  D>H  00 23 09 a1 0d 37 0d d6 00 23 09 a1 0d 3b 0d de 00 24 09 a0 0d 3b 0d e4 00 24 09 9f 0d 33 0d e0  |.#...7...#...;...$...;...$...3..|
2026-10-02T17:20:42.653  D>H  00 25 09 a5 0d 2c 0d d8 00 25 09 b4 0d 2b 0d cd 00 24 09 d4 0d 2b 0d cd 00 24 09 be 0d 2b 0d c8  |.%...,...%...+...$...+...$...+..|
2026-10-02T17:20:42.653  D>H  00 24 09 ad 0d 28 0d c3 00 24 09 9d 0d 29 0d bf 00 24 09 c5 0d 23 0d c5 00 26 09 e3 0d 23 0d c2  |.$...(...$...)...$...#...&...#..|
2026-10-02T17:20:42.653  D>H  00 25 09 fe 0d 20 0d b6 00 25 09 f7 0d 14 0d a8 00 27 09 ef 0d 12 0d 92 00 26 09 ef 0d 09 0d 82  |.%... ...%.......'.......&......|
2026-10-02T17:20:42.653  D>H  00 27 0a 05 0d 00 0d 76 00 28 09 ef 0c fa 0d 62 00 26 09 b7 0d 02 0d 58 00 24 09 96 0d 09 0d 5c  |.'.....v.(.....b.&.....X.$.....\|
2026-10-02T17:20:42.653  D>H  00 24 09 84 0d 14 0d 65 00 24 09 af 0d 03 0d 69 00 29 09 cd 0c f2 0d 43 00 2a 09 dd 0c df 0d 1e  |.$.....e.$.....i.).....C.*......|
2026-10-02T17:20:42.653  D>H  3c 7f                                                                                            |<.|
2026-10-02T17:20:43.519  H>D  06                                                                                               |.|
2026-10-02T17:20:43.586  D>H  00 29 09 e6 0c cf 0d 01 00 28 09 df 0c c1 0c ee 00 29 09 dd 0c b6 0c e5 00 2c 09 ef 0c a9 0c d7  |.).......(.......).......,......|
2026-10-02T17:20:43.586  D>H  00 2a 09 e6 0c a0 0c cd 00 2b 09 f7 0c 97 0c c5 00 2c 09 f5 0c 8d 0c ba 00 2d 09 f7 0c 7f 0c b1  |.*.......+.......,.......-......|
2026-10-02T17:20:43.586  D>H  00 2d 09 f0 0c 77 0c a4 00 2d 09 e6 0c 72 0c 99 00 2c 09 e1 0c 6e 0c 8f 00 2d 09 ce 0c 67 0c 87  |.-...w...-...r...,...n...-...g..|
2026-10-02T17:20:43.586  D>H  00 2e 09 c1 0c 66 0c 7b 00 2d 09 cd 0c 5e 0c 6e 00 2e 09 d3 0c 56 0c 5d 00 2e 09 d3 0c 4e 0c 4f  |.....f.{.-...^.n.....V.].....N.O|
2026-10-02T17:20:43.586  D>H  00 2e 09 d8 0c 4d 0c 46 00 2e 09 e6 0c 43 0c 3d 00 2e 09 d0 0c 3d 0c 33 00 2f 09 d4 0c 35 0c 2c  |.....M.F.....C.=.....=.3./...5.,|
2026-10-02T17:20:43.586  D>H  00 2f 09 bd 0c 2d 0c 25 00 2e 09 a8 0c 35 0c 1f 00 2e 09 94 0c 36 0c 25 00 2e 09 94 0c 3d 0c 25  |./...-.%.....5.......6.%.....=.%|
2026-10-02T17:20:43.586  D>H  00 2e 09 94 0c 3c 0c 26 00 2f 09 94 0c 30 0c 1f 00 2f 09 8c 0c 2d 0c 15 00 2f 09 8c 0c 2b 0c 0f  |.....<.&./...0.../...-.../...+..|
2026-10-02T17:20:43.586  D>H  00 2f 09 92 0c 24 0c 0c 00 30 09 9c 0c 1c 0c 04 00 30 09 94 0c 14 0b f8 00 30 09 9c 0c 0c 0b ec  |./...$...0.......0.......0......|
2026-10-02T17:20:43.586  D>H  3b 19                                                                                            |;.|
2026-10-02T17:20:44.445  H>D  06                                                                                               |.|
2026-10-02T17:20:44.512  D>H  00 31 09 9d 0c 04 0b e3 00 31 09 94 0c 01 0b df 00 31 09 93 0b fc 0b db 00 31 09 9d 0b f6 0b d6  |.1.......1.......1.......1......|
2026-10-02T17:20:44.512  D>H  00 31 09 9d 0b f3 0b d3 00 31 09 ad 0b f1 0b d3 00 31 09 a0 0b ef 0b ca 00 32 09 8e 0b eb 0b c6  |.1.......1.......1.......2......|
2026-10-02T17:20:44.512  D>H  00 32 09 92 0b e3 0b be 00 33 09 84 0b dc 0b b4 00 33 09 85 0b da 0b aa 00 33 09 94 0b d3 0b a1  |.2.......3.......3.......3......|
2026-10-02T17:20:44.512  D>H  00 34 09 94 0b ca 0b 9a 00 34 09 97 0b c8 0b 95 00 34 09 9d 0b c2 0b 91 00 35 09 94 0b c2 0b 8c  |.4.......4.......4.......5......|
2026-10-02T17:20:44.512  D>H  00 35 09 94 0b c2 0b 89 00 35 09 9e 0b ba 0b 87 00 36 09 a4 0b b8 0b 7a 00 36 09 9d 0b b2 0b 78  |.5.......5.......6.....z.6.....x|
2026-10-02T17:20:44.512  D>H  00 36 09 96 0b b2 0b 71 00 36 09 94 0b af 0b 70 00 37 09 93 0b aa 0b 6e 00 37 09 92 0b a6 0b 68  |.6.....q.6.....p.7.....n.7.....h|
2026-10-02T17:20:44.512  D>H  00 37 09 8f 0b a1 0b 60 00 37 09 92 0b 9a 0b 58 00 38 09 93 0b 99 0b 52 00 38 09 8f 0b 91 0b 47  |.7.....`.7.....X.8.....R.8.....G|
2026-10-02T17:20:44.512  D>H  00 38 09 9a 0b 89 0b 3f 00 38 09 9a 0b 81 0b 37 00 39 09 9c 0b 78 0b 2e 00 3a 09 94 0b 71 0b 26  |.8.....?.8.....7.9...x...:...q.&|
2026-10-02T17:20:44.512  D>H  44 f1                                                                                            |D.|
2026-10-02T17:20:45.376  H>D  06                                                                                               |.|
2026-10-02T17:20:45.442  D>H  00 3a 09 93 0b 6b 0b 1e 00 3a 09 8c 0b 68 0b 1c 00 3b 09 8c 0b 64 0b 16 00 3b 09 85 0b 60 0b 12  |.:...k...:...h...;...d...;...`..|
2026-10-02T17:20:45.442  D>H  00 3b 09 84 0b 5e 0b 10 00 3b 09 7d 0b 5c 0b 0e 00 3b 09 7c 0b 58 0b 08 00 3b 09 7c 0b 55 0b 05  |.;...^...;.}.\...;.|.X...;.|.U..|
2026-10-02T17:20:45.442  D>H  00 3b 09 74 0b 54 0b 05 00 3a 09 6b 0b 57 0b 05 00 3a 09 63 0b 4f 0b 05 00 3b 09 64 0b 4f 0a fd  |.;.t.T...:.k.W...:.c.O...;.d.O..|
2026-10-02T17:20:45.442  D>H  00 3b 09 65 0b 48 0a f8 00 3b 09 5b 0b 47 0a f8 00 3a 09 5c 0b 47 0a f5 00 3b 09 63 0b 46 0a f5  |.;.e.H...;.[.G...:.\.G...;.c.F..|
2026-10-02T17:20:45.442  D>H  00 3c 09 60 0b 3f 0a ed 00 3c 09 62 0b 38 0a e6 00 3c 09 66 0b 32 0a dd 00 3c 09 6b 0b 2e 0a da  |.<.`.?...<.b.8...<.f.2...<.k....|
2026-10-02T17:20:45.442  D>H  00 3d 09 6b 0b 27 0a ce 00 3d 09 6b 0b 21 0a cc 00 3d 09 67 0b 1f 0a c5 00 3d 09 61 0b 1d 0a c4  |.=.k.'...=.k.!...=.g.....=.a....|
2026-10-02T17:20:45.442  D>H  00 3d 09 63 0b 16 0a c0 00 3e 09 5b 0b 16 0a bc 00 3e 09 58 0b 16 0a c3 00 3e 09 53 0b 16 0a c4  |.=.c.....>.[.....>.X.....>.S....|
2026-10-02T17:20:45.442  D>H  00 3e 09 54 0b 0e 0a c0 00 3e 09 55 0b 09 0a ba 00 3f 09 4f 0b 04 0a b3 00 3f 09 4b 0a fd 0a ac  |.>.T.....>.U.....?.O.....?.K....|
2026-10-02T17:20:45.442  D>H  32 9f                                                                                            |2.|
2026-10-02T17:20:46.308  H>D  06                                                                                               |.|
2026-10-02T17:20:46.376  D>H  00 3f 09 51 0a f8 0a a8 00 3f 09 55 0a f5 0a a3 00 40 09 57 0a f5 0a 9d 00 41 09 53 0a ee 0a 9e  |.?.Q.....?.U.....@.W.....A.S....|
2026-10-02T17:20:46.376  D>H  00 41 09 53 0a ed 0a 9b 00 41 09 54 0a e6 0a 93 00 41 09 53 0a e0 0a 93 00 42 09 54 0a dc 0a 8a  |.A.S.....A.T.....A.S.....B.T....|
2026-10-02T17:20:46.376  D>H  00 42 09 5b 0a d5 0a 85 00 42 09 5b 0a d2 0a 82 00 42 09 5b 0a cc 0a 7b 00 42 09 5f 0a c4 0a 79  |.B.[.....B.[.....B.[...{.B._...y|
2026-10-02T17:20:46.376  D>H  00 43 09 5b 0a c4 0a 73 00 43 09 53 0a c2 0a 72 00 42 09 49 0a bc 0a 71 00 42 09 42 0a bc 0a 6d  |.C.[...s.C.S...r.B.I...q.B.B...m|
2026-10-02T17:20:46.376  D>H  00 42 09 42 0a b4 0a 6a 00 44 09 48 0a b3 0a 62 00 45 09 4b 0a ad 0a 61 00 44 09 4b 0a ab 0a 5c  |.B.B...j.D.H...b.E.K...a.D.K...\|
2026-10-02T17:20:46.376  D>H  00 44 09 4a 0a a6 0a 58 00 44 09 42 0a a3 0a 51 00 44 09 42 0a 9b 0a 4c 00 44 09 3d 0a 9a 0a 49  |.D.J...X.D.B...Q.D.B...L.D.=...I|
2026-10-02T17:20:46.376  D>H  00 44 09 3c 0a 93 0a 46 00 44 09 3a 0a 92 0a 41 00 44 09 35 0a 90 0a 42 00 44 09 32 0a 8f 0a 41  |.D.<...F.D.:...A.D.5...B.D.2...A|
2026-10-02T17:20:46.376  D>H  00 44 09 32 0a 92 0a 48 00 44 09 32 0a 8e 0a 47 00 45 09 32 0a 8b 0a 43 00 45 09 32 0a 8a 0a 41  |.D.2...H.D.2...G.E.2...C.E.2...A|
2026-10-02T17:20:46.376  D>H  39 cb                                                                                            |9.|
2026-10-02T17:20:47.228  H>D  06                                                                                               |.|
2026-10-02T17:20:47.294  D>H  00 44 09 2b 0a 8a 0a 40 00 44 09 22 0a 8a 0a 41 00 44 09 22 0a 8a 0a 41 00 44 09 22 0a 8a 0a 3c  |.D.+...@.D."...A.D."...A.D."...<|
2026-10-02T17:20:47.294  D>H  00 45 09 22 0a 83 0a 38 00 44 09 22 0a 82 0a 35 00 44 09 22 0a 7e 0a 30 00 45 09 19 0a 7a 0a 2f  |.E."...8.D."...5.D.".~.0.E...z./|
2026-10-02T17:20:47.294  D>H  00 45 09 1a 0a 7a 0a 29 00 45 09 1b 0a 77 0a 29 00 46 09 19 0a 72 0a 28 00 46 09 1d 0a 6c 0a 23  |.E...z.).E...w.).F...r.(.F...l.#|
2026-10-02T17:20:47.294  D>H  00 46 09 19 0a 70 0a 20 00 46 09 13 0a 6a 0a 20 00 47 09 15 0a 69 0a 20 00 46 09 11 0a 68 0a 18  |.F...p. .F...j. .G...i. .F...h..|
2026-10-02T17:20:47.294  D>H  00 45 09 03 0a 6a 0a 19 00 45 09 01 0a 6a 0a 21 00 45 09 01 0a 6a 0a 20 00 45 09 08 0a 67 0a 20  |.E...j...E...j.!.E...j. .E...g. |
2026-10-02T17:20:47.294  D>H  00 45 09 09 0a 61 0a 1a 00 45 09 09 0a 5e 0a 18 00 45 09 0e 0a 59 0a 10 00 45 09 09 0a 58 0a 0f  |.E...a...E...^...E...Y...E...X..|
2026-10-02T17:20:47.294  D>H  00 45 08 fb 0a 59 0a 0f 00 45 08 f8 0a 57 0a 0f 00 45 08 f9 0a 51 0a 09 00 46 09 01 0a 50 0a 07  |.E...Y...E...W...E...Q...F...P..|
2026-10-02T17:20:47.294  D>H  00 46 08 ff 0a 4f 0a 07 00 46 08 fb 0a 51 0a 0d 00 46 08 f9 0a 4b 0a 08 00 46 08 f6 0a 49 0a 00  |.F...O...F...Q...F...K...F...I..|
2026-10-02T17:20:47.294  D>H  26 45                                                                                            |&E|
2026-10-02T17:20:48.146  H>D  06                                                                                               |.|
2026-10-02T17:20:48.219  D>H  00 46 08 f8 0a 47 09 ff 00 46 08 f2 0a 48 09 fc 00 47 08 f0 0a 41 09 fc 00 47 08 f7 0a 3f 09 f7  |.F...G...F...H...G...A...G...?..|
2026-10-02T17:20:48.219  D>H  00 47 08 f1 0a 3e 09 ef 00 47 08 f0 0a 38 09 ef 00 47 08 f0 0a 38 09 ee 00 48 08 f0 0a 37 09 ed  |.G...>...G...8...G...8...H...7..|
2026-10-02T17:20:48.219  D>H  00 48 08 f5 0a 31 09 ea 00 48 08 f5 0a 34 09 e8 00 48 08 f7 0a 30 09 e6 00 48 08 f9 0a 2b 09 e4  |.H...1...H...4...H...0...H...+..|
2026-10-02T17:20:48.219  D>H  00 48 08 f4 0a 28 09 e0 00 49 08 f0 0a 24 09 de 00 49 08 f9 0a 20 09 d6 00 48 08 fc 0a 18 09 ce  |.H...(...I...$...I... ...H......|
2026-10-02T17:20:48.219  D>H  00 49 08 f9 0a 13 09 ce 00 49 08 f7 0a 0f 09 ce 00 49 08 f0 0a 18 09 cf 00 49 08 e8 0a 18 09 d2  |.I.......I.......I.......I......|
2026-10-02T17:20:48.219  D>H  00 49 08 e6 0a 17 09 d5 00 49 08 e8 0a 11 09 ce 00 49 08 e8 0a 0f 09 ce 00 49 08 eb 0a 0f 09 ce  |.I.......I.......I.......I......|
2026-10-02T17:20:48.219  D>H  00 49 08 ee 0a 0c 09 c9 00 49 08 e8 0a 0f 09 ce 00 49 08 ee 0a 0e 09 d2 00 4a 08 e8 0a 0f 09 d6  |.I.......I.......I.......J......|
2026-10-02T17:20:48.219  D>H  00 4a 08 e8 0a 0f 09 d4 00 4a 08 e9 0a 07 09 ce 00 4a 08 e8 0a 07 09 cc 00 4b 08 e7 0a 07 09 c6  |.J.......J.......J.......K......|
2026-10-02T17:20:48.219  D>H  4a 29                                                                                            |J)|
2026-10-02T17:20:49.078  H>D  06                                                                                               |.|
2026-10-02T17:20:49.145  D>H  00 4b 08 e4 0a 05 09 c6 00 4a 08 e6 0a 07 09 c2 00 4a 08 e6 0a 06 09 c3 00 4a 08 e8 0a 06 09 c6  |.K.......J.......J.......J......|
2026-10-02T17:20:49.145  D>H  00 4a 08 e8 09 ff 09 c0 00 4b 08 e9 09 fe 09 bd 00 4b 08 e8 09 fb 09 bd 00 4c 08 e8 09 fd 09 bd  |.J.......K.......K.......L......|
2026-10-02T17:20:49.145  D>H  00 4c 08 e0 09 fe 09 bd 00 4c 08 e0 09 f7 09 b5 00 4c 08 e6 09 f7 09 b5 00 4c 08 e8 09 ef 09 ad  |.L.......L.......L.......L......|
2026-10-02T17:20:49.145  D>H  00 4c 08 e9 09 ed 09 a7 00 4c 08 ee 09 e6 09 a5 00 4c 08 e8 09 e5 09 a1 00 4c 08 e0 09 e6 09 a4  |.L.......L.......L.......L......|
2026-10-02T17:20:49.145  D>H  00 4c 08 de 09 eb 09 a5 00 4d 08 e0 09 ee 09 a9 00 4d 08 e0 09 ef 09 ac 00 4d 08 e0 09 eb 09 a7  |.L.......M.......M.......M......|
2026-10-02T17:20:49.145  D>H  00 4d 08 e0 09 ea 09 a5 00 4d 08 e0 09 e6 09 a5 00 4d 08 da 09 e6 09 a1 00 4c 08 d7 09 e6 09 a5  |.M.......M.......M.......L......|
2026-10-02T17:20:49.145  D>H  00 4d 08 d8 09 e7 09 a4 00 4d 08 d8 09 e6 09 a1 00 4d 08 d4 09 e4 09 9d 00 4c 08 d0 09 e1 09 9d  |.M.......M.......M.......L......|
2026-10-02T17:20:49.145  D>H  00 4d 08 d0 09 e3 09 9d 00 4d 08 d2 09 df 09 9d 00 4d 08 d1 09 de 09 95 00 4d 08 d3 09 d8 09 92  |.M.......M.......M.......M......|
2026-10-02T17:20:49.145  D>H  58 12                                                                                            |X.|
2026-10-02T17:20:49.995  H>D  06                                                                                               |.|
2026-10-02T17:20:50.068  D>H  00 4d 08 d7 09 d4 09 8d 00 4d 08 d8 09 cf 09 8c 00 4e 08 d6 09 ce 09 8c 00 4e 08 d6 09 ce 09 8c  |.M.......M.......N.......N......|
2026-10-02T17:20:50.068  D>H  00 4e 08 d3 09 ca 09 8c 00 4e 08 d4 09 c7 09 85 00 4e 08 d0 09 c6 09 84 00 4e 08 d0 09 c6 09 84  |.N.......N.......N.......N......|
2026-10-02T17:20:50.068  D>H  00 4e 08 d0 09 c3 09 81 00 4e 08 d1 09 bd 09 80 00 4e 08 d0 09 bd 09 7c 00 4e 08 d0 09 bd 09 7c  |.N.......N.......N.....|.N.....||
2026-10-02T17:20:50.068  D>H  00 4e 08 d0 09 bd 09 7c 00 4e 08 d0 09 bd 09 80 00 4f 08 d6 09 bd 09 80 00 4f 08 d8 09 b6 09 7c  |.N.....|.N.......O.......O.....||
2026-10-02T17:20:50.068  D>H  00 4f 08 d8 09 b5 09 7c 00 4f 08 d3 09 bd 09 7f 00 4f 08 d5 09 bd 09 84 00 4f 08 d8 09 bd 09 87  |.O.....|.O.......O.......O......|
2026-10-02T17:20:50.068  D>H  00 50 08 d8 09 bd 09 88 00 50 08 d0 09 bd 09 8a 00 50 08 d1 09 bd 09 84 00 50 08 d0 09 bd 09 84  |.P.......P.......P.......P......|
2026-10-02T17:20:50.068  D>H  00 50 08 d1 09 bd 09 7c 00 50 08 d0 09 b8 09 7c 00 50 08 d6 09 b5 09 77 00 50 08 d7 09 b5 09 74  |.P.....|.P.....|.P.....w.P.....t|
2026-10-02T17:20:50.068  D>H  00 51 08 d2 09 ae 09 71 00 51 08 d4 09 ad 09 6b 00 51 08 d1 09 aa 09 6b 00 50 08 d0 09 a5 09 69  |.Q.....q.Q.....k.Q.....k.P.....i|
2026-10-02T17:20:50.068  D>H  4f 20                                                                                            |O |
2026-10-02T17:20:50.927  H>D  06                                                                                               |.|
2026-10-02T17:20:50.994  D>H  00 50 08 d0 09 a5 09 64 00 50 08 d0 09 a7 09 69 00 50 08 d0 09 a5 09 6b 00 51 08 ce 09 a5 09 6b  |.P.....d.P.....i.P.....k.Q.....k|
2026-10-02T17:20:50.994  D>H  00 51 08 d0 09 a5 09 6a 00 51 08 d0 09 ac 09 6c 00 51 08 d0 09 ad 09 71 00 51 08 d0 09 ab 09 6c  |.Q.....j.Q.....l.Q.....q.Q.....l|
2026-10-02T17:20:50.994  D>H  00 51 08 d3 09 ad 09 6d 00 51 08 d4 09 ad 09 6c 00 52 08 d3 09 ac 09 6b 00 52 08 d7 09 a6 09 6b  |.Q.....m.Q.....l.R.....k.R.....k|
2026-10-02T17:20:50.994  D>H  00 52 08 d7 09 a5 09 6b 00 51 08 d8 09 a5 09 6b 00 52 08 d8 09 9d 09 64 00 52 08 d8 09 9b 09 61  |.R.....k.Q.....k.R.....d.R.....a|
2026-10-02T17:20:50.994  D>H  00 52 08 d8 09 94 09 5b 00 53 08 d4 09 94 09 5b 00 53 08 d0 09 97 09 60 00 53 08 d0 09 9a 09 63  |.R.....[.S.....[.S.....`.S.....c|
2026-10-02T17:20:50.994  D>H  00 53 08 cf 09 96 09 5c 00 53 08 d0 09 94 09 5b 00 53 08 d0 09 94 09 57 00 53 08 d1 09 94 09 59  |.S.....\.S.....[.S.....W.S.....Y|
2026-10-02T17:20:50.994  D>H  00 53 08 d0 09 94 09 59 00 54 08 d1 09 94 09 55 00 54 08 d0 09 94 09 58 00 54 08 d0 09 94 09 53  |.S.....Y.T.....U.T.....X.T.....S|
2026-10-02T17:20:50.994  D>H  00 54 08 d0 09 8c 09 4e 00 54 08 d0 09 88 09 4a 00 54 08 cf 09 84 09 44 00 54 08 d0 09 84 09 43  |.T.....N.T.....J.T.....D.T.....C|
2026-10-02T17:20:50.994  D>H  47 3e                                                                                            |G>|
2026-10-02T17:20:51.844  H>D  06                                                                                               |.|
2026-10-02T17:20:51.916  D>H  00 54 08 ce 09 84 09 46 00 54 08 c9 09 83 09 42 00 54 08 c9 09 81 09 42 00 54 08 c8 09 84 09 40  |.T.....F.T.....B.T.....B.T.....@|
2026-10-02T17:20:51.916  D>H  00 54 08 c7 09 89 09 47 00 54 08 c7 09 86 09 4b 00 54 08 c7 09 89 09 4b 00 54 08 c7 09 84 09 48  |.T.....G.T.....K.T.....K.T.....H|
2026-10-02T17:20:51.916  D>H  00 54 08 c9 09 84 09 42 00 54 08 c7 09 84 09 42 00 54 08 c7 09 82 09 42 00 54 08 c7 09 82 09 42  |.T.....B.T.....B.T.....B.T.....B|
2026-10-02T17:20:51.916  D>H  00 54 08 c7 09 7c 09 42 00 54 08 c7 09 7c 09 42 00 55 08 c7 09 7c 09 42 00 55 08 c6 09 7c 09 42  |.T...|.B.T...|.B.U...|.B.U...|.B|
2026-10-02T17:20:51.916  D>H  00 55 08 c7 09 7c 09 42 00 55 08 c7 09 7c 09 42 00 55 08 c7 09 7c 09 42 00 56 08 c7 09 7a 09 3b  |.U...|.B.U...|.B.U...|.B.V...z.;|
2026-10-02T17:20:51.916  D>H  00 55 08 c7 09 74 09 36 00 56 08 c3 09 6f 09 32 00 56 08 c3 09 6d 09 31 00 56 08 bf 09 6b 09 2a  |.U...t.6.V...o.2.V...m.1.V...k.*|
2026-10-02T17:20:51.916  D>H  00 56 08 bf 09 6b 09 2a 00 56 08 bf 09 63 09 26 00 56 08 bf 09 64 09 23 00 56 08 bf 09 63 09 25  |.V...k.*.V...c.&.V...d.#.V...c.%|
2026-10-02T17:20:51.916  D>H  00 56 08 bf 09 63 09 28 00 56 08 bf 09 63 09 27 00 56 08 bf 09 63 09 29 00 55 08 bf 09 63 09 2a  |.V...c.(.V...c.'.V...c.).U...c.*|
2026-10-02T17:20:51.916  D>H  3c a5                                                                                            |<.|
2026-10-02T17:20:52.775  H>D  06                                                                                               |.|
2026-10-02T17:20:52.842  D>H  00 56 08 bf 09 67 09 2b 00 56 08 bf 09 68 09 2a 00 56 08 bf 09 63 09 2a 00 56 08 bf 09 63 09 29  |.V...g.+.V...h.*.V...c.*.V...c.)|
2026-10-02T17:20:52.842  D>H  00 56 08 bd 09 63 09 28 00 57 08 ba 09 6b 09 29 00 56 08 ba 09 66 09 2a 00 56 08 ba 09 63 09 29  |.V...c.(.W...k.).V...f.*.V...c.)|
2026-10-02T17:20:52.842  D>H  00 56 08 b9 09 63 09 22 00 56 08 bc 09 5e 09 22 00 56 08 bb 09 61 09 22 00 56 08 ba 09 5b 09 22  |.V...c.".V...^.".V...a.".V...[."|
2026-10-02T17:20:52.842  D>H  00 56 08 bf 09 5b 09 22 00 56 08 bd 09 5a 09 21 00 56 08 be 09 55 09 1c 00 56 08 bd 09 51 09 19  |.V...[.".V...Z.!.V...U...V...Q..|
2026-10-02T17:20:52.842  D>H  00 56 08 b9 09 4c 09 11 00 56 08 b7 09 4a 09 11 00 56 08 b7 09 4a 09 0f 00 56 08 b7 09 4b 09 11  |.V...L...V...J...V...J...V...K..|
2026-10-02T17:20:52.842  D>H  00 57 08 b9 09 4b 09 13 00 57 08 bd 09 52 09 19 00 58 08 bd 09 53 09 19 00 58 08 be 09 53 09 1a  |.W...K...W...R...X...S...X...S..|
2026-10-02T17:20:52.842  D>H  00 58 08 bf 09 54 09 19 00 58 08 bf 09 56 09 19 00 58 08 bf 09 5a 09 21 00 58 08 bf 09 59 09 1b  |.X...T...X...V...X...Z.!.X...Y..|
2026-10-02T17:20:52.842  D>H  00 58 08 bf 09 5b 09 19 00 58 08 bd 09 59 09 19 00 58 08 bf 09 57 09 19 00 58 08 be 09 53 09 19  |.X...[...X...Y...X...W...X...S..|
2026-10-02T17:20:52.842  D>H  34 8f                                                                                            |4.|
2026-10-02T17:20:53.692  H>D  06                                                                                               |.|
2026-10-02T17:20:53.759  D>H  00 58 08 be 09 53 09 16 00 58 08 bf 09 50 09 11 00 58 08 be 09 4b 09 0d 00 58 08 be 09 4a 09 09  |.X...S...X...P...X...K...X...J..|
2026-10-02T17:20:53.759  D>H  00 59 08 bf 09 47 09 09 00 59 08 bd 09 42 09 09 00 59 08 bd 09 42 09 09 00 59 08 bd 09 41 09 09  |.Y...G...Y...B...Y...B...Y...A..|
2026-10-02T17:20:53.759  D>H  00 59 08 bf 09 3f 09 08 00 59 08 bf 09 3d 09 07 00 59 08 bf 09 3d 09 09 00 5a 08 bb 09 42 09 09  |.Y...?...Y...=...Y...=...Z...B..|
2026-10-02T17:20:53.759  D>H  00 5a 08 b7 09 40 09 05 00 5a 08 b7 09 3e 09 05 00 5a 08 b8 09 3a 09 01 00 5a 08 bd 09 3a 09 01  |.Z...@...Z...>...Z...:...Z...:..|
2026-10-02T17:20:53.759  D>H  00 5a 08 be 09 37 09 01 00 5a 08 be 09 32 08 ff 00 5a 08 b7 09 35 09 01 00 5a 08 b7 09 32 09 01  |.Z...7...Z...2...Z...5...Z...2..|
2026-10-02T17:20:53.759  D>H  00 5a 08 b7 09 32 08 fe 00 5a 08 b7 09 2d 08 f9 00 5a 08 af 09 2e 08 f5 00 5a 08 af 09 30 08 f3  |.Z...2...Z...-...Z.......Z...0..|
2026-10-02T17:20:53.759  D>H  00 5b 08 af 09 32 08 f3 00 5b 08 af 09 2f 08 f3 00 5b 08 af 09 2c 08 f0 00 5b 08 af 09 2a 08 f0  |.[...2...[.../...[...,...[...*..|
2026-10-02T17:20:53.759  D>H  00 5b 08 af 09 2a 08 ea 00 5b 08 ad 09 26 08 e8 00 5b 08 ae 09 22 08 e8 00 5b 08 ad 09 22 08 e8  |.[...*...[...&...[..."...[..."..|
2026-10-02T17:20:53.759  D>H  39 3f                                                                                            |9?|
2026-10-02T17:20:54.622  H>D  06                                                                                               |.|
2026-10-02T17:20:54.689  D>H  00 5b 08 a7 09 22 08 e8 00 5b 08 a7 09 22 08 e8 00 5b 08 a9 09 22 08 e8 00 5b 08 a9 09 22 08 e8  |.[..."...[..."...[..."...[..."..|
2026-10-02T17:20:54.689  D>H  00 5b 08 af 09 1c 08 e8 00 5c 08 af 09 19 08 e7 00 5c 08 af 09 19 08 e6 00 5c 08 af 09 1b 08 e8  |.[.......\.......\.......\......|
2026-10-02T17:20:54.689  D>H  00 5c 08 af 09 1b 08 e8 00 5c 08 af 09 21 08 e8 00 5c 08 b5 09 22 08 e9 00 5c 08 af 09 25 08 ed  |.\.......\...!...\..."...\...%..|
2026-10-02T17:20:54.689  D>H  00 5c 08 b0 09 2a 08 ee 00 5c 08 b1 09 2a 08 f0 00 5c 08 af 09 2a 08 f0 00 5c 08 af 09 28 08 ed  |.\...*...\...*...\...*...\...(..|
2026-10-02T17:20:54.689  D>H  00 5c 08 af 09 22 08 e8 00 5c 08 ad 09 22 08 e4 00 5c 08 aa 09 1a 08 e0 00 5c 08 a8 09 19 08 dd  |.\..."...\..."...\.......\......|
2026-10-02T17:20:54.689  D>H  00 5c 08 a7 09 15 08 d8 00 5c 08 a9 09 11 08 d8 00 5c 08 a7 09 0c 08 d3 00 5c 08 a7 09 09 08 d1  |.\.......\.......\.......\......|
2026-10-02T17:20:54.689  D>H  00 5c 08 a7 09 09 08 d0 00 5c 08 a7 09 06 08 cf 00 5c 08 a7 09 01 08 ce 00 5c 08 a5 08 ff 08 c7  |.\.......\.......\.......\......|
2026-10-02T17:20:54.689  D>H  00 5d 08 a6 08 f9 08 c7 00 5d 08 a7 08 f8 08 c7 00 5d 08 a7 08 f4 08 c7 00 5d 08 a6 08 f7 08 cb  |.].......].......].......]......|
2026-10-02T17:20:54.689  D>H  47 7d                                                                                            |G}|
2026-10-02T17:20:55.542  H>D  06                                                                                               |.|
2026-10-02T17:20:55.613  D>H  00 5e 08 a7 08 f9 08 ce 00 5e 08 a7 08 fd 08 cf 00 5e 08 a7 08 fb 08 cf 00 5d 08 a6 08 f9 08 c8  |.^.......^.......^.......]......|
2026-10-02T17:20:55.613  D>H  00 5d 08 a2 08 f9 08 c7 00 5e 08 a3 08 f9 08 c7 00 5e 08 a7 09 00 08 c7 00 5e 08 a7 09 01 08 c9  |.].......^.......^.......^......|
2026-10-02T17:20:55.613  D>H  00 5e 08 a7 09 01 08 cb 00 5e 08 a7 09 03 08 cb 00 5e 08 a5 09 01 08 cb 00 5e 08 9f 09 01 08 c7  |.^.......^.......^.......^......|
2026-10-02T17:20:55.613  D>H  00 5e 08 9e 08 fd 08 c1 00 5e 08 9e 08 f9 08 bf 00 5e 08 9e 08 f9 08 bf 00 5e 08 9e 08 f9 08 bf  |.^.......^.......^.......^......|
2026-10-02T17:20:55.613  D>H  00 5e 08 9e 08 f8 08 bf 00 5e 08 9e 08 f8 08 bf 00 5e 08 9d 08 f9 08 bf 00 5e 08 97 08 f9 08 bf  |.^.......^.......^.......^......|
2026-10-02T17:20:55.613  D>H  00 5e 08 96 08 f9 08 bf 00 5e 08 9a 08 f6 08 bf 00 5e 08 9a 08 f3 08 bc 00 5e 08 9e 08 f0 08 ba  |.^.......^.......^.......^......|
2026-10-02T17:20:55.613  D>H  00 5e 08 9e 08 f0 08 b9 00 5e 08 9d 08 ef 08 b9 00 5e 08 98 08 ed 08 b7 00 5f 08 96 08 f0 08 b9  |.^.......^.......^......._......|
2026-10-02T17:20:55.613  D>H  00 5f 08 96 08 f0 08 b8 00 5f 08 96 08 f0 08 b9 00 5f 08 96 08 f0 08 bc 00 5f 08 96 08 f0 08 ba  |._......._......._......._......|
2026-10-02T17:20:55.613  D>H  53 c6                                                                                            |S.|
2026-10-02T17:20:56.462  H>D  06                                                                                               |.|
2026-10-02T17:20:56.530  D>H  00 5f 08 96 08 f2 08 bb 00 5f 08 9b 08 f1 08 b9 00 5f 08 9e 08 f0 08 be 00 5f 08 9e 08 f0 08 bd  |._......._......._......._......|
2026-10-02T17:20:56.530  D>H  00 5f 08 a1 08 f7 08 bf 00 5f 08 9f 08 f7 08 bf 00 5e 08 a1 08 f8 08 bf 00 5e 08 9e 08 f8 08 bf  |._......._.......^.......^......|
2026-10-02T17:20:56.530  D>H  00 5e 08 9e 08 f7 08 bf 00 5f 08 9e 08 f0 08 bc 00 5f 08 9a 08 f0 08 b8 00 5f 08 96 08 f0 08 b7  |.^......._......._......._......|
2026-10-02T17:20:56.530  D>H  00 5f 08 92 08 f0 08 b7 00 5f 08 91 08 f0 08 b8 00 5f 08 95 08 f1 08 b7 00 5f 08 96 08 f1 08 b8  |._......._......._......._......|
2026-10-02T17:20:56.530  D>H  00 5f 08 94 08 f0 08 b7 00 5f 08 96 08 f0 08 b7 00 5f 08 91 08 f0 08 b6 00 60 08 8e 08 ec 08 b6  |._......._......._.......`......|
2026-10-02T17:20:56.530  D>H  00 5f 08 8e 08 ea 08 b0 00 60 08 8e 08 ea 08 b0 00 60 08 90 08 eb 08 b0 00 60 08 96 08 ef 08 b0  |._.......`.......`.......`......|
2026-10-02T17:20:56.530  D>H  00 60 08 9e 08 f0 08 b4 00 60 08 9e 08 f1 08 b7 00 60 08 9c 08 f0 08 b7 00 60 08 96 08 f0 08 b5  |.`.......`.......`.......`......|
2026-10-02T17:20:56.530  D>H  00 60 08 96 08 ed 08 af 00 60 08 96 08 e8 08 af 00 60 08 97 08 ea 08 af 00 60 08 9b 08 eb 08 b2  |.`.......`.......`.......`......|
2026-10-02T17:20:56.530  D>H  56 c8                                                                                            |V.|
2026-10-02T17:20:57.397  H>D  06                                                                                               |.|
2026-10-02T17:20:57.463  D>H  00 60 08 9c 08 eb 08 b4 00 60 08 9e 08 ee 08 b6 00 60 08 9e 08 ef 08 b7 00 60 08 9e 08 f0 08 b7  |.`.......`.......`.......`......|
2026-10-02T17:20:57.463  D>H  00 60 08 9e 08 ee 08 b6 00 60 08 98 08 e8 08 b0 00 60 08 96 08 e8 08 af 00 60 08 9e 08 e3 08 af  |.`.......`.......`.......`......|
2026-10-02T17:20:57.463  D>H  00 60 08 9e 08 e0 08 af 00 5f 08 9e 08 e3 08 af 00 5f 08 9e 08 e2 08 b2 00 5f 08 9e 08 e8 08 b0  |.`......._......._......._......|
2026-10-02T17:20:57.463  D>H  00 5f 08 9d 08 e4 08 af 00 5f 08 99 08 e0 08 af 00 60 08 97 08 e2 08 ae 00 60 08 99 08 e1 08 ae  |._......._.......`.......`......|
2026-10-02T17:20:57.463  D>H  00 60 08 97 08 e0 08 ab 00 60 08 96 08 e0 08 a7 00 60 08 96 08 e0 08 a7 00 60 08 95 08 e0 08 a7  |.`.......`.......`.......`......|
2026-10-02T17:20:57.463  D>H  00 60 08 8f 08 de 08 a7 00 61 08 90 08 d8 08 a7 00 61 08 96 08 e0 08 a7 00 60 08 9a 08 e8 08 a9  |.`.......a.......a.......`......|
2026-10-02T17:20:57.463  D>H  00 60 08 9a 08 e5 08 ae 00 60 08 9b 08 e8 08 aa 00 60 08 9b 08 e8 08 ad 00 60 08 9b 08 ef 08 af  |.`.......`.......`.......`......|
2026-10-02T17:20:57.463  D>H  00 60 08 9a 08 f0 08 af 00 60 08 9c 08 f0 08 af 00 60 08 99 08 f0 08 b0 00 60 08 9e 08 f0 08 af  |.`.......`.......`.......`......|
2026-10-02T17:20:57.463  D>H  54 ce                                                                                            |T.|
2026-10-02T17:20:58.312  H>D  06                                                                                               |.|
2026-10-02T17:20:58.379  D>H  00 60 08 9e 08 f0 08 b1 00 60 08 9e 08 f0 08 af 00 60 08 98 08 ed 08 af 00 61 08 96 08 e8 08 a8  |.`.......`.......`.......a......|
2026-10-02T17:20:58.379  D>H  00 61 08 8e 08 e4 08 a7 00 61 08 8e 08 e0 08 a3 00 61 08 8b 08 e0 08 a4 00 61 08 8e 08 dd 08 a3  |.a.......a.......a.......a......|
2026-10-02T17:20:58.379  D>H  00 61 08 8e 08 de 08 a7 00 61 08 8e 08 d9 08 a4 00 61 08 8e 08 d8 08 9f 00 61 08 8e 08 d8 08 9e  |.a.......a.......a.......a......|
2026-10-02T17:20:58.379  D>H  00 61 08 8e 08 d3 08 9e 00 61 08 87 08 d2 08 9e 00 61 08 86 08 d0 08 9e 00 61 08 88 08 d0 08 9a  |.a.......a.......a.......a......|
2026-10-02T17:20:58.379  D>H  00 61 08 88 08 d0 08 9d 00 61 08 86 08 cd 08 9d 00 61 08 86 08 ca 08 96 00 61 08 88 08 ce 08 96  |.a.......a.......a.......a......|
2026-10-02T17:20:58.379  D>H  00 62 08 8d 08 d0 08 9e 00 62 08 8e 08 d0 08 9e 00 62 08 8e 08 d2 08 9e 00 62 08 8e 08 d0 08 9e  |.b.......b.......b.......b......|
2026-10-02T17:20:58.379  D>H  00 62 08 8d 08 d0 08 9c 00 61 08 89 08 cf 08 97 00 61 08 86 08 c8 08 96 00 62 08 8a 08 c7 08 96  |.b.......a.......a.......b......|
2026-10-02T17:20:58.379  D>H  00 62 08 86 08 c7 08 96 00 62 08 8b 08 c7 08 96 00 62 08 8c 08 c7 08 96 00 62 08 86 08 c7 08 96  |.b.......b.......b.......b......|
2026-10-02T17:20:58.379  D>H  4f 39                                                                                            |O9|
2026-10-02T17:20:59.240  H>D  06                                                                                               |.|
2026-10-02T17:20:59.308  D>H  00 62 08 86 08 c6 08 93 00 62 08 87 08 c7 08 92 00 62 08 86 08 c5 08 96 00 62 08 86 08 c0 08 94  |.b.......b.......b.......b......|
2026-10-02T17:20:59.308  D>H  00 62 08 84 08 bf 08 8e 00 62 08 7e 08 bf 08 8e 00 62 08 86 08 bd 08 8d 00 62 08 86 08 be 08 8e  |.b.......b.~.....b.......b......|
2026-10-02T17:20:59.308  D>H  00 61 08 86 08 bf 08 91 00 61 08 8a 08 bf 08 96 00 61 08 8e 08 bf 08 96 00 62 08 86 08 bf 08 96  |.a.......a.......a.......b......|
2026-10-02T17:20:59.308  D>H  00 62 08 86 08 bf 08 91 00 62 08 84 08 bd 08 8e 00 62 08 86 08 b8 08 8e 00 62 08 7e 08 b7 08 8e  |.b.......b.......b.......b.~....|
2026-10-02T17:20:59.308  D>H  00 62 08 85 08 b7 08 8e 00 62 08 86 08 b7 08 8d 00 62 08 86 08 af 08 8c 00 62 08 85 08 af 08 87  |.b.......b.......b.......b......|
2026-10-02T17:20:59.308  D>H  00 62 08 86 08 af 08 88 00 62 08 86 08 af 08 8d 00 62 08 86 08 b3 08 8b 00 62 08 86 08 b4 08 8e  |.b.......b.......b.......b......|
2026-10-02T17:20:59.308  D>H  00 63 08 86 08 b3 08 8c 00 62 08 87 08 b1 08 8d 00 62 08 86 08 b2 08 8b 00 62 08 8d 08 b7 08 8e  |.c.......b.......b.......b......|
2026-10-02T17:20:59.308  D>H  00 62 08 88 08 b7 08 8e 00 62 08 8a 08 b7 08 8e 00 62 08 8d 08 b8 08 8e 00 62 08 8b 08 b7 08 8e  |.b.......b.......b.......b......|
2026-10-02T17:20:59.308  D>H  49 16                                                                                            |I.|
2026-10-02T17:21:00.160  H>D  06                                                                                               |.|
2026-10-02T17:21:00.226  D>H  00 62 08 86 08 b6 08 8e 00 62 08 86 08 b2 08 8e 00 62 08 86 08 b0 08 8d 00 63 08 86 08 af 08 8e  |.b.......b.......b.......c......|
2026-10-02T17:21:00.226  D>H  00 63 08 86 08 af 08 89 00 63 08 86 08 af 08 87 00 63 08 84 08 ad 08 86 00 63 08 7f 08 ad 08 86  |.c.......c.......c.......c......|
2026-10-02T17:21:00.226  D>H  00 63 08 7e 08 ae 08 86 00 63 08 7e 08 af 08 86 00 63 08 7f 08 af 08 86 00 63 08 83 08 af 08 8a  |.c.~.....c.~.....c.......c......|
2026-10-02T17:21:00.226  D>H  00 63 08 86 08 b1 08 8d 00 63 08 85 08 b0 08 8e 00 63 08 81 08 af 08 8b 00 63 08 7e 08 af 08 86  |.c.......c.......c.......c.~....|
2026-10-02T17:21:00.226  D>H  00 63 08 7e 08 af 08 86 00 63 08 7a 08 a7 08 7e 00 63 08 76 08 a7 08 7e 00 63 08 75 08 a0 08 79  |.c.~.....c.z...~.c.v...~.c.u...y|
2026-10-02T17:21:00.226  D>H  00 63 08 75 08 9e 08 75 00 63 08 7b 08 9e 08 75 00 63 08 7e 08 9e 08 7e 00 63 08 7e 08 9e 08 7e  |.c.u...u.c.{...u.c.~...~.c.~...~|
2026-10-02T17:21:00.226  D>H  00 63 08 7e 08 9e 08 7d 00 63 08 7e 08 9e 08 7e 00 63 08 76 08 9e 08 7e 00 63 08 75 08 9e 08 7e  |.c.~...}.c.~...~.c.v...~.c.u...~|
2026-10-02T17:21:00.226  D>H  00 63 08 78 08 9e 08 7e 00 63 08 76 08 9e 08 7e 00 63 08 74 08 9e 08 7e 00 63 08 75 08 9e 08 7e  |.c.x...~.c.v...~.c.t...~.c.u...~|
2026-10-02T17:21:00.226  D>H  44 82                                                                                            |D.|
2026-10-02T17:21:01.078  H>D  06                                                                                               |.|
2026-10-02T17:21:01.145  D>H  00 63 08 75 08 9f 08 7e 00 63 08 75 08 9e 08 7e 00 63 08 72 08 9e 08 7d 00 63 08 70 08 99 08 75  |.c.u...~.c.u...~.c.r...}.c.p...u|
2026-10-02T17:21:01.145  D>H  00 63 08 6d 08 9b 08 73 00 63 08 6d 08 96 08 75 00 63 08 74 08 9a 08 75 00 63 08 75 08 96 08 75  |.c.m...s.c.m...u.c.t...u.c.u...u|
2026-10-02T17:21:01.145  D>H  00 63 08 77 08 96 08 75 00 63 08 76 08 96 08 75 00 63 08 75 08 95 08 74 00 63 08 75 08 94 08 75  |.c.w...u.c.v...u.c.u...t.c.u...u|
2026-10-02T17:21:01.145  D>H  00 63 08 75 08 95 08 76 00 63 08 71 08 97 08 78 00 63 08 7d 08 9c 08 7d 00 64 08 7b 08 9a 08 7e  |.c.u...v.c.q...x.c.}...}.d.{...~|
2026-10-02T17:21:01.145  D>H  00 64 08 75 08 9e 08 7e 00 64 08 75 08 9e 08 7c 00 64 08 75 08 9d 08 7b 00 64 08 6f 08 9b 08 79  |.d.u...~.d.u...|.d.u...{.d.o...y|
2026-10-02T17:21:01.145  D>H  00 64 08 72 08 96 08 75 00 63 08 75 08 96 08 75 00 63 08 78 08 96 08 75 00 63 08 75 08 95 08 75  |.d.r...u.c.u...u.c.x...u.c.u...u|
2026-10-02T17:21:01.145  D>H  00 63 08 75 08 95 08 75 00 63 08 75 08 95 08 75 00 63 08 6e 08 8e 08 75 00 63 08 6f 08 8e 08 6f  |.c.u...u.c.u...u.c.n...u.c.o...o|
2026-10-02T17:21:01.145  D>H  00 63 08 73 08 8e 08 6e 00 63 08 75 08 8e 08 75 00 63 08 75 08 95 08 75 00 64 08 78 08 96 08 7a  |.c.s...n.c.u...u.c.u...u.d.x...z|
2026-10-02T17:21:01.145  D>H  3f ab                                                                                            |?.|
2026-10-02T17:21:02.011  H>D  06                                                                                               |.|
2026-10-02T17:21:02.077  D>H  00 64 08 76 08 95 08 7d 00 64 08 75 08 94 08 7c 00 64 08 75 08 90 08 75 00 64 08 75 08 8f 08 75  |.d.v...}.d.u...|.d.u...u.d.u...u|
2026-10-02T17:21:02.077  D>H  00 63 08 6e 08 8e 08 72 00 63 08 6f 08 8e 08 6f 00 63 08 75 08 8f 08 6e 00 63 08 75 08 8f 08 71  |.c.n...r.c.o...o.c.u...n.c.u...q|
2026-10-02T17:21:02.077  D>H  00 63 08 6d 08 8e 08 74 00 63 08 6d 08 8e 08 75 00 64 08 6f 08 8e 08 73 00 64 08 6d 08 8e 08 6d  |.c.m...t.c.m...u.d.o...s.d.m...m|
2026-10-02T17:21:02.077  D>H  00 64 08 6f 08 8e 08 6d 00 64 08 75 08 8e 08 73 00 64 08 6d 08 8e 08 72 00 64 08 6d 08 8e 08 70  |.d.o...m.d.u...s.d.m...r.d.m...p|
2026-10-02T17:21:02.077  D>H  00 64 08 6d 08 8d 08 6d 00 64 08 6c 08 8a 08 6d 00 64 08 6d 08 8e 08 6d 00 64 08 74 08 90 08 6d  |.d.m...m.d.l...m.d.m...m.d.t...m|
2026-10-02T17:21:02.077  D>H  00 64 08 7a 08 96 08 75 00 64 08 7a 08 95 08 75 00 64 08 75 08 95 08 75 00 64 08 6d 08 8e 08 70  |.d.z...u.d.z...u.d.u...u.d.m...p|
2026-10-02T17:21:02.077  D>H  00 64 08 6d 08 8e 08 6d 00 64 08 6d 08 8e 08 6d 00 64 08 6d 08 8e 08 6d 00 64 08 6b 08 8e 08 6d  |.d.m...m.d.m...m.d.m...m.d.k...m|
2026-10-02T17:21:02.077  D>H  00 64 08 69 08 8e 08 6d 00 64 08 66 08 8e 08 6d 00 64 08 65 08 8e 08 6d 00 64 08 63 08 8e 08 6d  |.d.i...m.d.f...m.d.e...m.d.c...m|
2026-10-02T17:21:02.077  D>H  3d 61                                                                                            |=a|
2026-10-02T17:21:02.929  H>D  06                                                                                               |.|
2026-10-02T17:21:02.995  D>H  00 64 08 64 08 8e 08 6e 00 64 08 61 08 8e 08 6d 00 64 08 64 08 90 08 70 00 64 08 5e 08 93 08 6f  |.d.d...n.d.a...m.d.d...p.d.^...o|
2026-10-02T17:21:02.995  D>H  00 64 08 61 08 8e 08 6d 00 64 08 65 08 8e 08 6d 00 64 08 61 08 8e 08 6d 00 64 08 5d 08 8e 08 6d  |.d.a...m.d.e...m.d.a...m.d.]...m|
2026-10-02T17:21:02.995  D>H  00 64 08 5d 08 8d 08 65 00 64 08 62 08 86 08 65 00 64 08 5d 08 86 08 64 00 64 08 5d 08 7e 08 5d  |.d.]...e.d.b...e.d.]...d.d.].~.]|
2026-10-02T17:21:02.995  D>H  00 64 08 65 08 7e 08 5d 00 64 08 65 08 7e 08 5f 00 64 08 66 08 7e 08 5f 00 64 08 6d 08 81 08 65  |.d.e.~.].d.e.~._.d.f.~._.d.m...e|
2026-10-02T17:21:02.995  D>H  00 64 08 6d 08 86 08 68 00 64 08 6e 08 86 08 6d 00 64 08 6e 08 86 08 6d 00 64 08 6d 08 84 08 6d  |.d.m...h.d.n...m.d.n...m.d.m...m|
2026-10-02T17:21:02.995  D>H  00 64 08 6d 08 85 08 69 00 64 08 6d 08 86 08 6a 00 64 08 6d 08 86 08 6d 00 64 08 6b 08 86 08 6c  |.d.m...i.d.m...j.d.m...m.d.k...l|
2026-10-02T17:21:02.995  D>H  00 64 08 65 08 86 08 6d 00 64 08 65 08 86 08 6d 00 64 08 65 08 87 08 6d 00 64 08 6d 08 86 08 6d  |.d.e...m.d.e...m.d.e...m.d.m...m|
2026-10-02T17:21:02.995  D>H  00 64 08 6d 08 87 08 6d 00 64 08 6d 08 86 08 6d 00 64 08 6d 08 86 08 6d 00 64 08 6d 08 82 08 6b  |.d.m...m.d.m...m.d.m...m.d.m...k|
2026-10-02T17:21:02.995  D>H  3a 77                                                                                            |:w|
2026-10-02T17:21:03.861  H>D  06                                                                                               |.|
2026-10-02T17:21:03.928  D>H  00 64 08 67 08 7e 08 65 00 64 08 5f 08 7e 08 63 00 64 08 65 08 76 08 5d 00 64 08 65 08 75 08 5d  |.d.g.~.e.d._.~.c.d.e.v.].d.e.u.]|
2026-10-02T17:21:03.928  D>H  00 64 08 63 08 75 08 5e 00 64 08 65 08 75 08 5d 00 64 08 65 08 75 08 60 00 64 08 61 08 75 08 60  |.d.c.u.^.d.e.u.].d.e.u.`.d.a.u.`|
2026-10-02T17:21:03.928  D>H  00 64 08 65 08 79 08 64 00 64 08 65 08 7d 08 65 00 64 08 5d 08 7d 08 65 00 64 08 5d 08 75 08 5d  |.d.e.y.d.d.e.}.e.d.].}.e.d.].u.]|
2026-10-02T17:21:03.928  D>H  00 64 08 5d 08 75 08 5d 00 64 08 60 08 76 08 5d 00 64 08 64 08 77 08 5d 00 64 08 65 08 79 08 5f  |.d.].u.].d.`.v.].d.d.w.].d.e.y._|
2026-10-02T17:21:03.928  D>H  00 64 08 62 08 76 08 62 00 64 08 5d 08 75 08 5d 00 64 08 5d 08 75 08 5d 00 64 08 5d 08 75 08 5e  |.d.b.v.b.d.].u.].d.].u.].d.].u.^|
2026-10-02T17:21:03.928  D>H  00 64 08 5d 08 71 08 5d 00 64 08 59 08 72 08 5d 00 64 08 56 08 75 08 5d 00 64 08 55 08 7d 08 5d  |.d.].q.].d.Y.r.].d.V.u.].d.U.}.]|
2026-10-02T17:21:03.928  D>H  00 64 08 55 08 7e 08 62 00 64 08 55 08 7e 08 65 00 64 08 57 08 7e 08 65 00 64 08 55 08 7e 08 65  |.d.U.~.b.d.U.~.e.d.W.~.e.d.U.~.e|
2026-10-02T17:21:03.928  D>H  00 64 08 55 08 7e 08 65 00 64 08 54 08 7a 08 5f 00 64 08 55 08 78 08 5d 00 64 08 5d 08 76 08 5d  |.d.U.~.e.d.T.z._.d.U.x.].d.].v.]|
2026-10-02T17:21:03.928  D>H  36 34                                                                                            |64|
2026-10-02T17:21:04.794  H>D  06                                                                                               |.|
2026-10-02T17:21:04.861  D>H  00 64 08 5d 08 77 08 5e 00 64 08 5f 08 77 08 5d 00 64 08 5f 08 76 08 62 00 64 08 5d 08 75 08 5f  |.d.].w.^.d._.w.].d._.v.b.d.].u._|
2026-10-02T17:21:04.861  D>H  00 64 08 5d 08 74 08 5d 00 64 08 5d 08 75 08 5d 00 64 08 5d 08 75 08 5d 00 64 08 5d 08 75 08 5d  |.d.].t.].d.].u.].d.].u.].d.].u.]|
2026-10-02T17:21:04.861  D>H  00 64 08 5d 08 74 08 5d 00 64 08 5d 08 6d 08 5d 00 64 08 5d 08 6d 08 5d 00 64 08 56 08 6e 08 5d  |.d.].t.].d.].m.].d.].m.].d.V.n.]|
2026-10-02T17:21:04.861  D>H  00 64 08 5a 08 75 08 5e 00 64 08 59 08 75 08 61 00 64 08 5d 08 75 08 65 00 64 08 57 08 74 08 62  |.d.Z.u.^.d.Y.u.a.d.].u.e.d.W.t.b|
2026-10-02T17:21:04.861  D>H  00 64 08 55 08 73 08 5f 00 64 08 5c 08 75 08 63 00 64 08 62 08 7a 08 65 00 64 08 64 08 7a 08 6c  |.d.U.s._.d.\.u.c.d.b.z.e.d.d.z.l|
2026-10-02T17:21:04.861  D>H  00 64 08 66 08 7e 08 6d 00 64 08 67 08 7e 08 6d 00 64 08 65 08 7e 08 6d 00 64 08 6d 08 80 08 70  |.d.f.~.m.d.g.~.m.d.e.~.m.d.m...p|
2026-10-02T17:21:04.861  D>H  00 64 08 6d 08 81 08 74 00 64 08 6d 08 7f 08 75 00 64 08 66 08 7e 08 73 00 64 08 65 08 81 08 74  |.d.m...t.d.m...u.d.f.~.s.d.e...t|
2026-10-02T17:21:04.861  D>H  00 64 08 5e 08 81 08 75 00 64 08 65 08 7e 08 75 00 64 08 64 08 7e 08 75 00 64 08 65 08 7e 08 75  |.d.^...u.d.e.~.u.d.d.~.u.d.e.~.u|
2026-10-02T17:21:04.861  D>H  37 6a                                                                                            |7j|
2026-10-02T17:21:05.725  H>D  06                                                                                               |.|
2026-10-02T17:21:05.792  D>H  00 64 08 63 08 7e 08 7a 00 64 08 65 08 7e 08 7b 00 64 08 66 08 80 08 7e 00 64 08 6d 08 80 08 7e  |.d.c.~.z.d.e.~.{.d.f...~.d.m...~|
2026-10-02T17:21:05.792  D>H  00 64 08 6d 08 85 08 7e 00 64 08 75 08 86 08 86 00 64 08 76 08 8c 08 86 00 64 08 77 08 8e 08 8d  |.d.m...~.d.u.....d.v.....d.w....|
2026-10-02T17:21:05.792  D>H  00 64 08 78 08 8e 08 8e 00 64 08 76 08 8e 08 8e 00 64 08 7b 08 96 08 8c 00 64 08 7d 08 96 08 8e  |.d.x.....d.v.....d.{.....d.}....|
2026-10-02T17:21:05.792  D>H  00 64 08 7e 08 97 08 8e 00 64 08 7e 08 9c 08 8e 00 64 08 7e 08 9d 08 90 00 64 08 7e 08 9e 08 91  |.d.~.....d.~.....d.~.....d.~....|
2026-10-02T17:21:05.792  D>H  00 64 08 7e 08 9e 08 96 00 64 08 7e 08 a0 08 96 00 64 08 85 08 a6 08 96 00 64 08 86 08 a7 08 9c  |.d.~.....d.~.....d.......d......|
2026-10-02T17:21:05.792  D>H  00 64 08 86 08 a7 08 9e 00 64 08 86 08 af 08 9e 00 64 08 89 08 af 08 9e 00 64 08 8e 08 b0 08 a7  |.d.......d.......d.......d......|
2026-10-02T17:21:05.792  D>H  00 64 08 96 08 b7 08 af 00 64 08 96 08 b8 08 b7 00 64 08 96 08 bf 08 b7 00 64 08 99 08 bf 08 bf  |.d.......d.......d.......d......|
2026-10-02T17:21:05.792  D>H  00 64 08 9e 08 bf 08 ca 00 64 08 a6 08 c7 08 d3 00 64 08 a8 08 cc 08 e8 00 64 08 a7 08 cf 08 f0  |.d.......d.......d.......d......|
2026-10-02T17:21:05.792  D>H  47 b0                                                                                            |G.|
2026-10-02T17:21:06.644  H>D  06                                                                                               |.|
2026-10-02T17:21:06.711  D>H  00 64 08 a5 08 cf 08 f2 00 64 08 9e 08 d0 08 e6 00 64 08 9f 08 d2 08 da 00 64 08 a2 08 d5 08 d9  |.d.......d.......d.......d......|
2026-10-02T17:21:06.711  D>H  00 64 08 a0 08 d7 08 d7 00 64 08 a6 08 d8 08 d4 00 64 08 a8 08 d8 08 d1 00 64 08 af 08 e0 08 d7  |.d.......d.......d.......d......|
2026-10-02T17:21:06.711  D>H  00 64 08 af 08 e0 08 d8 00 64 08 b5 08 e3 08 e0 00 64 08 b7 08 e5 08 e2 00 64 08 b7 08 e8 08 e8  |.d.......d.......d.......d......|
2026-10-02T17:21:06.711  D>H  00 64 08 ba 08 e8 08 ec 00 64 08 bf 08 ed 08 f1 00 64 08 c3 08 f0 08 fc 00 64 08 ce 08 f0 09 07  |.d.......d.......d.......d......|
2026-10-02T17:21:06.711  D>H  00 64 08 d0 08 f9 09 0f 00 64 08 d0 09 00 09 15 00 64 08 d8 09 01 09 18 00 64 08 d8 09 06 09 20  |.d.......d.......d.......d..... |
2026-10-02T17:21:06.711  D>H  00 64 08 d9 09 0a 09 2b 00 64 08 e0 09 11 09 31 00 64 08 e4 09 11 09 3f 00 64 08 e8 09 19 09 3f  |.d.....+.d.....1.d.....?.d.....?|
2026-10-02T17:21:06.711  D>H  00 64 08 f0 09 22 09 39 00 64 08 f0 09 2e 09 3c 00 64 08 f6 09 3a 09 3a 00 64 08 f9 09 44 09 41  |.d...".9.d.....<.d...:.:.d...D.A|
2026-10-02T17:21:06.711  D>H  00 64 09 01 09 50 09 47 00 64 09 04 09 59 09 51 00 64 09 08 09 5b 09 5a 00 64 09 09 09 5f 09 5b  |.d...P.G.d...Y.Q.d...[.Z.d..._.[|
2026-10-02T17:21:06.711  D>H  47 76                                                                                            |Gv|
2026-10-02T17:21:07.562  H>D  06                                                                                               |.|
2026-10-02T17:21:07.627  D>H  00 64 09 09 09 63 09 63 00 63 09 08 09 64 09 63 00 63 09 08 09 64 09 63 00 63 09 09 09 65 09 62  |.d...c.c.c...d.c.c...d.c.c...e.b|
2026-10-02T17:21:07.627  D>H  00 63 09 0d 09 68 09 63 00 63 09 11 09 6b 09 76 00 63 09 18 09 6f 09 8c 00 63 09 19 09 7a 09 9e  |.c...h.c.c...k.v.c...o...c...z..|
2026-10-02T17:21:07.627  D>H  00 63 09 1d 09 84 09 a7 00 63 09 22 09 8f 09 b2 00 63 09 22 09 9f 09 bc 00 61 09 23 09 a5 09 c6  |.c.......c.".....c.".....a.#....|
2026-10-02T17:21:07.627  D>H  00 62 09 2a 09 a8 09 d6 00 62 09 2e 09 ad 09 dc 00 62 09 2c 09 ad 09 e8 00 61 09 32 09 af 09 fc  |.b.*.....b.......b.,.....a.2....|
2026-10-02T17:21:07.627  D>H  00 61 09 32 09 b2 0a 0c 00 61 09 37 09 b5 0a 20 00 62 09 41 09 b6 0a 33 00 62 09 44 09 bd 0a 4a  |.a.2.....a.7... .b.A...3.b.D...J|
2026-10-02T17:21:07.627  D>H  00 62 09 4b 09 c6 0a 63 00 62 09 4b 09 ce 0a 70 00 62 09 53 09 d5 0a 7e 00 62 09 63 09 de 0a ab  |.b.K...c.b.K...p.b.S...~.b.c....|
2026-10-02T17:21:07.627  D>H  00 62 09 64 09 ea 0a e7 00 62 09 63 09 ef 0a f8 00 61 09 63 09 f7 0a ef 00 61 09 6b 09 ff 0a e9  |.b.d.....b.c.....a.c.....a.k....|
2026-10-02T17:21:07.627  D>H  00 61 09 7a 0a 07 0b 10 00 61 09 7b 0a 0f 0b 50 00 60 09 9c 0a 1b 0b ae 00 60 09 ad 0a 30 0c 3d  |.a.z.....a.{...P.`.......`...0.=|
2026-10-02T17:21:07.627  D>H  3b bc                                                                                            |;.|
2026-10-02T17:21:08.478  H>D  06                                                                                               |.|
2026-10-02T17:21:08.544  D>H  00 61 09 ad 0a 38 0c 9b 00 60 09 a5 0a 48 0c 98 00 5c 09 9d 0a 50 0c 71 00 59 09 95 0a 59 0c 54  |.a...8...`...H...\...P.q.Y...Y.T|
2026-10-02T17:21:08.544  D>H  00 58 09 90 0a 5d 0c 5f 00 59 09 92 0a 61 0c 7e 00 57 09 8c 0a 67 0c 83 00 55 09 7c 0a 6a 0c 5f  |.X...]._.Y...a.~.W...g...U.|.j._|
2026-10-02T17:21:08.544  D>H  00 55 09 7b 0a 6f 0c 24 00 55 09 7c 0a 73 0b f6 00 54 09 88 0a 79 0b d6 00 54 09 8c 0a 7a 0b c8  |.U.{.o.$.U.|.s...T...y...T...z..|
2026-10-02T17:21:08.544  D>H  00 50 09 94 0a 7a 0b b3 00 51 09 8e 0a 7b 0b a4 00 50 09 94 0a 81 0b 98 00 50 09 9c 0a 83 0b 97  |.P...z...Q...{...P.......P......|
2026-10-02T17:21:08.544  D>H  00 50 09 a4 0a 82 0b 97 00 51 09 9d 0a 83 0b 8e 00 4f 09 9c 0a 83 0b 85 00 50 09 98 0a 89 0b 7e  |.P.......Q.......O.......P.....~|
2026-10-02T17:21:08.544  D>H  00 4f 09 9c 0a 8a 0b 8a 00 4e 09 9d 0a 91 0b 98 00 50 09 a5 0a 94 0b af 00 4e 09 ad 0a 9b 0b d5  |.O.......N.......P.......N......|
2026-10-02T17:21:08.544  D>H  00 4e 09 cb 0a aa 0c 0e 00 4d 09 fb 0a c0 0c a7 00 4b 0a 16 0a d5 0d 98 00 49 0a 2b 0a f0 0e 66  |.N.......M.......K.......I.+...f|
2026-10-02T17:21:08.544  D>H  00 49 0a 49 0b 0c 0f 31 00 43 0a 41 0b 25 0f b7 00 3f 0a 25 0b 26 0f dc 00 40 0a 08 0b 2e 0f 74  |.I.I...1.C.A.%...?.%.&...@.....t|
2026-10-02T17:21:08.544  D>H  3f 11                                                                                            |?.|
2026-10-02T17:21:09.410  H>D  06                                                                                               |.|
2026-10-02T17:21:09.477  D>H  00 3e 09 f7 0b 2e 0e e0 00 3f 0a 06 0b 36 0e 7b 00 3f 0a 0f 0b 3f 0e 38 00 3c 09 fc 0b 47 0e 00  |.>.......?...6.{.?...?.8.<...G..|
2026-10-02T17:21:09.477  D>H  00 3c 09 fe 0b 47 0d cc 00 3d 0a 11 0b 50 0d b6 00 3e 0a 27 0b 5d 0e 00 00 40 0a 38 0b 61 0e 79  |.<...G...=...P...>.'.]...@.8.a.y|
2026-10-02T17:21:09.477  D>H  00 3d 0a 28 0b 70 0e d7 00 3c 0a 1e 0b 74 0f 00 00 3d 0a 0b 0b 78 0e fe 00 3a 0a 04 0b 78 0f 0f  |.=.(.p...<...t...=...x...:...x..|
2026-10-02T17:21:09.477  D>H  00 38 09 e7 0b 7c 0e f4 00 37 09 fd 0b 89 0e bd 00 36 0a 0c 0b 99 0e b1 00 37 0a 03 0b 9a 0e d2  |.8...|...7.......6.......7......|
2026-10-02T17:21:09.477  D>H  00 35 0a 09 0b a3 0e d3 00 33 0a 11 0b b8 0e c0 00 34 0a 18 0b c2 0e bb 00 34 0a 30 0b ca 0e 97  |.5.......3.......4.......4.0....|
2026-10-02T17:21:09.477  D>H  00 34 0a 38 0b d3 0e 9c 00 34 0a 49 0b e8 0e f5 00 34 0a 61 0b fb 0f 5c 00 32 0a 6a 0c 03 0f 7e  |.4.8.....4.I.....4.a...\.2.j...~|
2026-10-02T17:21:09.477  D>H  00 33 0a 51 0b fc 0f 61 00 33 0a 49 0c 04 0f 4c 00 33 0a 61 0c 0c 0f 5b 00 33 0a 7a 0c 20 0f b7  |.3.Q...a.3.I...L.3.a...[.3.z. ..|
2026-10-02T17:21:09.477  D>H  00 33 0a 9b 0c 2f 10 6c 00 32 0a bb 0c 4a 11 0f 00 33 0a a2 0c 56 11 90 00 2f 0a 8a 0c 5e 11 d3  |.3.../.l.2...J...3...V.../...^..|
2026-10-02T17:21:09.477  D>H  36 9a                                                                                            |6.|
2026-10-02T17:21:10.342  H>D  06                                                                                               |.|
2026-10-02T17:21:10.410  D>H  00 2e 0a ab 0c 74 12 20 00 2d 0a b7 0c 7d 12 5d 00 2d 0a d1 0c 8f 12 8f 00 2a 0a d6 0c 8f 12 b8  |.....t. .-...}.].-.......*......|
2026-10-02T17:21:10.410  D>H  00 29 0a db 0c a6 12 c0 00 26 0a d3 0c b8 12 de 00 26 0a e1 0c d2 13 10 00 26 0a e1 0c d9 13 2b  |.).......&.......&.......&.....+|
2026-10-02T17:21:10.410  D>H  00 25 0a 94 0c be 13 06 00 23 0a 83 0c b7 12 e7 00 21 0a 7a 0c b2 12 c8 00 23 0a a6 0c c8 12 c1  |.%.......#.......!.z.....#......|
2026-10-02T17:21:10.410  D>H  00 24 0a d1 0c e1 12 ea 00 20 0a c7 0c e9 13 29 00 21 0a 84 0c df 13 16 00 1f 0a 7e 0c e1 12 f9  |.$....... .....).!.........~....|
2026-10-02T17:21:10.410  D>H  00 20 0a 93 0c e9 13 01 00 1f 0a c3 0c f3 13 29 00 21 0a ec 0d 12 13 53 00 20 0a cc 0d 22 13 69  |. .............).!.....S. ...".i|
2026-10-02T17:21:10.410  D>H  00 1f 0a d6 0d 31 13 64 00 1e 0a ed 0d 48 13 44 00 1e 0a f5 0d 60 13 39 00 1e 0b 03 0d 7c 13 71  |.....1.d.....H.D.....`.9.....|.q|
2026-10-02T17:21:10.410  D>H  00 1d 0a d9 0d 74 13 a9 00 1d 0a fa 0d 78 13 bb 00 1c 0a cc 0d 70 13 b3 00 1b 0a b3 0d 64 13 a0  |.....t.......x.......p.......d..|
2026-10-02T17:21:10.410  D>H  00 1b 0a fe 0d 79 13 ae 00 1e 0b 0e 0d 87 13 e7 00 1b 0a d7 0d 7d 14 02 00 1b 0b 0c 0d 9a 13 fd  |.....y...............}..........|
2026-10-02T17:21:10.410  D>H  42 36                                                                                            |B6|
2026-10-02T17:21:11.272  H>D  06                                                                                               |.|
2026-10-02T17:21:11.338  D>H  00 1d 0b 3d 0d ae 14 07 00 1b 0b 19 0d b7 14 04 00 1a 0b 24 0d cf 14 09 00 1b 0b 16 0d b9 14 1f  |...=...............$............|
2026-10-02T17:21:11.338  D>H  00 1a 0a ec 0d ac 13 f0 00 1a 0b 15 0d c6 14 02 00 1a 0a e8 0d 89 13 f6 00 1b 0a db 0d 92 13 bb  |................................|
2026-10-02T17:21:11.338  D>H  00 1a 0b 0e 0d 97 13 c5 00 1b 0b 16 0d a6 13 b5 00 1a 0b 2d 0d be 13 c0 00 1d 0b 75 0d e9 14 07  |...................-.......u....|
2026-10-02T17:21:11.338  D>H  00 1c 0a f8 0d ab 14 50 00 19 0a c4 0d 8b 14 2c 00 19 0a b2 0d 6e 14 0c 00 18 0a 9d 0d 64 13 e8  |.......P.......,.....n.......d..|
2026-10-02T17:21:11.338  D>H  00 18 0a b3 0d 6d 13 e8 00 18 0a a3 0d 65 13 fc 00 18 0a a7 0d 6c 13 e6 00 18 0a ae 0d 6d 13 eb  |.....m.......e.......l.......m..|
2026-10-02T17:21:11.338  D>H  00 1b 0a cf 0d 77 13 de 00 1a 0a e1 0d 92 13 fe 00 18 0b 0a 0d c1 14 3f 00 1a 0b 22 0d cf 14 95  |.....w.................?..."....|
2026-10-02T17:21:11.338  D>H  00 19 0a c4 0d 9e 14 6e 00 19 0a bc 0d 95 14 25 00 1a 0a d7 0d 87 13 e9 00 1a 0a cc 0d 82 13 b8  |.......n.......%................|
2026-10-02T17:21:11.338  D>H  00 1b 0a cd 0d 8d 13 cb 00 18 0a b4 0d 88 13 f9 00 19 0a ab 0d 85 13 f9 00 18 0a 93 0d 6d 13 f1  |.............................m..|
2026-10-02T17:21:11.338  D>H  3f da                                                                                            |?.|
2026-10-02T17:21:12.188  H>D  06                                                                                               |.|
2026-10-02T17:21:12.258  D>H  00 18 0a 91 0d 69 13 d7 00 18 0a db 0d 8d 13 e9 00 1b 0a d8 0d 96 14 36 00 18 0a 9c 0d 85 14 4c  |.....i.................6.......L|
2026-10-02T17:21:12.258  D>H  00 18 0a 8b 0d 75 14 34 00 17 0a 95 0d 7b 14 3f 00 18 0a cf 0d 8e 14 60 00 18 0a d2 0d 9e 14 45  |.....u.4.....{.?.......`.......E|
2026-10-02T17:21:12.258  D>H  00 1b 0b 0d 0d a6 14 5b 00 1d 0b 2e 0d c8 14 5e 00 1a 0a e2 0d b6 14 72 00 19 0a d2 0d ae 14 72  |.......[.......^.......r.......r|
2026-10-02T17:21:12.258  D>H  00 19 0a d2 0d ae 14 69 00 19 0a bb 0d 95 14 5c 00 18 0a dd 0d ad 14 73 00 18 0a e7 0d be 14 85  |.......i.......\.......s........|
2026-10-02T17:21:12.258  D>H  00 19 0b 29 0d d7 14 97 00 17 0b 33 0d ec 14 bc 00 1d 0b 0f 0d eb 14 f2 00 18 0a dd 0d e7 15 01  |...).......3....................|
2026-10-02T17:21:12.258  D>H  00 17 0b 18 0e 0a 15 0b 00 19 0b 55 0e 25 15 34 00 1a 0b 41 0e 30 15 68 00 17 0a f3 0e 04 15 68  |...........U.%.4...A.0.h.......h|
2026-10-02T17:21:12.258  D>H  00 16 0a cf 0d e6 14 fb 00 16 0a bc 0d d2 14 98 00 16 0a a9 0d b0 14 58 00 16 0a ab 0d ad 14 31  |.......................X.......1|
2026-10-02T17:21:12.258  D>H  00 17 0a b4 0d a6 14 27 00 16 0a ec 0d c6 14 25 00 16 0a c7 0d ae 14 21 00 16 0a cb 0d be 14 2b  |.......'.......%.......!.......+|
2026-10-02T17:21:12.258  D>H  3c 9f                                                                                            |<.|
2026-10-02T17:21:13.107  H>D  06                                                                                               |.|
2026-10-02T17:21:13.173  D>H  00 18 0a dc 0d c7 14 53 00 17 0a f5 0d d5 14 62 00 17 0b 01 0d c8 14 8c 00 17 0a ed 0d ca 14 6a  |.......S.......b...............j|
2026-10-02T17:21:13.173  D>H  00 18 0b 1f 0d ec 14 77 00 19 0b 27 0d ea 14 e5 00 18 0b 5e 0e 11 15 03 00 1a 0b 45 0e 13 15 32  |.......w...'.......^.......E...2|
2026-10-02T17:21:13.173  D>H  00 1a 0b 26 0d f8 15 3b 00 1a 0b 12 0e 08 15 31 00 19 0a f7 0e 07 15 4d 00 17 0a ed 0e 00 15 51  |...&...;.......1.......M.......Q|
2026-10-02T17:21:13.173  D>H  00 17 0b 37 0e 31 15 35 00 19 0b 3a 0e 3a 15 50 00 16 0b 58 0e 51 15 47 00 18 0b 35 0e 40 15 51  |...7.1.5...:.:.P...X.Q.G...5.@.Q|
2026-10-02T17:21:13.173  D>H  00 17 0b 3f 0e 42 15 20 00 16 0b 4b 0e 45 15 12 00 16 0b 30 0e 3a 15 0b 00 16 0b 11 0e 25 15 33  |...?.B. ...K.E.....0.:.......%.3|
2026-10-02T17:21:13.173  D>H  00 16 0b 07 0e 20 15 3a 00 17 0b 06 0e 02 15 28 00 18 0a e5 0d e6 14 bd 00 18 0a cb 0d d8 14 83  |..... .:.......(................|
2026-10-02T17:21:13.173  D>H  00 18 0a fb 0d e6 14 b3 00 19 0a fd 0d ea 14 d4 00 18 0b 1b 0e 06 14 b8 00 19 0a fa 0d fa 14 dd  |................................|
2026-10-02T17:21:13.173  D>H  00 19 0b 15 0e 00 14 1b 00 1c 0b 14 0d e5 13 0f 00 1a 0a e4 0d de 11 ea 00 1a 0a f5 0d d8 11 35  |...............................5|
2026-10-02T17:21:13.173  D>H  32 20                                                                                            |2 |
2026-10-02T17:21:14.023  H>D  06                                                                                               |.|
2026-10-02T17:21:14.090  D>H  00 1c 0b 38 0d e7 11 0a 00 1f 0b 45 0d f5 12 19 00 1b 0a db 0d e8 12 60 00 1b 0a b3 0d cf 11 d0  |...8.......E...........`........|
2026-10-02T17:21:14.090  D>H  00 1d 0a 94 0d b8 11 3b 00 1b 0a 63 0d 93 10 ae 00 1b 0a 5a 0d 82 10 2c 00 1b 0a 72 0d 7d 0f ed  |.......;...c.......Z...,...r.}..|
2026-10-02T17:21:14.090  D>H  00 1c 0a 56 0d 5d 0f b7 00 1c 0a 71 0d 68 0f 89 00 1d 0a 87 0d 54 0f 8f 00 21 0a a6 0d 54 0f 8a  |...V.].....q.h.......T...!...T..|
2026-10-02T17:21:14.090  D>H  00 1f 0a 8d 0d 4c 0f 90 00 20 0a 92 0d 42 0f a3 00 21 0a bb 0d 42 0f b4 00 22 0a bf 0d 35 0f dc  |.....L... ...B...!...B..."...5..|
2026-10-02T17:21:14.090  D>H  00 24 0a cc 0d 33 0f f4 00 24 0a d2 0d 43 10 0d 00 24 0a f0 0d 5c 10 ac 00 22 0a ec 0d 6d 11 49  |.$...3...$...C...$...\..."...m.I|
2026-10-02T17:21:14.090  D>H  00 26 0a ef 0d 64 11 81 00 27 0b 03 0d 72 11 41 00 21 0b 26 0d 9d 12 18 00 23 0b 1d 0d be 13 7c  |.&...d...'...r.A.!.&.....#.....||
2026-10-02T17:21:14.090  D>H  00 20 0a b9 0d a6 13 db 00 1d 0a d2 0d c3 13 b2 00 1d 0b 11 0d f8 14 8b 00 1d 0b 2b 0e 2a 15 6f  |. .........................+.*.o|
2026-10-02T17:21:14.090  D>H  00 21 0b 60 0e 50 16 12 00 1b 0b 43 0e 52 16 86 00 1b 0b 12 0e 39 16 6c 00 1a 0b 3f 0e 5c 16 70  |.!.`.P.....C.R.......9.l...?.\.p|
2026-10-02T17:21:14.090  D>H  37 f8                                                                                            |7.|
2026-10-02T17:21:14.955  H>D  06                                                                                               |.|
2026-10-02T17:21:15.022  D>H  00 1a 0b 27 0e 73 16 62 00 18 0b 66 0e a0 16 75 00 19 0b 70 0e b5 16 99 00 1a 0b 6a 0e a4 16 81  |...'.s.b...f...u...p.......j....|
2026-10-02T17:21:15.022  D>H  00 18 0b 43 0e a5 16 1e 00 17 0a e8 0e 65 14 eb 00 17 0a d4 0e 4b 13 bc 00 17 0a dd 0e 33 12 c1  |...C.........e.......K.......3..|
2026-10-02T17:21:15.022  D>H  00 17 0a bc 0e 11 11 cc 00 19 0a ac 0d e7 11 30 00 1a 0a 88 0d b0 10 9c 00 1d 0a a3 0d a5 10 26  |...............0...............&|
2026-10-02T17:21:15.022  D>H  00 1c 0a d4 0d c7 10 df 00 1b 0a d8 0d c8 11 77 00 1b 0a b4 0d bf 11 20 00 1c 0a a0 0d b6 10 a8  |...............w....... ........|
2026-10-02T17:21:15.022  D>H  00 1c 0a 8d 0d b4 10 54 00 1c 0a d4 0d be 10 3b 00 1d 0b 0b 0d e5 11 23 00 1e 0b 0e 0d fa 12 bf  |.......T.......;.......#........|
2026-10-02T17:21:15.022  D>H  00 1c 0b 05 0e 08 13 f2 00 1a 0a c0 0d f0 14 7c 00 1b 0a 9b 0d e1 13 ed 00 1a 0a 8b 0d d5 12 d9  |...............|................|
2026-10-02T17:21:15.022  D>H  00 1b 0a a0 0d d6 11 fe 00 1b 0a ed 0e 0f 12 3d 00 1b 0a c1 0e 08 13 19 00 1b 0a 8d 0d da 12 87  |...............=................|
2026-10-02T17:21:15.022  D>H  00 1b 0a 72 0d b7 11 77 00 1c 0a 6f 0d a2 10 94 00 1d 0a 82 0d 94 0f fa 00 1d 0a 7a 0d 83 0f 99  |...r...w...o...............z....|
2026-10-02T17:21:15.022  D>H  3f 66                                                                                            |?f|
2026-10-02T17:21:15.873  H>D  06                                                                                               |.|
2026-10-02T17:21:15.940  D>H  00 1e 0a 74 0d 75 0f 5b 00 1e 0a 76 0d 71 0f 2e 00 20 0a 7f 0d 66 0f 18 00 20 0a 71 0d 61 0e fb  |...t.u.[...v.q... ...f... .q.a..|
2026-10-02T17:21:15.940  D>H  00 20 0a 82 0d 62 0e e2 00 20 0a 94 0d 5f 0e df 00 21 0a 79 0d 54 0e c8 00 22 0a 7a 0d 54 0e ba  |. ...b... ..._...!.y.T...".z.T..|
2026-10-02T17:21:15.940  D>H  00 22 0a 81 0d 54 0e c1 00 22 0a 6a 0d 51 0e c6 00 22 0a 83 0d 56 0e ed 00 23 0a a5 0d 5f 0f 25  |."...T...".j.Q..."...V...#..._.%|
2026-10-02T17:21:15.940  D>H  00 24 0a f5 0d 82 10 5d 00 24 0a d2 0d 85 11 75 00 23 0a d4 0d 8d 11 68 00 22 0a b4 0d 8d 11 44  |.$.....].$.....u.#.....h.".....D|
2026-10-02T17:21:15.940  D>H  00 20 0a a8 0d 96 10 e5 00 21 0a c8 0d 93 10 94 00 22 0b 07 0d c3 11 49 00 22 0b 55 0d f5 12 ea  |. .......!.......".....I.".U....|
2026-10-02T17:21:15.940  D>H  00 23 0b 4c 0e 09 14 39 00 1d 0a ee 0d ff 13 df 00 1e 0a bf 0d e5 12 ce 00 1d 0a a9 0d e0 11 ca  |.#.L...9........................|
2026-10-02T17:21:15.940  D>H  00 1d 0a df 0d ea 11 59 00 1e 0a ec 0d f0 11 2f 00 22 0b 1f 0d d8 11 f8 00 21 0b 0e 0d c1 11 d7  |.......Y......./.".......!......|
2026-10-02T17:21:15.940  D>H  00 20 0a e5 0d a6 11 42 00 20 0b 14 0d b5 11 4a 00 21 0b 16 0d b6 12 90 00 20 0b 01 0d cf 13 b9  |. .....B. .....J.!....... ......|
2026-10-02T17:21:15.940  D>H  3e cf                                                                                            |>.|
2026-10-02T17:21:16.791  H>D  06                                                                                               |.|
2026-10-02T17:21:16.858  D>H  00 1e 0b 2c 0d ee 14 84 00 1f 0b 34 0d ff 14 da 00 1f 0b 44 0e 0e 15 40 00 1d 0b 56 0e 2e 15 77  |...,.......4.......D...@...V...w|
2026-10-02T17:21:16.858  D>H  00 1e 0b 7d 0e 5b 16 15 00 1c 0b 7f 0e 87 16 75 00 1c 0b 82 0e 7d 16 bb 00 1a 0b 7c 0e 9f 16 a2  |...}.[.........u.....}.....|....|
2026-10-02T17:21:16.858  D>H  00 1b 0b 70 0e a4 16 7d 00 19 0b 5b 0e b1 16 2e 00 18 0b 0e 0e 8f 16 05 00 17 0b 3c 0e a9 15 fd  |...p...}...[...............<....|
2026-10-02T17:21:16.858  D>H  00 16 0b 5c 0e ba 16 31 00 15 0b 57 0e b9 16 4b 00 15 0b 64 0e c7 16 6d 00 15 0b 61 0e e1 16 81  |...\...1...W...K...d...m...a....|
2026-10-02T17:21:16.858  D>H  00 15 0b 4a 0e cf 16 9b 00 15 0b b1 0e ee 16 af 00 15 0b 99 0e ee 16 45 00 15 0b 7f 0e de 15 ef  |...J...................E........|
2026-10-02T17:21:16.858  D>H  00 14 0b 51 0e e1 15 78 00 15 0b 53 0e d4 14 b5 00 14 0b 19 0e a4 13 6e 00 15 0a ed 0e 74 12 64  |...Q...x...S...........n.....t.d|
2026-10-02T17:21:16.858  D>H  00 15 0a ad 0e 4f 11 8c 00 15 0a a8 0e 28 10 e3 00 16 0a ac 0e 0b 10 65 00 17 0a 87 0d e9 10 0e  |.....O.......(.........e........|
2026-10-02T17:21:16.858  D>H  00 18 0a 83 0d d7 0f b6 00 1a 0a 9d 0d cf 0f 84 00 1a 0a 8c 0d b7 0f 5f 00 1a 0a 82 0d a9 0f 29  |......................._.......)|
2026-10-02T17:21:16.858  D>H  3a 4d                                                                                            |:M|
2026-10-02T17:21:17.712  H>D  06                                                                                               |.|
2026-10-02T17:21:17.787  D>H  00 1b 0a 8f 0d a9 0f 01 00 1c 0a 7b 0d 9c 0e d9 00 1c 0a 69 0d 8c 0e b2 00 1d 0a 82 0d 85 0e 95  |...........{.......i............|
2026-10-02T17:21:17.787  D>H  00 1e 0a 82 0d 7d 0e 7c 00 1e 0a 84 0d 6d 0e 6a 00 1f 0a 8b 0d 71 0e 63 00 1f 0a 8a 0d 70 0e 70  |.....}.|.....m.j.....q.c.....p.p|
2026-10-02T17:21:17.787  D>H  00 20 0a 6c 0d 68 0e 78 00 1f 0a 81 0d 6c 0e 7a 00 21 0a 93 0d 64 0e 91 00 22 0a 93 0d 5c 0e a1  |. .l.h.x.....l.z.!...d..."...\..|
2026-10-02T17:21:17.787  D>H  00 22 0a 8a 0d 57 0e bb 00 23 0a a7 0d 5c 0e de 00 23 0a 96 0d 5b 0f 0a 00 22 0a 82 0d 54 0f 2d  |."...W...#...\...#...[..."...T.-|
2026-10-02T17:21:17.787  D>H  00 22 0a 9a 0d 5c 0f 4f 00 23 0b 07 0d 8f 10 67 00 23 0b 37 0d c4 12 38 00 22 0b 4e 0d f4 13 a4  |."...\.O.#.....g.#.7...8.".N....|
2026-10-02T17:21:17.787  D>H  00 21 0b 74 0e 2d 14 a5 00 1f 0b 80 0e 5e 15 3a 00 1d 0b 8a 0e 7a 15 92 00 20 0b 8c 0e 92 15 ec  |.!.t.-.......^.:.....z... ......|
2026-10-02T17:21:17.787  D>H  00 1a 0b 6a 0e 9b 16 33 00 1a 0b 8a 0e b5 16 2f 00 19 0b bd 0e dd 16 5a 00 19 0b 97 0e e0 16 7b  |...j...3......./.......Z.......{|
2026-10-02T17:21:17.787  D>H  00 18 0b 72 0e c9 15 7a 00 17 0b 69 0e c4 14 af 00 17 0b 1c 0e 8e 13 a9 00 18 0a e5 0e 4e 12 4c  |...r...z...i.................N.L|
2026-10-02T17:21:17.787  D>H  38 74                                                                                            |8t|
2026-10-02T17:21:18.644  H>D  06                                                                                               |.|
2026-10-02T17:21:18.711  D>H  00 19 0a e5 0e 2d 11 46 00 19 0a cc 0e 11 10 91 00 1b 0a b6 0d ec 10 21 00 1a 0a a5 0d d8 0f d5  |.....-.F...............!........|
2026-10-02T17:21:18.711  D>H  00 1b 0a ea 0d ef 0f f4 00 1c 0a d0 0d db 10 9e 00 1d 0a ad 0d cf 10 be 00 1c 0a b3 0d ce 10 c0  |................................|
2026-10-02T17:21:18.711  D>H  00 1d 0a c4 0d c8 10 a3 00 1d 0a a4 0d be 10 76 00 1d 0a 9b 0d c7 10 33 00 1f 0a 8c 0d c1 0f eb  |...............v.......3........|
2026-10-02T17:21:18.711  D>H  00 1d 0a 68 0d b9 0f 91 00 1e 0a 7a 0d b6 0f 4c 00 1e 0a 8d 0d b5 0f 0f 00 1f 0a 9d 0d b0 0e e9  |...h.......z...L................|
2026-10-02T17:21:18.711  D>H  00 24 0a a6 0d a9 0e cf 00 20 0a 6d 0d 97 0e b6 00 1f 0a 49 0d 8a 0e 9a 00 20 0a 5d 0d 84 0e 86  |.$....... .m.......I..... .]....|
2026-10-02T17:21:18.711  D>H  00 20 0a 4a 0d 6c 0e 6c 00 21 0a 53 0d 64 0e 4e 00 24 0a 3a 0d 54 0e 3c 00 22 0a 60 0d 49 0e 34  |. .J.l.l.!.S.d.N.$.:.T.<.".`.I.4|
2026-10-02T17:21:18.711  D>H  00 25 0a 62 0d 44 0e 37 00 24 0a 49 0d 3d 0e 3c 00 23 0a 42 0d 3b 0e 45 00 26 0a 80 0d 3a 0e 45  |.%.b.D.7.$.I.=.<.#.B.;.E.&...:.E|
2026-10-02T17:21:18.711  D>H  00 28 0a 8a 0d 33 0e 35 00 26 0a 82 0d 23 0e 23 00 27 0a 8c 0d 1f 0e 09 00 28 0a 82 0d 13 0d f0  |.(...3.5.&...#.#.'.......(......|
2026-10-02T17:21:18.711  D>H  39 7a                                                                                            |9z|
2026-10-02T17:21:19.575  H>D  06                                                                                               |.|
2026-10-02T17:21:19.643  D>H  00 2a 0a 7a 0d 0c 0d d9 00 29 0a 89 0c fd 0d cf 00 2c 0a 8a 0c f9 0d be 00 2c 0a a9 0c ed 0d c3  |.*.z.....).......,.......,......|
2026-10-02T17:21:19.643  D>H  00 2c 0a c4 0c e8 0d c5 00 2e 0a cc 0c df 0d c9 00 2f 0a c9 0c d1 0d ce 00 2d 0a bd 0c c9 0d c6  |.,.............../.......-......|
2026-10-02T17:21:19.643  D>H  00 30 0a b2 0c c0 0d bf 00 2e 0a 8b 0c b8 0d b4 00 2e 0a 7c 0c b0 0d a2 00 2e 0a 78 0c ab 0d 99  |.0.................|.......x....|
2026-10-02T17:21:19.643  D>H  00 2e 0a 82 0c a8 0d 8f 00 2f 0a 8a 0c a0 0d 8f 00 2f 0a 92 0c a0 0d 95 00 30 0a 8a 0c a0 0d b1  |........./......./.......0......|
2026-10-02T17:21:19.643  D>H  00 2f 0a 8a 0c a0 0d ca 00 2f 0a 7c 0c a8 0d e8 00 2f 0a a3 0c bc 0e 20 00 30 0a e9 0c e6 0f 42  |./......./.|...../..... .0.....B|
2026-10-02T17:21:19.643  D>H  00 2d 0a fe 0d 0a 10 9e 00 2c 0b 15 0d 2b 11 b3 00 2c 0b 1e 0d 4c 12 5d 00 2d 0b 37 0d 64 12 a9  |.-.......,...+...,...L.].-.7.d..|
2026-10-02T17:21:19.643  D>H  00 2a 0b 06 0d 6d 12 a9 00 24 0a fb 0d 85 12 7e 00 27 0b 14 0d 8d 12 6e 00 27 0b 0e 0d 8d 12 62  |.*...m...$.....~.'.....n.'.....b|
2026-10-02T17:21:19.643  D>H  00 26 0b 2b 0d 94 12 49 00 24 0b 0c 0d 96 12 1b 00 26 0b 26 0d ae 11 f1 00 24 0b 22 0d ae 12 00  |.&.+...I.$.......&.&.....$."....|
2026-10-02T17:21:19.643  D>H  40 89                                                                                            |@.|
2026-10-02T17:21:20.494  H>D  06                                                                                               |.|
2026-10-02T17:21:20.560  D>H  00 25 0b 05 0d 96 11 cf 00 22 0a c6 0d 99 11 83 00 21 0a ad 0d 9d 11 69 00 22 0a c5 0d 86 11 3f  |.%.......".......!.....i.".....?|
2026-10-02T17:21:20.560  D>H  00 25 0a 87 0d 77 10 b5 00 20 0a 73 0d 7d 10 6c 00 20 0a 5e 0d 85 10 47 00 20 0a 8b 0d 88 10 46  |.%...w... .s.}.l. .^...G. .....F|
2026-10-02T17:21:20.560  D>H  00 23 0a 9b 0d 85 10 4e 00 24 0a b5 0d 87 10 46 00 24 0a d5 0d 8d 10 56 00 24 0a bc 0d 85 10 4a  |.#.....N.$.....F.$.....V.$.....J|
2026-10-02T17:21:20.560  D>H  00 25 0a ab 0d 87 10 24 00 23 0a af 0d 97 10 1e 00 26 0a ce 0d a6 10 2d 00 23 0a bd 0d b2 10 28  |.%.....$.#.......&.....-.#.....(|
2026-10-02T17:21:20.560  D>H  00 22 0a 76 0d ad 10 0c 00 20 0a 59 0d ad 0f db 00 20 0a 3e 0d a6 0f ae 00 20 0a 67 0d b7 0f b2  |.".v..... .Y..... .>..... .g....|
2026-10-02T17:21:20.560  D>H  00 21 0a 6b 0d b9 0f d5 00 22 0a 4a 0d b5 0f ad 00 22 0a 58 0d a6 0f 73 00 22 0a 59 0d ae 0f 37  |.!.k.....".J.....".X...s.".Y...7|
2026-10-02T17:21:20.560  D>H  00 21 0a 8b 0d a9 0f 22 00 22 0a 6d 0d 9e 0e f8 00 22 0a 88 0d a3 0e e4 00 24 0a 89 0d a2 0e ea  |.!.....".".m.....".......$......|
2026-10-02T17:21:20.560  D>H  00 24 0a 8a 0d a9 0f 02 00 23 0a 7b 0d a6 0f 22 00 23 0a 9c 0d b0 0f 35 00 24 0a cc 0d bd 0f 69  |.$.......#.{...".#.....5.$.....i|
2026-10-02T17:21:20.560  D>H  3b 90                                                                                            |;.|
2026-10-02T17:21:21.425  H>D  06                                                                                               |.|
2026-10-02T17:21:21.492  D>H  00 24 0a cc 0d c7 0f b7 00 23 0a ab 0d c7 0f ea 00 21 0a 65 0d c7 0f cc 00 21 0a 8a 0d d6 0f bc  |.$.......#.......!.e.....!......|
2026-10-02T17:21:21.492  D>H  00 22 0a 93 0d d7 0f be 00 22 0a 70 0d d7 0f b2 00 22 0a 82 0d d7 0f a5 00 22 0a 6a 0d d7 0f 9a  |.".......".p.....".......".j....|
2026-10-02T17:21:21.492  D>H  00 21 0a 7a 0d dc 0f b1 00 21 0a 7c 0d df 0f dc 00 22 0a 52 0d cf 0f fb 00 21 0a 46 0d cf 0f e9  |.!.z.....!.|.....".R.....!.F....|
2026-10-02T17:21:21.492  D>H  00 21 0a 49 0d cf 0f cc 00 21 0a 71 0d d9 0f bc 00 21 0a 53 0d d8 0f b8 00 21 0a 49 0d d0 0f a8  |.!.I.....!.q.....!.S.....!.I....|
2026-10-02T17:21:21.492  D>H  00 20 0a 59 0d d4 0f 91 00 20 0a 60 0d d3 0f 94 00 21 0a 59 0d cf 0f 92 00 22 0a 50 0d d2 0f 87  |. .Y..... .`.....!.Y.....".P....|
2026-10-02T17:21:21.492  D>H  00 21 0a 4a 0d cf 0f 85 00 20 0a 59 0d cd 0f 79 00 21 0a 3a 0d c6 0f 6a 00 21 0a 45 0d c7 0f 4c  |.!.J..... .Y...y.!.:...j.!.E...L|
2026-10-02T17:21:21.492  D>H  00 21 0a 3f 0d bf 0f 44 00 20 0a 26 0d b6 0f 34 00 21 0a 47 0d be 0f 30 00 20 0a 40 0d b7 0f 36  |.!.?...D. .&...4.!.G...0. .@...6|
2026-10-02T17:21:21.492  D>H  00 22 0a 4b 0d b6 0f 28 00 22 0a 3a 0d ae 0f 15 00 23 0a 2f 0d ad 0e ee 00 22 0a 30 0d a6 0e e8  |.".K...(.".:.....#./.....".0....|
2026-10-02T17:21:21.492  D>H  40 cc                                                                                            |@.|
2026-10-02T17:21:22.344  H>D  06                                                                                               |.|
2026-10-02T17:21:22.410  D>H  00 23 0a 28 0d a6 0e d2 00 22 0a 30 0d a7 0e d1 00 22 0a 41 0d ad 0e dc 00 23 0a 59 0d b5 0e f6  |.#.(.....".0.....".A.....#.Y....|
2026-10-02T17:21:22.410  D>H  00 23 0a 49 0d b6 0f 0b 00 23 0a 47 0d b6 0f 1a 00 23 0a 7d 0d bf 0f 25 00 23 0a 84 0d c7 0f 39  |.#.I.....#.G.....#.}...%.#.....9|
2026-10-02T17:21:22.410  D>H  00 24 0a 62 0d bf 0f 3b 00 24 0a 5a 0d b7 0f 28 00 24 0a 45 0d b2 0f 0b 00 23 0a 39 0d b0 0f 05  |.$.b...;.$.Z...(.$.E.....#.9....|
2026-10-02T17:21:22.410  D>H  00 22 0a 41 0d af 0f 04 00 21 0a 11 0d ac 0e e0 00 23 0a 20 0d ae 0e c2 00 22 0a 18 0d a6 0e b0  |.".A.....!.......#. ....."......|
2026-10-02T17:21:22.410  D>H  00 23 0a 20 0d a6 0e a5 00 23 0a 3c 0d a6 0e a2 00 25 0a 5c 0d aa 0e aa 00 25 0a 5c 0d ad 0e ba  |.#. .....#.<.....%.\.....%.\....|
2026-10-02T17:21:22.410  D>H  00 25 0a 82 0d ae 0e cf 00 25 0a 75 0d ae 0e db 00 25 0a 6a 0d ad 0e dc 00 26 0a 8f 0d a6 0e d3  |.%.......%.u.....%.j.....&......|
2026-10-02T17:21:22.410  D>H  00 26 0a 8c 0d 9a 0e c2 00 29 0a 84 0d 9b 0e a9 00 26 0a 89 0d 96 0e 92 00 26 0a 51 0d 94 0e 7f  |.&.......).......&.......&.Q....|
2026-10-02T17:21:22.410  D>H  00 23 0a 38 0d 96 0e 79 00 25 0a 38 0d 87 0e 6c 00 26 0a 2f 0d 75 0e 56 00 26 0a 18 0d 70 0e 31  |.#.8...y.%.8...l.&./.u.V.&...p.1|
2026-10-02T17:21:22.410  D>H  38 9e                                                                                            |8.|
2026-10-02T17:21:23.274  H>D  06                                                                                               |.|
2026-10-02T17:21:23.341  D>H  00 25 0a 07 0d 75 0e 22 00 26 0a 1c 0d 78 0e 1c 00 24 0a 13 0d 75 0e 17 00 27 0a 0e 0d 6f 0e 04  |.%...u.".&...x...$...u...'...o..|
2026-10-02T17:21:23.341  D>H  00 25 0a 1f 0d 70 0d f5 00 26 0a 32 0d 6d 0d f4 00 26 0a 0f 0d 6d 0d e0 00 25 09 ee 0d 6d 0d d3  |.%...p...&.2.m...&...m...%...m..|
2026-10-02T17:21:23.341  D>H  00 25 09 ff 0d 64 0d c9 00 27 0a 07 0d 54 0d b1 00 28 0a 23 0d 3e 0d 96 00 28 0a 38 0d 38 0d 82  |.%...d...'...T...(.#.>...(.8.8..|
2026-10-02T17:21:23.341  D>H  00 29 0a 38 0d 2b 0d 7b 00 28 0a 3f 0d 23 0d 81 00 28 0a 27 0d 23 0d 8b 00 28 0a 18 0d 26 0d 95  |.).8.+.{.(.?.#...(.'.#...(...&..|
2026-10-02T17:21:23.341  D>H  00 27 0a 19 0d 2b 0d a9 00 27 0a 18 0d 33 0d ba 00 27 0a 26 0d 32 0d c7 00 28 0a 11 0d 33 0d c9  |.'...+...'...3...'.&.2...(...3..|
2026-10-02T17:21:23.341  D>H  00 27 0a 11 0d 3a 0d d9 00 28 0a 0a 0d 3a 0d e8 00 29 0a 21 0d 35 0d f4 00 2b 0a 41 0d 38 0d fd  |.'...:...(...:...).!.5...+.A.8..|
2026-10-02T17:21:23.341  D>H  00 28 0a 30 0d 3d 0e 16 00 29 0a 02 0d 4f 0e 1f 00 25 09 ce 0d 64 0e 1e 00 25 09 f4 0d 64 0e 20  |.(.0.=...)...O...%...d...%...d. |
2026-10-02T17:21:23.341  D>H  00 27 0a 04 0d 64 0e 25 00 25 09 ff 0d 6d 0e 2e 00 25 0a 10 0d 75 0e 3b 00 24 09 f7 0d 79 0e 48  |.'...d.%.%...m...%...u.;.$...y.H|
2026-10-02T17:21:23.341  D>H  2c 80                                                                                            |,.|
2026-10-02T17:21:24.191  H>D  06                                                                                               |.|
2026-10-02T17:21:24.256  D>H  00 24 0a 02 0d 70 0e 53 00 27 0a 1f 0d 66 0e 40 00 27 0a 30 0d 60 0e 37 00 28 0a 31 0d 54 0e 31  |.$...p.S.'...f.@.'.0.`.7.(.1.T.1|
2026-10-02T17:21:24.256  D>H  00 2a 0a 32 0d 54 0e 24 00 2b 0a 49 0d 4a 0e 1c 00 29 0a 59 0d 43 0e 08 00 2a 0a 4e 0d 3b 0e 00  |.*.2.T.$.+.I.J...).Y.C...*.N.;..|
2026-10-02T17:21:24.256  D>H  00 29 0a 3d 0d 3b 0d f2 00 29 0a 29 0d 33 0d f5 00 2b 0a 28 0d 33 0d ed 00 2a 0a 4c 0d 33 0d f6  |.).=.;...).).3...+.(.3...*.L.3..|
2026-10-02T17:21:24.256  D>H  00 2a 0a 16 0d 4c 0d fa 00 27 0a 0f 0d 54 0e 09 00 28 0a 30 0d 54 0e 0c 00 28 0a 30 0d 4c 0e 0b  |.*...L...'...T...(.0.T...(.0.L..|
2026-10-02T17:21:24.256  D>H  00 2b 0a 51 0d 46 0d fb 00 2b 0a 5c 0d 3b 0d f5 00 2b 0a 6b 0d 34 0d eb 00 2b 0a 6a 0d 32 0d e6  |.+.Q.F...+.\.;...+.k.4...+.j.2..|
2026-10-02T17:21:24.256  D>H  00 2b 0a 6a 0d 23 0d e6 00 2d 0a 68 0d 23 0d d0 00 2b 0a 71 0d 21 0d c3 00 2b 0a 6a 0d 1f 0d ba  |.+.j.#...-.h.#...+.q.!...+.j....|
2026-10-02T17:21:24.256  D>H  00 2b 0a 62 0d 1b 0d ad 00 29 0a 49 0d 1b 0d 97 00 2b 0a 26 0d 10 0d 7b 00 2a 0a 21 0d 08 0d 59  |.+.b.....).I.....+.&...{.*.!...Y|
2026-10-02T17:21:24.256  D>H  00 2b 0a 2f 0d 00 0d 32 00 2b 0a 2a 0c fa 0d 1b 00 2b 0a 30 0c f3 0d 09 00 2c 0a 15 0c e9 0c ff  |.+./...2.+.*.....+.0.....,......|
2026-10-02T17:21:24.256  D>H  2b 56                                                                                            |+V|
2026-10-02T17:21:25.125  H>D  06                                                                                               |.|
2026-10-02T17:21:25.192  D>H  00 2c 0a 20 0c e1 0c ea 00 2d 0a 28 0c d9 0c db 00 2d 0a 30 0c d2 0c db 00 2e 0a 23 0c cc 0c d3  |.,. .....-.(.....-.0.......#....|
2026-10-02T17:21:25.192  D>H  00 2d 0a 22 0c c4 0c cb 00 2e 0a 28 0c be 0c c0 00 2e 0a 18 0c b8 0c b8 00 2f 0a 20 0c b0 0c ae  |.-.".......(............./. ....|
2026-10-02T17:21:25.192  D>H  00 2f 0a 12 0c ac 0c a4 00 30 0a 18 0c a8 0c 98 00 30 0a 13 0c a1 0c 95 00 2f 0a 03 0c a0 0c 94  |./.......0.......0......./......|
2026-10-02T17:21:25.192  D>H  00 2f 09 ff 0c 9c 0c 90 00 2f 09 ff 0c 98 0c 8f 00 2f 0a 07 0c 97 0c 8e 00 30 09 ff 0c 97 0c 8c  |./......./......./.......0......|
2026-10-02T17:21:25.192  D>H  00 30 09 f7 0c 97 0c 89 00 30 09 f7 0c 90 0c 87 00 30 09 f7 0c 8f 0c 7f 00 30 09 ef 0c 8f 0c 7f  |.0.......0.......0.......0......|
2026-10-02T17:21:25.192  D>H  00 30 09 f8 0c 88 0c 79 00 2f 0a 07 0c 87 0c 77 00 2f 0a 0f 0c 85 0c 71 00 2f 0a 14 0c 81 0c 6e  |.0.....y./.....w./.....q./.....n|
2026-10-02T17:21:25.192  D>H  00 30 0a 08 0c 7d 0c 66 00 2f 0a 03 0c 77 0c 65 00 30 09 f8 0c 74 0c 5e 00 30 09 f7 0c 6e 0c 56  |.0...}.f./...w.e.0...t.^.0...n.V|
2026-10-02T17:21:25.192  D>H  00 30 09 fd 0c 66 0c 50 00 31 09 fe 0c 63 0c 4e 00 30 0a 06 0c 5e 0c 4c 00 31 0a 07 0c 59 0c 4a  |.0...f.P.1...c.N.0...^.L.1...Y.J|
2026-10-02T17:21:25.192  D>H  3b ed                                                                                            |;.|
2026-10-02T17:21:26.044  H>D  06                                                                                               |.|
2026-10-02T17:21:26.110  D>H  00 32 0a 07 0c 56 0c 47 00 32 0a 0d 0c 50 0c 45 00 32 0a 0f 0c 4e 0c 3d 00 32 0a 00 0c 4a 0c 3b  |.2...V.G.2...P.E.2...N.=.2...J.;|
2026-10-02T17:21:26.110  D>H  00 32 0a 01 0c 45 0c 35 00 32 09 fd 0c 40 0c 35 00 33 0a 04 0c 3d 0c 2e 00 35 0a 0f 0c 3c 0c 2d  |.2...E.5.2...@.5.3...=...5...<.-|
2026-10-02T17:21:26.110  D>H  00 36 0a 0f 0c 36 0c 2a 00 35 09 fe 0c 31 0c 25 00 35 09 fe 0c 2d 0c 1d 00 35 09 ea 0c 28 0c 16  |.6...6.*.5...1.%.5...-...5...(..|
2026-10-02T17:21:26.110  D>H  00 35 09 e6 0c 25 0c 16 00 35 09 ef 0c 1c 0c 0e 00 35 09 f7 0c 19 0c 0b 00 36 09 f7 0c 14 0c 04  |.5...%...5.......5.......6......|
2026-10-02T17:21:26.110  D>H  00 37 09 f7 0c 13 0c 01 00 37 09 f1 0c 0c 0b fc 00 37 09 f9 0c 0c 0b f6 00 37 09 f7 0c 0c 0b f3  |.7.......7.......7.......7......|
2026-10-02T17:21:26.110  D>H  00 38 09 f7 0c 05 0b ef 00 38 09 f6 0c 04 0b eb 00 37 09 f7 0c 04 0b e9 00 37 09 f9 0b fc 0b e2  |.8.......8.......7.......7......|
2026-10-02T17:21:26.110  D>H  00 37 09 e6 0b fc 0b e0 00 38 09 f7 0b fc 0b de 00 37 09 e6 0b fc 0b df 00 37 09 df 0b fc 0b e3  |.7.......8.......7.......7......|
2026-10-02T17:21:26.110  D>H  00 38 09 ee 0b fa 0b de 00 37 09 f7 0b f8 0b db 00 38 09 ff 0b f4 0b d8 00 38 09 f7 0b f3 0b d4  |.8.......7.......8.......8......|
2026-10-02T17:21:26.110  D>H  3e 3f                                                                                            |>?|
2026-10-02T17:21:26.962  H>D  06                                                                                               |.|
2026-10-02T17:21:27.037  D>H  00 38 09 f7 0b f3 0b d7 00 38 09 ef 0b f0 0b d3 00 39 09 ea 0b eb 0b d1 00 39 09 f2 0b eb 0b cb  |.8.......8.......9.......9......|
2026-10-02T17:21:27.037  D>H  00 39 09 f6 0b e4 0b ca 00 39 09 f7 0b e3 0b c7 00 3a 0a 04 0b e2 0b c2 00 3a 0a 0f 0b e0 0b c0  |.9.......9.......:.......:......|
2026-10-02T17:21:27.037  D>H  00 3a 09 f8 0b db 0b c0 00 3a 09 e7 0b db 0b bd 00 3a 09 de 0b db 0b ba 00 3b 09 e3 0b d3 0b b8  |.:.......:.......:.......;......|
2026-10-02T17:21:27.037  D>H  00 3c 09 e6 0b d0 0b b2 00 3c 09 f6 0b cb 0b aa 00 3c 09 ff 0b c5 0b a1 00 3c 09 ff 0b c2 0b a0  |.<.......<.......<.......<......|
2026-10-02T17:21:27.037  D>H  00 3c 09 ff 0b c2 0b 99 00 3d 09 f7 0b ba 0b 99 00 3d 09 f2 0b ba 0b 94 00 3d 09 ff 0b b2 0b 91  |.<.......=.......=.......=......|
2026-10-02T17:21:27.037  D>H  00 3d 0a 0b 0b b4 0b 90 00 3d 0a 07 0b af 0b 90 00 3d 0a 04 0b aa 0b 89 00 3c 09 f8 0b ab 0b 90  |.=.......=.......=.......<......|
2026-10-02T17:21:27.037  D>H  00 3c 09 f7 0b ae 0b 91 00 3c 09 fe 0b ad 0b 91 00 3d 09 f4 0b ad 0b 8b 00 3d 09 ed 0b aa 0b 89  |.<.......<.......=.......=......|
2026-10-02T17:21:27.037  D>H  00 3e 09 e6 0b aa 0b 83 00 3d 09 ea 0b a5 0b 7a 00 3e 09 eb 0b 9f 0b 70 00 3e 09 ee 0b 98 0b 68  |.>.......=.....z.>.....p.>.....h|
2026-10-02T17:21:27.037  D>H  52 25                                                                                            |R%|
2026-10-02T17:21:27.895  H>D  06                                                                                               |.|
2026-10-02T17:21:27.962  D>H  00 3e 09 ed 0b 97 0b 5c 00 3e 09 e6 0b 91 0b 58 00 3f 09 e6 0b 8c 0b 51 00 3f 09 de 0b 89 0b 4b  |.>.....\.>.....X.?.....Q.?.....K|
2026-10-02T17:21:27.962  D>H  00 3f 09 d6 0b 81 0b 47 00 3f 09 c7 0b 79 0b 40 00 3f 09 ca 0b 77 0b 37 00 3f 09 d3 0b 70 0b 33  |.?.....G.?...y.@.?...w.7.?...p.3|
2026-10-02T17:21:27.962  D>H  00 40 09 cf 0b 6f 0b 2e 00 40 09 cd 0b 68 0b 2e 00 40 09 ce 0b 68 0b 26 00 40 09 ca 0b 60 0b 1e  |.@...o...@...h...@...h.&.@...`..|
2026-10-02T17:21:27.962  D>H  00 41 09 ce 0b 59 0b 1a 00 41 09 ce 0b 54 0b 16 00 42 09 ce 0b 4f 0b 11 00 41 09 cf 0b 4c 0b 0e  |.A...Y...A...T...B...O...A...L..|
2026-10-02T17:21:27.962  D>H  00 42 09 c9 0b 48 0b 0d 00 42 09 be 0b 4a 0b 0e 00 42 09 ba 0b 4f 0b 0e 00 42 09 b6 0b 4f 0b 15  |.B...H...B...J...B...O...B...O..|
2026-10-02T17:21:27.962  D>H  00 42 09 ba 0b 4b 0b 16 00 42 09 be 0b 47 0b 0e 00 42 09 bd 0b 3f 0b 08 00 42 09 c2 0b 3c 0b 01  |.B...K...B...G...B...?...B...<..|
2026-10-02T17:21:27.962  D>H  00 42 09 c4 0b 36 0a fd 00 42 09 c0 0b 2e 0a fa 00 42 09 bd 0b 2e 0a f6 00 42 09 bd 0b 2a 0a f5  |.B...6...B.......B.......B...*..|
2026-10-02T17:21:27.962  D>H  00 42 09 bd 0b 26 0a f6 00 42 09 b5 0b 26 0a f7 00 43 09 b5 0b 26 0a f5 00 43 09 b5 0b 26 0a fa  |.B...&...B...&...C...&...C...&..|
2026-10-02T17:21:27.962  D>H  3a ea                                                                                            |:.|
2026-10-02T17:21:28.813  H>D  06                                                                                               |.|
2026-10-02T17:21:28.884  D>H  00 43 09 b8 0b 28 0a fb 00 43 09 bf 0b 26 0a f9 00 44 09 bd 0b 26 0a f5 00 44 09 bd 0b 26 0a f5  |.C...(...C...&...D...&...D...&..|
2026-10-02T17:21:28.884  D>H  00 44 09 bb 0b 24 0a f0 00 44 09 bb 0b 21 0a ed 00 44 09 bd 0b 1e 0a eb 00 44 09 bd 0b 1e 0a e5  |.D...$...D...!...D.......D......|
2026-10-02T17:21:28.884  D>H  00 45 09 b5 0b 1a 0a de 00 45 09 ad 0b 16 0a dc 00 45 09 ad 0b 15 0a d4 00 45 09 a6 0b 0e 0a cc  |.E.......E.......E.......E......|
2026-10-02T17:21:28.884  D>H  00 45 09 a1 0b 0d 0a cc 00 45 09 a2 0b 06 0a c5 00 45 09 9d 0b 0d 0a c8 00 45 09 a5 0b 07 0a c8  |.E.......E.......E.......E......|
2026-10-02T17:21:28.884  D>H  00 46 09 a7 0b 02 0a c4 00 46 09 a6 0a fd 0a bc 00 46 09 a5 0a fd 0a bc 00 46 09 a5 0a fd 0a b8  |.F.......F.......F.......F......|
2026-10-02T17:21:28.884  D>H  00 46 09 a0 0a f7 0a b3 00 46 09 a5 0a f5 0a b3 00 46 09 ad 0a ed 0a ab 00 47 09 aa 0a ed 0a a8  |.F.......F.......F.......G......|
2026-10-02T17:21:28.884  D>H  00 46 09 a2 0a e6 0a a3 00 46 09 9d 0a e9 0a a3 00 47 09 9d 0a e5 0a a3 00 47 09 a1 0a e4 0a a1  |.F.......F.......G.......G......|
2026-10-02T17:21:28.884  D>H  00 47 09 9d 0a e3 0a 9b 00 48 09 9d 0a e5 0a 9b 00 48 09 9d 0a dd 0a 9b 00 48 09 a0 0a dc 0a 99  |.G.......H.......H.......H......|
2026-10-02T17:21:28.884  D>H  49 b7                                                                                            |I.|
2026-10-02T17:21:29.744  H>D  06                                                                                               |.|
2026-10-02T17:21:29.812  D>H  00 49 09 a3 0a d7 0a 93 00 49 09 9e 0a d3 0a 92 00 49 09 9d 0a cc 0a 8a 00 4a 09 a1 0a c4 0a 85  |.I.......I.......I.......J......|
2026-10-02T17:21:29.812  D>H  00 4a 09 9d 0a bc 0a 7a 00 4a 09 9d 0a bb 0a 78 00 4a 09 94 0a b4 0a 72 00 4a 09 9c 0a b0 0a 72  |.J.....z.J.....x.J.....r.J.....r|
2026-10-02T17:21:29.812  D>H  00 4a 09 9c 0a ad 0a 72 00 4a 09 9c 0a ad 0a 72 00 4a 09 96 0a ab 0a 78 00 49 09 9a 0a ab 0a 7a  |.J.....r.J.....r.J.....x.I.....z|
2026-10-02T17:21:29.812  D>H  00 49 09 95 0a ab 0a 7a 00 4a 09 94 0a ab 0a 7a 00 4a 09 94 0a ab 0a 79 00 4a 09 94 0a ab 0a 74  |.I.....z.J.....z.J.....y.J.....t|
2026-10-02T17:21:29.812  D>H  00 4a 09 8c 0a ac 0a 72 00 4a 09 91 0a ab 0a 72 00 4b 09 91 0a ab 0a 72 00 4b 09 94 0a ad 0a 72  |.J.....r.J.....r.K.....r.K.....r|
2026-10-02T17:21:29.812  D>H  00 4b 09 8e 0a b3 0a 72 00 4b 09 8d 0a b3 0a 72 00 4b 09 8f 0a b3 0a 72 00 4b 09 94 0a b3 0a 72  |.K.....r.K.....r.K.....r.K.....r|
2026-10-02T17:21:29.812  D>H  00 4c 09 94 0a b3 0a 71 00 4c 09 94 0a b1 0a 70 00 4c 09 94 0a b3 0a 71 00 4c 09 94 0a b3 0a 6e  |.L.....q.L.....p.L.....q.L.....n|
2026-10-02T17:21:29.812  D>H  00 4c 09 8f 0a ae 0a 6a 00 4c 09 8c 0a ac 0a 6a 00 4c 09 8e 0a ab 0a 6a 00 4c 09 90 0a ab 0a 6a  |.L.....j.L.....j.L.....j.L.....j|
2026-10-02T17:21:29.812  D>H  44 bb                                                                                            |D.|
2026-10-02T17:21:30.678  H>D  06                                                                                               |.|
2026-10-02T17:21:30.745  D>H  00 4c 09 8c 0a ab 0a 6a 00 4c 09 8c 0a a5 0a 63 00 4c 09 8d 0a a3 0a 61 00 4c 09 94 0a 9b 0a 59  |.L.....j.L.....c.L.....a.L.....Y|
2026-10-02T17:21:30.745  D>H  00 4d 09 91 0a 9b 0a 54 00 4d 09 90 0a 95 0a 53 00 4d 09 8f 0a 93 0a 51 00 4d 09 8e 0a 92 0a 51  |.M.....T.M.....S.M.....Q.M.....Q|
2026-10-02T17:21:30.745  D>H  00 4d 09 8d 0a 8d 0a 4a 00 4e 09 8c 0a 8d 0a 4a 00 4e 09 8c 0a 8a 0a 49 00 4e 09 92 0a 8a 0a 49  |.M.....J.N.....J.N.....I.N.....I|
2026-10-02T17:21:30.745  D>H  00 4e 09 91 0a 86 0a 49 00 4e 09 93 0a 83 0a 46 00 4e 09 91 0a 82 0a 42 00 4e 09 93 0a 7f 0a 41  |.N.....I.N.....F.N.....B.N.....A|
2026-10-02T17:21:30.745  D>H  00 4e 09 91 0a 7c 0a 41 00 4e 09 91 0a 7a 0a 41 00 4e 09 8d 0a 7a 0a 3e 00 4e 09 8c 0a 7a 0a 3e  |.N...|.A.N...z.A.N...z.>.N...z.>|
2026-10-02T17:21:30.745  D>H  00 4f 09 8c 0a 7a 0a 40 00 4f 09 8c 0a 7a 0a 41 00 4f 09 8c 0a 7a 0a 40 00 4f 09 8c 0a 7a 0a 3a  |.O...z.@.O...z.A.O...z.@.O...z.:|
2026-10-02T17:21:30.745  D>H  00 4f 09 8c 0a 79 0a 38 00 4f 09 8c 0a 72 0a 38 00 4f 09 8b 0a 72 0a 37 00 4f 09 89 0a 71 0a 36  |.O...y.8.O...r.8.O...r.7.O...q.6|
2026-10-02T17:21:30.745  D>H  00 4f 09 86 0a 72 0a 38 00 4f 09 84 0a 74 0a 38 00 4f 09 84 0a 72 0a 38 00 4f 09 84 0a 74 0a 37  |.O...r.8.O...t.8.O...r.8.O...t.7|
2026-10-02T17:21:30.745  D>H  38 42                                                                                            |8B|
2026-10-02T17:21:31.599  H>D  06                                                                                               |.|
2026-10-02T17:21:31.665  D>H  00 50 09 84 0a 72 0a 35 00 50 09 83 0a 72 0a 32 00 50 09 7d 0a 72 0a 32 00 4f 09 81 0a 6c 0a 30  |.P...r.5.P...r.2.P.}.r.2.O...l.0|
2026-10-02T17:21:31.665  D>H  00 4f 09 7c 0a 6a 0a 2d 00 50 09 7c 0a 6a 0a 2a 00 50 09 7c 0a 6a 0a 29 00 50 09 7d 0a 69 0a 2a  |.O.|.j.-.P.|.j.*.P.|.j.).P.}.i.*|
2026-10-02T17:21:31.665  D>H  00 51 09 84 0a 67 0a 28 00 51 09 84 0a 62 0a 28 00 51 09 85 0a 61 0a 26 00 51 09 87 0a 61 0a 23  |.Q...g.(.Q...b.(.Q...a.&.Q...a.#|
2026-10-02T17:21:31.665  D>H  00 51 09 84 0a 60 0a 20 00 51 09 84 0a 5b 0a 20 00 52 09 84 0a 5d 0a 20 00 51 09 80 0a 5b 0a 1c  |.Q...`. .Q...[. .R...]. .Q...[..|
2026-10-02T17:21:31.665  D>H  00 51 09 7d 0a 59 0a 18 00 51 09 7c 0a 53 0a 17 00 51 09 7e 0a 51 0a 0f 00 51 09 7c 0a 49 0a 0f  |.Q.}.Y...Q.|.S...Q.~.Q...Q.|.I..|
2026-10-02T17:21:31.665  D>H  00 51 09 7c 0a 49 0a 0f 00 51 09 7a 0a 49 0a 0e 00 51 09 74 0a 49 0a 0f 00 51 09 70 0a 4b 0a 0f  |.Q.|.I...Q.z.I...Q.t.I...Q.p.K..|
2026-10-02T17:21:31.665  D>H  00 51 09 6b 0a 49 0a 0f 00 50 09 66 0a 49 0a 0f 00 50 09 63 0a 49 0a 0f 00 50 09 62 0a 49 0a 0e  |.Q.k.I...P.f.I...P.c.I...P.b.I..|
2026-10-02T17:21:31.665  D>H  00 50 09 5b 0a 49 0a 09 00 50 09 5b 0a 45 0a 07 00 50 09 5b 0a 41 0a 05 00 50 09 53 0a 41 0a 04  |.P.[.I...P.[.E...P.[.A...P.S.A..|
2026-10-02T17:21:31.665  D>H  2a f8                                                                                            |*.|
2026-10-02T17:21:32.535  H>D  06                                                                                               |.|
2026-10-02T17:21:32.599  D>H  00 50 09 56 0a 41 0a 00 00 50 09 59 0a 40 09 ff 00 50 09 59 0a 3b 09 ff 00 50 09 5b 0a 3f 0a 01  |.P.V.A...P.Y.@...P.Y.;...P.[.?..|
2026-10-02T17:21:32.599  D>H  00 51 09 61 0a 40 0a 01 00 52 09 65 0a 3d 09 ff 00 52 09 6b 0a 39 09 fe 00 53 09 6b 0a 38 09 ff  |.Q.a.@...R.e.=...R.k.9...S.k.8..|
2026-10-02T17:21:32.599  D>H  00 53 09 6f 0a 37 09 f9 00 54 09 74 0a 31 09 f7 00 54 09 74 0a 30 09 f7 00 54 09 74 0a 2a 09 ef  |.S.o.7...T.t.1...T.t.0...T.t.*..|
2026-10-02T17:21:32.599  D>H  00 54 09 74 0a 26 09 ef 00 54 09 74 0a 28 09 ef 00 54 09 6b 0a 28 09 e9 00 54 09 6b 0a 28 09 ee  |.T.t.&...T.t.(...T.k.(...T.k.(..|
2026-10-02T17:21:32.599  D>H  00 54 09 6b 0a 28 09 ef 00 54 09 6b 0a 23 09 eb 00 54 09 6b 0a 20 09 e6 00 54 09 6b 0a 21 09 e6  |.T.k.(...T.k.#...T.k. ...T.k.!..|
2026-10-02T17:21:32.599  D>H  00 54 09 6a 0a 24 09 e6 00 54 09 63 0a 22 09 e6 00 54 09 63 0a 27 09 e5 00 54 09 5c 0a 28 09 e3  |.T.j.$...T.c."...T.c.'...T.\.(..|
2026-10-02T17:21:32.599  D>H  00 54 09 5b 0a 23 09 e0 00 54 09 5b 0a 20 09 de 00 53 09 57 0a 20 09 d8 00 53 09 54 0a 18 09 d6  |.T.[.#...T.[. ...S.W. ...S.T....|
2026-10-02T17:21:32.599  D>H  00 53 09 54 0a 18 09 d6 00 53 09 59 0a 18 09 d6 00 53 09 53 0a 18 09 d6 00 54 09 53 0a 18 09 d7  |.S.T.....S.Y.....S.S.....T.S....|
2026-10-02T17:21:32.599  D>H  3a 24                                                                                            |:$|
2026-10-02T17:21:33.465  H>D  06                                                                                               |.|
2026-10-02T17:21:33.533  D>H  00 54 09 56 0a 18 09 d6 00 54 09 53 0a 10 09 d5 00 54 09 53 0a 10 09 cf 00 54 09 53 0a 0f 09 ce  |.T.V.....T.S.....T.S.....T.S....|
2026-10-02T17:21:33.533  D>H  00 55 09 53 0a 08 09 cb 00 54 09 4c 0a 07 09 c6 00 54 09 4b 0a 05 09 c3 00 54 09 48 0a 07 09 c3  |.U.S.....T.L.....T.K.....T.H....|
2026-10-02T17:21:33.533  D>H  00 54 09 44 0a 07 09 c4 00 54 09 43 0a 07 09 c4 00 54 09 43 0a 07 09 c6 00 55 09 44 0a 00 09 c0  |.T.D.....T.C.....T.C.....U.D....|
2026-10-02T17:21:33.533  D>H  00 55 09 45 09 ff 09 bd 00 55 09 43 09 f7 09 b5 00 55 09 44 09 f7 09 b5 00 55 09 42 09 ef 09 b2  |.U.E.....U.C.....U.D.....U.B....|
2026-10-02T17:21:33.533  D>H  00 55 09 42 09 ef 09 ad 00 55 09 3f 09 ec 09 ad 00 55 09 40 09 e8 09 ad 00 55 09 3f 09 e6 09 ad  |.U.B.....U.?.....U.@.....U.?....|
2026-10-02T17:21:33.533  D>H  00 56 09 3b 09 e7 09 ad 00 56 09 3a 09 e6 09 ad 00 56 09 3a 09 e7 09 ab 00 56 09 3a 09 e6 09 a6  |.V.;.....V.:.....V.:.....V.:....|
2026-10-02T17:21:33.533  D>H  00 56 09 36 09 e6 09 a8 00 56 09 35 09 e6 09 a5 00 56 09 34 09 e6 09 a5 00 56 09 33 09 e5 09 a5  |.V.6.....V.5.....V.4.....V.3....|
2026-10-02T17:21:33.533  D>H  00 56 09 32 09 e3 09 a4 00 56 09 32 09 e3 09 a2 00 56 09 32 09 de 09 9d 00 56 09 31 09 de 09 9d  |.V.2.....V.2.....V.2.....V.1....|
2026-10-02T17:21:33.533  D>H  3f 98                                                                                            |?.|
2026-10-02T17:21:34.394  H>D  06                                                                                               |.|
2026-10-02T17:21:34.460  D>H  00 56 09 30 09 d6 09 9b 00 56 09 2b 09 d6 09 96 00 56 09 2a 09 d6 09 97 00 56 09 2a 09 d6 09 95  |.V.0.....V.+.....V.*.....V.*....|
2026-10-02T17:21:34.460  D>H  00 56 09 2a 09 d6 09 96 00 56 09 2a 09 d7 09 9c 00 56 09 2e 09 d6 09 9c 00 56 09 2d 09 d6 09 9d  |.V.*.....V.*.....V.......V.-....|
2026-10-02T17:21:34.460  D>H  00 56 09 2f 09 d6 09 9d 00 56 09 2e 09 d6 09 9d 00 56 09 30 09 d6 09 98 00 57 09 32 09 d3 09 97  |.V./.....V.......V.0.....W.2....|
2026-10-02T17:21:34.460  D>H  00 57 09 32 09 d1 09 94 00 57 09 32 09 ce 09 94 00 57 09 32 09 ce 09 94 00 57 09 32 09 ce 09 94  |.W.2.....W.2.....W.2.....W.2....|
2026-10-02T17:21:34.460  D>H  00 57 09 30 09 ce 09 94 00 57 09 2b 09 ce 09 94 00 57 09 2a 09 cd 09 94 00 57 09 2a 09 ce 09 93  |.W.0.....W.+.....W.*.....W.*....|
2026-10-02T17:21:34.460  D>H  00 57 09 2a 09 ce 09 94 00 57 09 2a 09 ce 09 94 00 57 09 2a 09 ce 09 94 00 57 09 29 09 ce 09 92  |.W.*.....W.*.....W.*.....W.)....|
2026-10-02T17:21:34.460  D>H  00 57 09 22 09 cc 09 90 00 57 09 22 09 c6 09 8c 00 57 09 22 09 c1 09 84 00 57 09 21 09 bd 09 83  |.W.".....W.".....W.".....W.!....|
2026-10-02T17:21:34.460  D>H  00 57 09 1f 09 bb 09 7c 00 57 09 1d 09 b5 09 7b 00 57 09 19 09 b5 09 7b 00 57 09 19 09 b5 09 79  |.W.....|.W.....{.W.....{.W.....y|
2026-10-02T17:21:34.460  D>H  3f 2b                                                                                            |?+|
2026-10-02T17:21:35.311  H>D  06                                                                                               |.|
2026-10-02T17:21:35.380  D>H  00 57 09 15 09 ae 09 75 00 57 09 14 09 b0 09 74 00 57 09 14 09 ad 09 74 00 57 09 11 09 ad 09 70  |.W.....u.W.....t.W.....t.W.....p|
2026-10-02T17:21:35.380  D>H  00 58 09 13 09 a7 09 6c 00 58 09 11 09 a6 09 6b 00 58 09 11 09 a2 09 6b 00 58 09 11 09 9e 09 67  |.X.....l.X.....k.X.....k.X.....g|
2026-10-02T17:21:35.380  D>H  00 58 09 11 09 9d 09 64 00 58 09 0e 09 9d 09 63 00 58 09 0d 09 9d 09 63 00 58 09 0a 09 9d 09 63  |.X.....d.X.....c.X.....c.X.....c|
2026-10-02T17:21:35.380  D>H  00 58 09 09 09 9c 09 63 00 58 09 09 09 95 09 62 00 58 09 09 09 94 09 5b 00 58 09 09 09 94 09 5b  |.X.....c.X.....b.X.....[.X.....[|
2026-10-02T17:21:35.380  D>H  00 58 09 09 09 91 09 5b 00 58 09 07 09 93 09 5b 00 58 09 07 09 8c 09 5c 00 58 09 09 09 8c 09 5e  |.X.....[.X.....[.X.....\.X.....^|
2026-10-02T17:21:35.380  D>H  00 58 09 09 09 8c 09 5d 00 58 09 09 09 8b 09 5c 00 58 09 08 09 8c 09 60 00 58 09 07 09 8f 09 63  |.X.....].X.....\.X.....`.X.....c|
2026-10-02T17:21:35.380  D>H  00 58 09 09 09 94 09 67 00 58 09 03 09 94 09 6a 00 58 09 03 09 98 09 64 00 58 09 01 09 9c 09 64  |.X.....g.X.....j.X.....d.X.....d|
2026-10-02T17:21:35.380  D>H  00 58 09 03 09 9d 09 69 00 58 09 02 09 9d 09 69 00 58 09 01 09 9d 09 6a 00 59 09 01 09 9d 09 6b  |.X.....i.X.....i.X.....j.Y.....k|
2026-10-02T17:21:35.380  D>H  2f 9d                                                                                            |/.|
2026-10-02T17:21:36.229  H>D  06                                                                                               |.|
2026-10-02T17:21:36.296  D>H  00 59 09 02 09 9d 09 67 00 59 09 01 09 9e 09 63 00 59 09 01 09 9e 09 65 00 59 09 01 09 9d 09 63  |.Y.....g.Y.....c.Y.....e.Y.....c|
2026-10-02T17:21:36.296  D>H  00 59 09 01 09 9d 09 63 00 59 09 01 09 9b 09 5c 00 59 09 01 09 9a 09 5b 00 59 09 01 09 9c 09 5b  |.Y.....c.Y.....\.Y.....[.Y.....[|
2026-10-02T17:21:36.296  D>H  00 59 09 01 09 9b 09 5d 00 59 09 01 09 9c 09 5b 00 59 09 01 09 9a 09 5b 00 59 08 ff 09 94 09 5b  |.Y.....].Y.....[.Y.....[.Y.....[|
2026-10-02T17:21:36.296  D>H  00 59 09 00 09 94 09 5b 00 59 09 01 09 94 09 59 00 59 09 01 09 94 09 58 00 59 09 01 09 94 09 58  |.Y.....[.Y.....Y.Y.....X.Y.....X|
2026-10-02T17:21:36.296  D>H  00 59 09 01 09 94 09 58 00 59 09 01 09 90 09 57 00 59 09 01 09 8f 09 54 00 5a 09 01 09 8d 09 53  |.Y.....X.Y.....W.Y.....T.Z.....S|
2026-10-02T17:21:36.296  D>H  00 59 08 fc 09 8c 09 53 00 59 08 f9 09 8c 09 52 00 59 08 fa 09 8c 09 4e 00 59 08 fb 09 86 09 4b  |.Y.....S.Y.....R.Y.....N.Y.....K|
2026-10-02T17:21:36.296  D>H  00 59 08 f9 09 84 09 48 00 5a 08 fc 09 80 09 44 00 5a 08 f9 09 7c 09 44 00 5a 08 f9 09 7c 09 42  |.Y.....H.Z.....D.Z...|.D.Z...|.B|
2026-10-02T17:21:36.296  D>H  00 5a 08 f9 09 76 09 42 00 59 08 f8 09 78 09 3b 00 5a 08 f9 09 74 09 3f 00 5a 08 f9 09 74 09 42  |.Z...v.B.Y...x.;.Z...t.?.Z...t.B|
2026-10-02T17:21:36.296  D>H  37 92                                                                                            |7.|
2026-10-02T17:21:37.148  H>D  06                                                                                               |.|
2026-10-02T17:21:37.214  D>H  00 5a 08 f9 09 73 09 3b 00 5a 08 ff 09 74 09 3c 00 5a 09 01 09 74 09 42 00 5a 09 01 09 74 09 42  |.Z...s.;.Z...t.<.Z...t.B.Z...t.B|
2026-10-02T17:21:37.214  D>H  00 5b 09 01 09 74 09 42 00 5b 08 fa 09 74 09 42 00 5b 08 f9 09 7c 09 42 00 5b 08 f9 09 7c 09 43  |.[...t.B.[...t.B.[...|.B.[...|.C|
2026-10-02T17:21:37.214  D>H  00 5b 08 f9 09 7c 09 42 00 5b 08 f9 09 7c 09 42 00 5b 08 f9 09 7c 09 42 00 5b 08 f9 09 7b 09 3f  |.[...|.B.[...|.B.[...|.B.[...{.?|
2026-10-02T17:21:37.214  D>H  00 5b 08 f9 09 7c 09 3b 00 5b 08 f9 09 7c 09 3d 00 5b 08 f9 09 7c 09 42 00 5b 08 f9 09 7c 09 42  |.[...|.;.[...|.=.[...|.B.[...|.B|
2026-10-02T17:21:37.214  D>H  00 5b 08 f8 09 7b 09 42 00 5b 08 f6 09 78 09 41 00 5b 08 f1 09 76 09 3e 00 5b 08 f1 09 74 09 3b  |.[...{.B.[...x.A.[...v.>.[...t.;|
2026-10-02T17:21:37.214  D>H  00 5b 08 f2 09 6d 09 3a 00 5b 08 f0 09 6b 09 36 00 5b 08 f0 09 6b 09 32 00 5b 08 f0 09 6b 09 32  |.[...m.:.[...k.6.[...k.2.[...k.2|
2026-10-02T17:21:37.214  D>H  00 5b 08 f0 09 66 09 2d 00 5b 08 f0 09 64 09 2d 00 5b 08 ee 09 66 09 2e 00 5c 08 ed 09 64 09 30  |.[...f.-.[...d.-.[...f...\...d.0|
2026-10-02T17:21:37.214  D>H  00 5c 08 ed 09 63 09 2f 00 5c 08 f0 09 64 09 2f 00 5c 08 ed 09 63 09 2a 00 5c 08 eb 09 60 09 2a  |.\...c./.\...d./.\...c.*.\...`.*|
2026-10-02T17:21:37.214  D>H  3f cb                                                                                            |?.|
2026-10-02T17:21:38.065  H>D  06                                                                                               |.|
2026-10-02T17:21:38.132  D>H  00 5c 08 ee 09 5b 09 27 00 5c 08 f0 09 5d 09 2a 00 5c 08 ee 09 5c 09 2a 00 5c 08 ee 09 5b 09 2a  |.\...[.'.\...].*.\...\.*.\...[.*|
2026-10-02T17:21:38.132  D>H  00 5c 08 ee 09 5b 09 26 00 5c 08 e8 09 5b 09 24 00 5c 08 e8 09 5b 09 24 00 5c 08 e8 09 5b 09 25  |.\...[.&.\...[.$.\...[.$.\...[.%|
2026-10-02T17:21:38.132  D>H  00 5c 08 e8 09 5f 09 27 00 5c 08 e9 09 63 09 28 00 5d 08 e9 09 63 09 2a 00 5c 08 e8 09 62 09 28  |.\..._.'.\...c.(.]...c.*.\...b.(|
2026-10-02T17:21:38.132  D>H  00 5d 08 e8 09 63 09 28 00 5d 08 e8 09 5d 09 26 00 5c 08 e8 09 5b 09 22 00 5c 08 e8 09 5a 09 20  |.]...c.(.]...].&.\...[.".\...Z. |
2026-10-02T17:21:38.132  D>H  00 5c 08 e7 09 53 09 1f 00 5c 08 e4 09 52 09 19 00 5c 08 e3 09 4b 09 18 00 5d 08 e8 09 4c 09 19  |.\...S...\...R...\...K...]...L..|
2026-10-02T17:21:38.132  D>H  00 5d 08 e8 09 4b 09 19 00 5d 08 e8 09 51 09 19 00 5d 08 e8 09 4f 09 1a 00 5d 08 e7 09 50 09 19  |.]...K...]...Q...]...O...]...P..|
2026-10-02T17:21:38.132  D>H  00 5d 08 e6 09 53 09 19 00 5d 08 e0 09 53 09 1c 00 5d 08 e3 09 53 09 1a 00 5d 08 e2 09 4f 09 19  |.]...S...]...S...]...S...]...O..|
2026-10-02T17:21:38.132  D>H  00 5d 08 e1 09 4b 09 15 00 5c 08 e3 09 48 09 11 00 5c 08 e1 09 42 09 11 00 5c 08 e1 09 3d 09 0f  |.]...K...\...H...\...B...\...=..|
2026-10-02T17:21:38.132  D>H  3a 42                                                                                            |:B|
2026-10-02T17:21:38.985  H>D  06                                                                                               |.|
2026-10-02T17:21:39.053  D>H  00 5d 08 e4 09 3a 09 0e 00 5d 08 e5 09 3b 09 11 00 5d 08 e8 09 40 09 11 00 5d 08 e8 09 41 09 12  |.]...:...]...;...]...@...]...A..|
2026-10-02T17:21:39.053  D>H  00 5d 08 e8 09 42 09 13 00 5d 08 e8 09 42 09 12 00 5d 08 e5 09 42 09 11 00 5d 08 e4 09 42 09 11  |.]...B...]...B...]...B...]...B..|
2026-10-02T17:21:39.053  D>H  00 5d 08 e6 09 44 09 11 00 5d 08 e8 09 48 09 11 00 5d 08 e8 09 4a 09 13 00 5e 08 e8 09 4b 09 15  |.]...D...]...H...]...J...^...K..|
2026-10-02T17:21:39.053  D>H  00 5d 08 e9 09 50 09 18 00 5e 08 e8 09 53 09 19 00 5e 08 e9 09 53 09 19 00 5e 08 e9 09 53 09 19  |.]...P...^...S...^...S...^...S..|
2026-10-02T17:21:39.053  D>H  00 5e 08 e9 09 53 09 1a 00 5e 08 ef 09 53 09 1b 00 5e 08 f0 09 54 09 1b 00 5e 08 f0 09 54 09 20  |.^...S...^...S...^...T...^...T. |
2026-10-02T17:21:39.053  D>H  00 5e 08 ee 09 53 09 1f 00 5e 08 ed 09 53 09 20 00 5e 08 ef 09 53 09 20 00 5e 08 f0 09 51 09 1c  |.^...S...^...S. .^...S. .^...Q..|
2026-10-02T17:21:39.053  D>H  00 5e 08 ee 09 50 09 1a 00 5f 08 e8 09 4b 09 19 00 5f 08 e8 09 4b 09 12 00 5f 08 e9 09 43 09 11  |.^...P..._...K..._...K..._...C..|
2026-10-02T17:21:39.053  D>H  00 5f 08 ef 09 42 09 11 00 5f 08 eb 09 42 09 11 00 5f 08 e8 09 42 09 11 00 60 08 e8 09 42 09 11  |._...B..._...B..._...B...`...B..|
2026-10-02T17:21:39.053  D>H  38 1e                                                                                            |8.|
2026-10-02T17:21:39.915  H>D  06                                                                                               |.|
2026-10-02T17:21:39.981  D>H  00 60 08 e7 09 42 09 11 00 60 08 e8 09 44 09 11 00 60 08 e8 09 43 09 11 00 60 08 e8 09 42 09 11  |.`...B...`...D...`...C...`...B..|
2026-10-02T17:21:39.981  D>H  00 60 08 e7 09 40 09 0b 00 5f 08 e7 09 40 09 09 00 5f 08 e0 09 3a 09 05 00 5f 08 e0 09 39 09 01  |.`...@..._...@..._...:..._...9..|
2026-10-02T17:21:39.981  D>H  00 5f 08 e0 09 32 09 01 00 5f 08 df 09 32 09 01 00 60 08 df 09 32 08 fe 00 60 08 d8 09 32 08 ff  |._...2..._...2...`...2...`...2..|
2026-10-02T17:21:39.981  D>H  00 5f 08 d8 09 30 08 fc 00 60 08 d8 09 32 08 fb 00 5f 08 d8 09 2e 08 f9 00 5f 08 d2 09 2a 08 f9  |._...0...`...2..._......._...*..|
2026-10-02T17:21:39.981  D>H  00 5f 08 d2 09 2a 08 f7 00 60 08 d4 09 29 08 f8 00 5f 08 d6 09 22 08 f2 00 5f 08 d3 09 22 08 f0  |._...*...`...)..._..."..._..."..|
2026-10-02T17:21:39.981  D>H  00 60 08 d0 09 20 08 f0 00 60 08 d1 09 22 08 f0 00 60 08 d0 09 22 08 f0 00 60 08 d5 09 22 08 f0  |.`... ...`..."...`..."...`..."..|
2026-10-02T17:21:39.981  D>H  00 60 08 d8 09 22 08 f1 00 60 08 d8 09 22 08 f0 00 60 08 d3 09 22 08 f0 00 60 08 d3 09 22 08 f0  |.`..."...`..."...`..."...`..."..|
2026-10-02T17:21:39.981  D>H  00 60 08 d8 09 22 08 f0 00 60 08 d6 09 22 08 f0 00 60 08 d7 09 22 08 f0 00 60 08 d5 09 20 08 ee  |.`..."...`..."...`..."...`... ..|
2026-10-02T17:21:39.981  D>H  45 62                                                                                            |Eb|
2026-10-02T17:21:40.835  H>D  06                                                                                               |.|
2026-10-02T17:21:40.908  D>H  00 60 08 d7 09 21 08 f0 00 60 08 d5 09 20 08 ee 00 60 08 d2 09 1b 08 ed 00 60 08 d0 09 1a 08 ea  |.`...!...`... ...`.......`......|
2026-10-02T17:21:40.908  D>H  00 60 08 d0 09 19 08 e9 00 60 08 d0 09 19 08 e9 00 60 08 cd 09 19 08 e8 00 60 08 cb 09 17 08 e8  |.`.......`.......`.......`......|
2026-10-02T17:21:40.908  D>H  00 60 08 ca 09 16 08 e8 00 60 08 c7 09 15 08 e8 00 61 08 c7 09 19 08 e8 00 61 08 c7 09 19 08 e8  |.`.......`.......a.......a......|
2026-10-02T17:21:40.908  D>H  00 61 08 c7 09 1a 08 e8 00 61 08 c7 09 19 08 e9 00 61 08 c7 09 19 08 e8 00 61 08 c7 09 19 08 e8  |.a.......a.......a.......a......|
2026-10-02T17:21:40.908  D>H  00 61 08 ce 09 19 08 e8 00 61 08 d1 09 19 08 e8 00 61 08 d0 09 19 08 e9 00 61 08 cf 09 19 08 e8  |.a.......a.......a.......a......|
2026-10-02T17:21:40.908  D>H  00 61 08 cc 09 19 08 e7 00 61 08 d0 09 19 08 e8 00 61 08 d0 09 19 08 e8 00 61 08 d0 09 19 08 e8  |.a.......a.......a.......a......|
2026-10-02T17:21:40.908  D>H  00 61 08 cd 09 19 08 e3 00 61 08 cc 09 18 08 e6 00 61 08 cf 09 19 08 e1 00 61 08 d0 09 19 08 e8  |.a.......a.......a.......a......|
2026-10-02T17:21:40.908  D>H  00 61 08 d0 09 19 08 e8 00 61 08 d0 09 17 08 e5 00 61 08 d0 09 12 08 e3 00 61 08 d2 09 12 08 e3  |.a.......a.......a.......a......|
2026-10-02T17:21:40.908  D>H  49 01                                                                                            |I.|
2026-10-02T17:21:41.765  H>D  06                                                                                               |.|
2026-10-02T17:21:41.832  D>H  00 61 08 d0 09 11 08 e3 00 61 08 d0 09 11 08 e0 00 61 08 d0 09 11 08 e1 00 61 08 d3 09 0e 08 e3  |.a.......a.......a.......a......|
2026-10-02T17:21:41.832  D>H  00 61 08 d0 09 0f 08 e1 00 61 08 d0 09 09 08 e0 00 61 08 d0 09 0a 08 e0 00 61 08 d4 09 0a 08 e0  |.a.......a.......a.......a......|
2026-10-02T17:21:41.832  D>H  00 61 08 d0 09 09 08 e0 00 61 08 d0 09 09 08 e0 00 61 08 d0 09 09 08 e0 00 61 08 d0 09 09 08 e0  |.a.......a.......a.......a......|
2026-10-02T17:21:41.832  D>H  00 61 08 d0 09 04 08 dd 00 61 08 c8 09 02 08 e0 00 61 08 c7 09 04 08 e0 00 62 08 c7 09 03 08 e0  |.a.......a.......a.......b......|
2026-10-02T17:21:41.832  D>H  00 62 08 c8 09 09 08 e0 00 62 08 c7 09 08 08 e0 00 62 08 c7 09 09 08 de 00 62 08 c7 09 06 08 d9  |.b.......b.......b.......b......|
2026-10-02T17:21:41.832  D>H  00 62 08 c5 09 01 08 d8 00 62 08 bf 09 01 08 d8 00 62 08 bf 09 01 08 d8 00 62 08 bf 08 ff 08 d4  |.b.......b.......b.......b......|
2026-10-02T17:21:41.832  D>H  00 62 08 bf 08 fc 08 d0 00 62 08 c6 08 f9 08 d0 00 61 08 bf 08 f5 08 d0 00 62 08 c3 08 f3 08 d0  |.b.......b.......a.......b......|
2026-10-02T17:21:41.832  D>H  00 61 08 c7 08 f3 08 d0 00 61 08 c7 08 f6 08 d1 00 61 08 c7 08 f9 08 d7 00 61 08 c7 08 f9 08 d7  |.a.......a.......a.......a......|
2026-10-02T17:21:41.832  D>H  4d 51                                                                                            |MQ|
2026-10-02T17:21:42.695  H>D  06                                                                                               |.|
2026-10-02T17:21:42.763  D>H  00 61 08 c7 08 f9 08 d8 00 62 08 c7 08 f9 08 d2 00 62 08 c6 08 f9 08 d0 00 62 08 c7 08 f6 08 d0  |.a.......b.......b.......b......|
2026-10-02T17:21:42.763  D>H  00 62 08 c7 08 f9 08 d0 00 62 08 c4 08 f8 08 d0 00 62 08 c1 08 f1 08 d0 00 62 08 bf 08 f0 08 d0  |.b.......b.......b.......b......|
2026-10-02T17:21:42.763  D>H  00 62 08 bf 08 f0 08 cb 00 62 08 bf 08 ef 08 cf 00 62 08 bf 08 f0 08 ce 00 62 08 c1 08 f0 08 d0  |.b.......b.......b.......b......|
2026-10-02T17:21:42.763  D>H  00 62 08 c0 08 ef 08 d0 00 62 08 bf 08 f0 08 d0 00 62 08 c0 08 f0 08 d0 00 62 08 bf 08 f0 08 d0  |.b.......b.......b.......b......|
2026-10-02T17:21:42.763  D>H  00 62 08 bf 08 f0 08 cf 00 62 08 c1 08 f0 08 d0 00 62 08 c7 08 f5 08 d0 00 62 08 c7 08 f6 08 d1  |.b.......b.......b.......b......|
2026-10-02T17:21:42.763  D>H  00 62 08 c7 08 f9 08 d2 00 62 08 c0 08 f2 08 d0 00 62 08 bd 08 f0 08 c7 00 62 08 b7 08 ee 08 c1  |.b.......b.......b.......b......|
2026-10-02T17:21:42.763  D>H  00 62 08 b7 08 e8 08 bf 00 62 08 b9 08 e8 08 bf 00 62 08 b7 08 e8 08 bf 00 62 08 b0 08 e5 08 bf  |.b.......b.......b.......b......|
2026-10-02T17:21:42.763  D>H  00 62 08 af 08 e1 08 bf 00 62 08 af 08 e6 08 bf 00 63 08 af 08 e8 08 bf 00 63 08 af 08 e8 08 c1  |.b.......b.......c.......c......|
2026-10-02T17:21:42.763  D>H  5e 5e                                                                                            |^^|
2026-10-02T17:21:43.635  H>D  06                                                                                               |.|
2026-10-02T17:21:43.702  D>H  00 63 08 af 08 e8 08 c0 00 63 08 b1 08 e8 08 c3 00 63 08 b1 08 e8 08 bf 00 63 08 af 08 e8 08 bf  |.c.......c.......c.......c......|
2026-10-02T17:21:43.702  D>H  00 63 08 af 08 e7 08 bf 00 63 08 af 08 e7 08 bf 00 63 08 b2 08 e8 08 bf 00 63 08 b1 08 e1 08 bf  |.c.......c.......c.......c......|
2026-10-02T17:21:43.702  D>H  00 63 08 af 08 e0 08 be 00 63 08 af 08 e0 08 b9 00 63 08 af 08 e0 08 b9 00 63 08 af 08 e0 08 be  |.c.......c.......c.......c......|
2026-10-02T17:21:43.702  D>H  00 63 08 af 08 e1 08 bf 00 63 08 a8 08 e4 08 bf 00 63 08 a7 08 e8 08 be 00 63 08 a7 08 e6 08 be  |.c.......c.......c.......c......|
2026-10-02T17:21:43.702  D>H  00 63 08 ae 08 e4 08 bf 00 63 08 af 08 e1 08 bf 00 63 08 b5 08 e1 08 bc 00 63 08 af 08 e0 08 bb  |.c.......c.......c.......c......|
2026-10-02T17:21:43.702  D>H  00 63 08 af 08 e0 08 b7 00 63 08 af 08 df 08 b7 00 63 08 af 08 da 08 b6 00 63 08 af 08 d8 08 b6  |.c.......c.......c.......c......|
2026-10-02T17:21:43.702  D>H  00 63 08 af 08 d8 08 b6 00 63 08 ad 08 d8 08 b1 00 63 08 ae 08 d4 08 b3 00 63 08 ae 08 d4 08 af  |.c.......c.......c.......c......|
2026-10-02T17:21:43.702  D>H  00 63 08 af 08 d8 08 b0 00 63 08 af 08 d7 08 b5 00 63 08 af 08 d6 08 b7 00 63 08 ac 08 d3 08 b3  |.c.......c.......c.......c......|
2026-10-02T17:21:43.702  D>H  58 6d                                                                                            |Xm|
2026-10-02T17:21:44.564  H>D  06                                                                                               |.|
2026-10-02T17:21:44.633  D>H  00 63 08 a9 08 d5 08 b2 00 63 08 aa 08 d5 08 b3 00 63 08 ac 08 d1 08 b0 00 63 08 a7 08 d0 08 af  |.c.......c.......c.......c......|
2026-10-02T17:21:44.633  D>H  00 63 08 a7 08 d1 08 af 00 63 08 a4 08 d0 08 b0 00 63 08 a6 08 cf 08 af 00 63 08 a7 08 cf 08 af  |.c.......c.......c.......c......|
2026-10-02T17:21:44.633  D>H  00 63 08 ae 08 d0 08 af 00 63 08 af 08 d0 08 b2 00 63 08 b1 08 d4 08 b7 00 64 08 af 08 d6 08 b7  |.c.......c.......c.......d......|
2026-10-02T17:21:44.633  D>H  00 64 08 af 08 d8 08 b7 00 64 08 af 08 d9 08 b7 00 64 08 af 08 d8 08 b7 00 64 08 af 08 d8 08 b7  |.d.......d.......d.......d......|
2026-10-02T17:21:44.633  D>H  00 64 08 aa 08 d8 08 b7 00 64 08 ab 08 d3 08 b4 00 64 08 a9 08 d0 08 af 00 64 08 ae 08 d0 08 af  |.d.......d.......d.......d......|
2026-10-02T17:21:44.633  D>H  00 64 08 ac 08 d0 08 b1 00 63 08 a7 08 d0 08 af 00 63 08 af 08 cf 08 af 00 63 08 af 08 d0 08 b0  |.d.......c.......c.......c......|
2026-10-02T17:21:44.633  D>H  00 64 08 ad 08 d0 08 b5 00 64 08 a9 08 d0 08 b6 00 64 08 ad 08 d0 08 b7 00 64 08 af 08 d1 08 b7  |.d.......d.......d.......d......|
2026-10-02T17:21:44.633  D>H  00 64 08 af 08 d0 08 b7 00 64 08 b1 08 d7 08 b7 00 64 08 b6 08 d8 08 b7 00 64 08 af 08 d8 08 b7  |.d.......d.......d.......d......|
2026-10-02T17:21:44.633  D>H  55 bd                                                                                            |U.|
2026-10-02T17:21:45.483  H>D  06                                                                                               |.|
2026-10-02T17:21:45.549  D>H  00 64 08 af 08 d7 08 b5 00 64 08 ae 08 d8 08 af 00 64 08 a9 08 d8 08 af 00 64 08 a7 08 d7 08 af  |.d.......d.......d.......d......|
2026-10-02T17:21:45.549  D>H  00 64 08 a7 08 d5 08 af 00 64 08 a7 08 d0 08 af 00 64 08 a7 08 d0 08 af 00 64 08 a6 08 d0 08 af  |.d.......d.......d.......d......|
2026-10-02T17:21:45.549  D>H  00 64 08 a0 08 d0 08 af 00 64 08 a6 08 d0 08 af 00 64 08 a7 08 d0 08 af 00 64 08 a7 08 cd 08 af  |.d.......d.......d.......d......|
2026-10-02T17:21:45.549  D>H  00 64 08 a7 08 c9 08 ad 00 64 08 a9 08 c9 08 af 00 64 08 aa 08 c9 08 ae 00 64 08 a5 08 c8 08 ae  |.d.......d.......d.......d......|
2026-10-02T17:21:45.549  D>H  00 64 08 a4 08 cb 08 aa 00 64 08 a7 08 ce 08 ad 00 64 08 a7 08 ce 08 af 00 64 08 a7 08 cc 08 ab  |.d.......d.......d.......d......|
2026-10-02T17:21:45.549  D>H  00 64 08 a7 08 cc 08 ae 00 64 08 ae 08 cd 08 ad 00 64 08 af 08 d0 08 ae 00 64 08 af 08 d0 08 af  |.d.......d.......d.......d......|
2026-10-02T17:21:45.549  D>H  00 64 08 af 08 d2 08 b0 00 64 08 af 08 d1 08 af 00 64 08 a7 08 d0 08 af 00 64 08 a7 08 cb 08 a7  |.d.......d.......d.......d......|
2026-10-02T17:21:45.549  D>H  00 64 08 a6 08 c7 08 a7 00 64 08 a7 08 c7 08 a7 00 64 08 a2 08 c4 08 a4 00 64 08 a5 08 c4 08 a7  |.d.......d.......d.......d......|
2026-10-02T17:21:45.549  D>H  53 f3                                                                                            |S.|
2026-10-02T17:21:46.398  H>D  06                                                                                               |.|
2026-10-02T17:21:46.464  D>H  00 64 08 a6 08 c7 08 ab 00 64 08 a6 08 c4 08 af 00 64 08 a0 08 c4 08 af 00 64 08 a6 08 c7 08 af  |.d.......d.......d.......d......|
2026-10-02T17:21:46.464  D>H  00 64 08 ad 08 d0 08 af 00 64 08 af 08 d4 08 b7 00 64 08 af 08 d8 08 b7 00 64 08 ab 08 d7 08 b7  |.d.......d.......d.......d......|
2026-10-02T17:21:46.464  D>H  00 64 08 aa 08 d2 08 b6 00 64 08 a9 08 d6 08 b0 00 64 08 a7 08 d2 08 b0 00 64 08 a8 08 d0 08 af  |.d.......d.......d.......d......|
2026-10-02T17:21:46.464  D>H  00 64 08 a7 08 d0 08 af 00 64 08 a1 08 d0 08 af 00 64 08 9f 08 c8 08 ae 00 64 08 a4 08 c7 08 af  |.d.......d.......d.......d......|
2026-10-02T17:21:46.464  D>H  00 64 08 a4 08 c6 08 af 00 64 08 a7 08 c2 08 af 00 64 08 a7 08 c0 08 af 00 64 08 a7 08 c1 08 b2  |.d.......d.......d.......d......|
2026-10-02T17:21:46.464  D>H  00 64 08 a7 08 c0 08 b4 00 64 08 a8 08 c0 08 b7 00 64 08 a9 08 c0 08 b7 00 64 08 a8 08 c0 08 b7  |.d.......d.......d.......d......|
2026-10-02T17:21:46.464  D>H  00 64 08 af 08 c7 08 bf 00 64 08 af 08 cb 08 bf 00 64 08 af 08 ca 08 c4 00 64 08 af 08 cb 08 c7  |.d.......d.......d.......d......|
2026-10-02T17:21:46.464  D>H  00 64 08 af 08 cc 08 c6 00 64 08 af 08 cd 08 c6 00 64 08 af 08 d0 08 c7 00 64 08 b2 08 d0 08 c7  |.d.......d.......d.......d......|
2026-10-02T17:21:46.464  D>H  54 bb                                                                                            |T.|
2026-10-02T17:21:47.328  H>D  06                                                                                               |.|
2026-10-02T17:21:47.396  D>H  00 64 08 af 08 d1 08 c7 00 64 08 b5 08 d3 08 cd 00 64 08 b6 08 d7 08 d0 00 64 08 b7 08 d8 08 d2  |.d.......d.......d.......d......|
2026-10-02T17:21:47.396  D>H  00 64 08 b7 08 e0 08 d0 00 64 08 b5 08 e0 08 d1 00 64 08 b3 08 e0 08 d1 00 64 08 b5 08 e0 08 d4  |.d.......d.......d.......d......|
2026-10-02T17:21:47.396  D>H  00 64 08 b7 08 e0 08 d5 00 64 08 b7 08 e2 08 d7 00 64 08 b6 08 e6 08 d8 00 64 08 b9 08 e8 08 d8  |.d.......d.......d.......d......|
2026-10-02T17:21:47.396  D>H  00 64 08 b8 08 e8 08 db 00 64 08 b7 08 ee 08 e0 00 64 08 b7 08 ec 08 e0 00 64 08 bd 08 f0 08 e0  |.d.......d.......d.......d......|
2026-10-02T17:21:47.396  D>H  00 64 08 bf 08 f0 08 e2 00 64 08 bf 08 f0 08 e3 00 64 08 c1 08 f0 08 e8 00 64 08 c2 08 f6 08 ed  |.d.......d.......d.......d......|
2026-10-02T17:21:47.396  D>H  00 64 08 c7 08 f9 08 ec 00 64 08 c9 08 f9 08 f0 00 64 08 cf 09 00 08 f7 00 64 08 d4 09 01 08 ff  |.d.......d.......d.......d......|
2026-10-02T17:21:47.396  D>H  00 64 08 d5 09 09 09 07 00 64 08 d6 09 10 09 09 00 64 08 d8 09 12 09 09 00 64 08 e0 09 18 09 09  |.d.......d.......d.......d......|
2026-10-02T17:21:47.396  D>H  00 63 08 e8 09 1b 09 1f 00 63 08 e8 09 22 09 3e 00 63 08 e5 09 22 09 43 00 63 08 e0 09 22 09 35  |.c.......c...".>.c...".C.c...".5|
2026-10-02T17:21:47.396  D>H  52 67                                                                                            |Rg|
2026-10-02T17:21:48.249  H>D  06                                                                                               |.|
2026-10-02T17:21:48.316  D>H  00 63 08 e0 09 27 09 2b 00 63 08 e0 09 2a 09 24 00 62 08 e1 09 2a 09 22 00 62 08 e2 09 2a 09 25  |.c...'.+.c...*.$.b...*.".b...*.%|
2026-10-02T17:21:48.316  D>H  00 62 08 e7 09 2b 09 2a 00 62 08 e7 09 2c 09 2b 00 62 08 e8 09 2b 09 34 00 62 08 e8 09 2f 09 3e  |.b...+.*.b...,.+.b...+.4.b.../.>|
2026-10-02T17:21:48.316  D>H  00 62 08 e8 09 32 09 3d 00 61 08 ee 09 36 09 46 00 61 08 ef 09 3a 09 50 00 61 08 f0 09 3b 09 51  |.b...2.=.a...6.F.a...:.P.a...;.Q|
2026-10-02T17:21:48.316  D>H  00 61 08 f0 09 3d 09 5c 00 61 08 f4 09 42 09 61 00 61 08 f9 09 43 09 64 00 61 08 f9 09 49 09 6d  |.a...=.\.a...B.a.a...C.d.a...I.m|
2026-10-02T17:21:48.316  D>H  00 60 08 f9 09 4c 09 77 00 60 09 01 09 52 09 81 00 60 09 01 09 53 09 8c 00 60 09 05 09 5b 09 94  |.`...L.w.`...R...`...S...`...[..|
2026-10-02T17:21:48.316  D>H  00 60 09 0a 09 5b 09 a0 00 60 09 11 09 63 09 ad 00 60 09 13 09 6a 09 bd 00 60 09 18 09 6d 09 ca  |.`...[...`...c...`...j...`...m..|
2026-10-02T17:21:48.316  D>H  00 5f 09 19 09 74 09 d2 00 5f 09 1b 09 7b 09 d8 00 5f 09 1c 09 7c 09 e4 00 5e 09 1f 09 7f 09 ee  |._...t..._...{..._...|...^......|
2026-10-02T17:21:48.316  D>H  00 5e 09 22 09 84 09 f7 00 5e 09 25 09 8c 09 ff 00 5d 09 2a 09 90 0a 06 00 5e 09 2e 09 94 0a 14  |.^.".....^.%.....].*.....^......|
2026-10-02T17:21:48.316  D>H  39 22                                                                                            |9"|
2026-10-02T17:21:49.167  H>D  06                                                                                               |.|
2026-10-02T17:21:49.242  D>H  00 5d 09 30 09 98 0a 18 00 5d 09 32 09 9d 0a 1d 00 5d 09 32 09 9d 0a 27 00 5d 09 3a 09 a5 0a 32  |.].0.....].2.....].2...'.].:...2|
2026-10-02T17:21:49.242  D>H  00 5d 09 42 09 ac 0a 3e 00 5c 09 4a 09 b5 0a 4d 00 5c 09 51 09 bc 0a 66 00 5c 09 53 09 c0 0a 77  |.].B...>.\.J...M.\.Q...f.\.S...w|
2026-10-02T17:21:49.242  D>H  00 5c 09 53 09 c7 0a 7e 00 5b 09 59 09 d2 0a 85 00 5b 09 5c 09 d6 0a 8e 00 5b 09 63 09 dd 0a 97  |.\.S...~.[.Y.....[.\.....[.c....|
2026-10-02T17:21:49.242  D>H  00 5a 09 63 09 e0 0a a2 00 5a 09 6b 09 e6 0a af 00 5a 09 6f 09 ee 0a b3 00 59 09 74 09 f2 0a bd  |.Z.c.....Z.k.....Z.o.....Y.t....|
2026-10-02T17:21:49.242  D>H  00 59 09 74 09 fe 0a c4 00 58 09 76 0a 01 0a ce 00 58 09 7c 0a 07 0a d7 00 57 09 7c 0a 19 0a df  |.Y.t.....X.v.....X.|.....W.|....|
2026-10-02T17:21:49.242  D>H  00 56 09 83 0a 20 0a fd 00 57 09 88 0a 25 0b 1a 00 57 09 8c 0a 2f 0b 22 00 55 09 8d 0a 37 0b 2c  |.V... ...W...%...W.../.".U...7.,|
2026-10-02T17:21:49.242  D>H  00 56 09 8f 0a 38 0b 37 00 54 09 8c 0a 41 0b 3a 00 52 09 84 0a 4f 0b 3b 00 53 09 94 0a 51 0b 4d  |.V...8.7.T...A.:.R...O.;.S...Q.M|
2026-10-02T17:21:49.242  D>H  00 54 09 94 0a 59 0b 55 00 52 09 98 0a 5d 0b 60 00 52 09 9b 0a 61 0b 60 00 52 09 a2 0a 61 0b 80  |.T...Y.U.R...].`.R...a.`.R...a..|
2026-10-02T17:21:49.242  D>H  3b 1c                                                                                            |;.|
2026-10-02T17:21:50.101  H>D  06                                                                                               |.|
2026-10-02T17:21:50.168  D>H  00 52 09 ab 0a 67 0b ac 00 51 09 b0 0a 6a 0b bf 00 51 09 b5 0a 72 0b c2 00 50 09 be 0a 7a 0b c9  |.R...g...Q...j...Q...r...P...z..|
2026-10-02T17:21:50.168  D>H  00 4f 09 c4 0a 82 0b d1 00 4e 09 bd 0a 8a 0b d9 00 4e 09 b8 0a 9a 0b d7 00 4c 09 ad 0a a4 0b db  |.O.......N.......N.......L......|
2026-10-02T17:21:50.168  D>H  00 4c 09 ac 0a ab 0b e4 00 4e 09 b5 0a ab 0b d8 00 4e 09 bd 0a b3 0b d4 00 4d 09 b5 0a b3 0b cf  |.L.......N.......N.......M......|
2026-10-02T17:21:50.168  D>H  00 4d 09 bc 0a b3 0b c8 00 4d 09 c6 0a b9 0b c3 00 4c 09 c6 0a bc 0b c5 00 4e 09 c6 0a bc 0b c7  |.M.......M.......L.......N......|
2026-10-02T17:21:50.168  D>H  00 4d 09 c6 0a c1 0b c7 00 4c 09 cc 0a c4 0b ce 00 4d 09 d2 0a cc 0b d6 00 4c 09 da 0a cf 0b eb  |.M.......L.......M.......L......|
2026-10-02T17:21:50.168  D>H  00 4b 09 db 0a dc 0b fe 00 4a 09 d0 0a ed 0c 10 00 49 09 d4 0a f5 0c 21 00 4b 09 eb 0b 01 0c 38  |.K.......J.......I.....!.K.....8|
2026-10-02T17:21:50.168  D>H  00 4b 0a 29 0b 15 0c 9b 00 4c 0a 68 0b 2e 0d 7c 00 4a 0a 7f 0b 46 0e 68 00 46 0a 81 0b 65 0f 0b  |.K.).....L.h...|.J...F.h.F...e..|
2026-10-02T17:21:50.168  D>H  00 45 0a 7a 0b 78 0f 98 00 3f 0a 5a 0b 86 0f d7 00 3f 0a 59 0b 98 0f e3 00 3c 0a 52 0b 98 0f a9  |.E.z.x...?.Z.....?.Y.....<.R....|
2026-10-02T17:21:50.168  D>H  4b 4c                                                                                            |KL|
2026-10-02T17:21:51.019  H>D  06                                                                                               |.|
2026-10-02T17:21:51.088  D>H  00 3b 0a 41 0b 99 0f 23 00 3b 0a 2d 0b 96 0e ab 00 3c 0a 20 0b 81 0e 36 00 3c 0a 28 0b 71 0d d3  |.;.A...#.;.-.....<. ...6.<.(.q..|
2026-10-02T17:21:51.088  D>H  00 3b 0a 1f 0b 70 0d 84 00 3c 0a 20 0b 70 0d 61 00 3d 0a 37 0b 78 0d 6f 00 3f 0a 43 0b 87 0d 97  |.;...p...<. .p.a.=.7.x.o.?.C....|
2026-10-02T17:21:51.088  D>H  00 3f 0a 41 0b 91 0d c3 00 3e 0a 45 0b 99 0d f3 00 3e 0a 57 0b a4 0e 56 00 3c 0a 4b 0b aa 0e bb  |.?.A.....>.E.....>.W...V.<.K....|
2026-10-02T17:21:51.088  D>H  00 3d 0a 5b 0b b8 0e d3 00 3b 0a 68 0b ca 0e e6 00 3a 0a 6a 0b d3 0f 15 00 39 0a 49 0b db 0f 1a  |.=.[.....;.h.....:.j.....9.I....|
2026-10-02T17:21:51.088  D>H  00 37 0a 49 0b e3 0f 0c 00 36 0a 41 0b eb 0f 0a 00 35 0a 5e 0b f9 0f 1f 00 37 0a 7a 0c 0a 0f 36  |.7.I.....6.A.....5.^.....7.z...6|
2026-10-02T17:21:51.088  D>H  00 34 0a 41 0c 04 0f 2b 00 33 0a 30 0c 04 0f 0e 00 32 0a 30 0c 05 0e f3 00 33 0a 30 0c 04 0e eb  |.4.A...+.3.0.....2.0.....3.0....|
2026-10-02T17:21:51.088  D>H  00 32 0a 48 0c 14 0e ea 00 33 0a 49 0c 1f 0f 1c 00 31 0a 51 0c 34 0f 2d 00 31 0a 4c 0c 38 0f 53  |.2.H.....3.I.....1.Q.4.-.1.L.8.S|
2026-10-02T17:21:51.088  D>H  00 31 0a 62 0c 3d 0f c4 00 2f 0a 84 0c 4d 10 33 00 2f 0a 7a 0c 55 10 91 00 2d 0a a1 0c 66 11 0c  |.1.b.=.../...M.3./.z.U...-...f..|
2026-10-02T17:21:51.088  D>H  31 4f                                                                                            |1O|
2026-10-02T17:21:51.950  H>D  06                                                                                               |.|
2026-10-02T17:21:52.017  D>H  00 2d 0a aa 0c 6e 11 83 00 2c 0a ba 0c 7a 11 eb 00 2a 0a d9 0c 8d 12 43 00 2c 0b 07 0c 97 12 a0  |.-...n...,...z...*.....C.,......|
2026-10-02T17:21:52.017  D>H  00 28 0a fb 0c a3 12 d1 00 28 0a e5 0c b0 12 f7 00 28 0b 1a 0c d0 13 2c 00 27 0b 08 0c db 13 75  |.(.......(.......(.....,.'.....u|
2026-10-02T17:21:52.017  D>H  00 26 0b 1c 0d 00 13 99 00 25 0b 2b 0d 16 13 d2 00 23 0a e8 0d 03 13 d5 00 22 0b 04 0d 11 13 ab  |.&.......%.+.....#......."......|
2026-10-02T17:21:52.017  D>H  00 22 0b 1b 0d 1e 13 bb 00 24 0a ef 0d 03 13 b2 00 20 0a cb 0c ed 13 68 00 20 0a c3 0c e8 13 25  |.".......$....... .....h. .....%|
2026-10-02T17:21:52.017  D>H  00 20 0a c4 0c e9 13 0e 00 20 0a cd 0c e9 13 03 00 1e 0a bd 0c f5 12 fe 00 1e 0a fb 0d 12 13 14  |. ....... ......................|
2026-10-02T17:21:52.017  D>H  00 21 0b 1d 0d 31 13 5d 00 1e 0b 06 0d 2c 13 7e 00 1e 0b 05 0d 2a 13 72 00 1f 0b 05 0d 23 13 5f  |.!...1.].....,.~.....*.r.....#._|
2026-10-02T17:21:52.017  D>H  00 20 0b 33 0d 3a 13 6a 00 20 0b 4f 0d 3c 13 b7 00 20 0b 43 0d 14 13 b8 00 21 0b 2f 0d 22 13 8e  |. .3.:.j. .O.<... .C.....!./."..|
2026-10-02T17:21:52.017  D>H  00 21 0b 0e 0d 16 13 86 00 22 0b 1d 0d 0a 13 74 00 23 0b 1e 0c f2 13 46 00 23 0b 2e 0c ed 13 3f  |.!.......".....t.#.....F.#.....?|
2026-10-02T17:21:52.017  D>H  34 3f                                                                                            |4?|
2026-10-02T17:21:52.881  H>D  06                                                                                               |.|
2026-10-02T17:21:52.947  D>H  00 22 0b 40 0d 0d 13 5a 00 24 0b 47 0d 1b 13 bc 00 20 0b 0f 0d 24 13 c7 00 1e 0a ed 0d 23 13 b7  |.".@...Z.$.G..... ...$.......#..|
2026-10-02T17:21:52.947  D>H  00 1f 0a f7 0d 1f 13 93 00 1e 0a e0 0d 21 13 56 00 1f 0a cc 0d 12 13 30 00 1f 0a e3 0d 1d 12 f9  |.............!.V.......0........|
2026-10-02T17:21:52.947  D>H  00 1e 0a e8 0d 23 12 f9 00 1f 0a f3 0d 0b 13 1f 00 1e 0a cc 0d 13 13 13 00 1e 0a b5 0d 0a 13 03  |.....#..........................|
2026-10-02T17:21:52.947  D>H  00 1e 0a de 0d 2d 12 f2 00 1e 0a e7 0d 25 13 28 00 1d 0a c4 0d 12 12 f8 00 1d 0a db 0d 33 12 ee  |.....-.......%.(.............3..|
2026-10-02T17:21:52.947  D>H  00 1e 0a dc 0d 43 13 22 00 1e 0a fc 0d 5d 13 51 00 1f 0a f4 0d 63 13 8f 00 1c 0a e1 0d 5c 13 98  |.....C.".....].Q.....c.......\..|
2026-10-02T17:21:52.947  D>H  00 1c 0a d4 0d 4e 13 91 00 1c 0a e8 0d 63 13 7e 00 1c 0b 26 0d 75 13 bf 00 1c 0b 15 0d 72 13 ec  |.....N.......c.~...&.u.......r..|
2026-10-02T17:21:52.947  D>H  00 1d 0b 0f 0d 7c 13 e9 00 1f 0b 5a 0d a5 14 01 00 1d 0b 67 0d 9e 14 4c 00 1c 0b 69 0d 9d 14 53  |.....|.....Z.......g...L...i...S|
2026-10-02T17:21:52.947  D>H  00 1e 0b 91 0d b3 14 66 00 1f 0b 68 0d bf 14 90 00 1d 0b 20 0d af 14 90 00 1b 0a f5 0d 9a 14 50  |.......f...h....... ...........P|
2026-10-02T17:21:52.947  D>H  38 16                                                                                            |8.|
2026-10-02T17:21:53.812  H>D  06                                                                                               |.|
2026-10-02T17:21:53.878  D>H  00 1b 0b 22 0d bc 14 12 00 1b 0a e4 0d 9f 14 08 00 1a 0a e0 0d 95 13 d2 00 1a 0b 11 0d ae 13 e7  |..."............................|
2026-10-02T17:21:53.878  D>H  00 1b 0b 1c 0d b5 14 02 00 1a 0b 0a 0d b6 14 37 00 19 0a eb 0d a8 14 18 00 19 0a e5 0d 96 13 c9  |...............7................|
2026-10-02T17:21:53.878  D>H  00 19 0a e5 0d 8f 13 9b 00 19 0a f4 0d 91 13 75 00 1d 0b 2d 0d a3 13 84 00 1c 0b 10 0d 78 13 b5  |...............u...-.........x..|
2026-10-02T17:21:53.878  D>H  00 1b 0a ec 0d 5e 13 55 00 1c 0b 33 0d 84 13 56 00 1e 0b 6f 0d a5 13 bd 00 1e 0b 6e 0d ae 14 11  |.....^.U...3...V...o.......n....|
2026-10-02T17:21:53.878  D>H  00 20 0b 5a 0d b6 14 30 00 1d 0b 88 0d c5 14 50 00 1d 0b 88 0d c0 14 4c 00 20 0b 65 0d ad 14 49  |. .Z...0.......P.......L. .e...I|
2026-10-02T17:21:53.878  D>H  00 1c 0b 0a 0d 85 14 03 00 1b 0a ec 0d 6c 13 89 00 1c 0b 1f 0d 95 13 9f 00 1b 0b 55 0d bd 14 2b  |.............l.............U...+|
2026-10-02T17:21:53.878  D>H  00 1c 0b 96 0d d4 14 a5 00 1e 0b a6 0d e7 14 e7 00 1d 0b 63 0d e9 15 01 00 1b 0b 55 0d e7 14 da  |...................c.......U....|
2026-10-02T17:21:53.878  D>H  00 1b 0b 4d 0d fd 14 c8 00 1d 0b 7d 0e 11 14 f7 00 1a 0b 2f 0d fe 14 f7 00 18 0b 2c 0d f5 14 e2  |...M.......}......./.......,....|
2026-10-02T17:21:53.878  D>H  3b b9                                                                                            |;.|
2026-10-02T17:21:54.727  H>D  06                                                                                               |.|
2026-10-02T17:21:54.794  D>H  00 19 0b 1e 0d e8 14 c6 00 1a 0b 57 0e 04 14 bf 00 1a 0b 2e 0d f8 14 ea 00 19 0b 7f 0e 28 15 0b  |...........W.................(..|
2026-10-02T17:21:54.794  D>H  00 1c 0b 38 0e 13 15 5c 00 18 0a d6 0d e1 14 28 00 18 0a db 0d da 12 fe 00 19 0a e6 0d d2 12 af  |...8...\.......(................|
2026-10-02T17:21:54.794  D>H  00 19 0a cc 0d bd 12 8b 00 1a 0a d8 0d b6 12 00 00 1b 0b 14 0d df 12 78 00 1c 0b 6c 0d fe 13 73  |.......................x...l...s|
2026-10-02T17:21:54.794  D>H  00 1d 0b 97 0e 23 14 53 00 1b 0b 42 0e 15 15 12 00 19 0b 1e 0e 11 15 69 00 18 0a fe 0e 06 15 3f  |.....#.S...B...........i.......?|
2026-10-02T17:21:54.794  D>H  00 19 0a ae 0d d6 13 e0 00 18 0a 98 0d bc 12 99 00 18 0a 74 0d 8f 11 b8 00 19 0a 76 0d 80 10 e0  |...................t.......v....|
2026-10-02T17:21:54.794  D>H  00 1b 0a 8c 0d 65 10 49 00 1d 0a a2 0d 64 0f cc 00 1d 0a c3 0d 72 10 22 00 1d 0a e3 0d aa 11 6a  |.....e.I.....d.......r.".......j|
2026-10-02T17:21:54.794  D>H  00 1e 0b 0d 0d e6 12 a2 00 1d 0b 47 0e 1b 13 b7 00 1e 0b 29 0d fa 14 80 00 1c 0b 4c 0e 1c 14 ae  |...........G.......).......L....|
2026-10-02T17:21:54.794  D>H  00 1c 0b 79 0e 37 14 f4 00 1e 0b 53 0e 39 15 18 00 1b 0b 7c 0e 4a 15 25 00 1c 0b 56 0e 32 15 3b  |...y.7.....S.9.....|.J.%...V.2.;|
2026-10-02T17:21:54.794  D>H  37 d3                                                                                            |7.|
2026-10-02T17:21:55.661  H>D  06                                                                                               |.|
2026-10-02T17:21:55.728  D>H  00 1b 0b 67 0e 4a 15 29 00 1c 0b 79 0e 66 15 7b 00 1c 0b 40 0e 4b 15 6b 00 1e 0b 37 0e 36 15 22  |...g.J.)...y.f.{...@.K.k...7.6."|
2026-10-02T17:21:55.728  D>H  00 19 0b 41 0e 3b 14 fe 00 1a 0b 4d 0e 39 14 f4 00 1a 0b 5e 0e 5b 14 fb 00 19 0b a8 0e 85 15 6d  |...A.;.....M.9.....^.[.........m|
2026-10-02T17:21:55.728  D>H  00 1a 0b 7b 0e 7b 15 dd 00 18 0b 41 0e 69 15 df 00 17 0b 4c 0e 7e 15 ea 00 19 0b 75 0e 9b 16 04  |...{.{.....A.i.....L.~.....u....|
2026-10-02T17:21:55.728  D>H  00 18 0b 57 0e 85 16 16 00 16 0b 22 0e 4d 15 88 00 18 0b 32 0e 58 15 41 00 19 0b 18 0e 40 14 64  |...W.......".M.....2.X.A.....@.d|
2026-10-02T17:21:55.728  D>H  00 18 0b 06 0e 17 13 2c 00 19 0b 2e 0e 29 12 b8 00 1a 0b 37 0e 32 13 44 00 1c 0b 31 0e 19 13 83  |.......,.....).....7.2.D...1....|
2026-10-02T17:21:55.728  D>H  00 1a 0b 14 0e 1b 13 83 00 1c 0b 31 0e 43 13 f4 00 19 0b 1b 0e 46 14 8d 00 18 0b 68 0e 74 15 07  |...........1.C.......F.....h.t..|
2026-10-02T17:21:55.728  D>H  00 18 0b 25 0e 5b 15 4e 00 18 0b 6b 0e 83 15 5b 00 19 0b 71 0e 94 15 88 00 18 0b 1d 0e 59 15 92  |...%.[.N...k...[...q.........Y..|
2026-10-02T17:21:55.728  D>H  00 16 0a fd 0e 42 15 43 00 17 0b 11 0e 4a 15 3a 00 16 0b 15 0e 43 15 56 00 17 0b 4c 0e 62 15 92  |.....B.C.....J.:.....C.V...L.b..|
2026-10-02T17:21:55.728  D>H  2b cd                                                                                            |+.|
2026-10-02T17:21:56.592  H>D  06                                                                                               |.|
2026-10-02T17:21:56.658  D>H  00 17 0b 78 0e 83 15 d2 00 19 0b 58 0e 72 15 bc 00 16 0b 38 0e 59 15 95 00 19 0b 2e 0e 49 15 44  |...x.......X.r.....8.Y.......I.D|
2026-10-02T17:21:56.658  D>H  00 17 0b 1f 0e 32 15 03 00 16 0b 39 0e 55 15 0d 00 17 0b 9e 0e 83 15 8a 00 18 0b 75 0e 84 15 78  |.....2.....9.U.............u...x|
2026-10-02T17:21:56.658  D>H  00 16 0b 21 0e 4b 15 30 00 16 0a bc 0e 0c 14 05 00 19 0a de 0e 09 12 75 00 17 0a fa 0e 15 11 e1  |...!.K.0...............u........|
2026-10-02T17:21:56.658  D>H  00 19 0b 1e 0e 19 12 ba 00 1a 0b 2c 0e 28 13 6d 00 1a 0b 25 0e 24 13 f6 00 18 0b 0c 0e 48 13 fe  |...........,.(.m...%.$.......H..|
2026-10-02T17:21:56.658  D>H  00 18 0b 32 0e 5a 14 72 00 18 0b 46 0e 6c 14 a9 00 19 0b 27 0e 3f 14 2a 00 19 0a f3 0e 1e 12 cf  |...2.Z.r...F.l.....'.?.*........|
2026-10-02T17:21:56.658  D>H  00 1b 0b 11 0e 31 12 de 00 1c 0b 3b 0e 3a 13 42 00 1a 0b 2d 0e 39 13 8d 00 19 0b 25 0e 43 13 1a  |.....1.....;.:.B...-.9.....%.C..|
2026-10-02T17:21:56.658  D>H  00 19 0b 4c 0e 61 13 bb 00 1b 0b 32 0e 4b 14 4b 00 19 0b 27 0e 41 14 93 00 17 0b 2c 0e 44 14 cc  |...L.a.....2.K.K...'.A.....,.D..|
2026-10-02T17:21:56.658  D>H  00 18 0b 37 0e 62 14 e3 00 19 0b 39 0e 51 15 17 00 16 0b 10 0e 4a 14 c8 00 17 0b 57 0e 6c 14 cf  |...7.b.....9.Q.......J.....W.l..|
2026-10-02T17:21:56.658  D>H  2c 22                                                                                            |,"|
2026-10-02T17:21:57.508  H>D  06                                                                                               |.|
2026-10-02T17:21:57.578  D>H  00 18 0b 5c 0e 8c 15 1f 00 17 0b 6a 0e a4 15 89 00 17 0b 1f 0e 84 15 ca 00 16 0b 00 0e 63 15 cb  |...\.......j.................c..|
2026-10-02T17:21:57.578  D>H  00 15 0b 0e 0e 6d 15 d2 00 16 0b 26 0e 77 16 09 00 15 0b 5a 0e 9c 16 3c 00 17 0b 99 0e ca 16 92  |.....m.....&.w.....Z...<........|
2026-10-02T17:21:57.578  D>H  00 16 0b 93 0e d6 16 ce 00 14 0b 61 0e c5 16 bb 00 14 0b 4a 0e c5 16 68 00 15 0b 9e 0e ee 16 86  |...........a.......J...h........|
2026-10-02T17:21:57.578  D>H  00 14 0b aa 0f 00 16 f2 00 15 0b d2 0f 1b 17 1f 00 16 0b 84 0e e3 16 44 00 16 0b 4d 0e a1 14 81  |.......................D...M....|
2026-10-02T17:21:57.578  D>H  00 17 0b 6a 0e 97 13 dc 00 18 0b 49 0e 84 13 7b 00 19 0b 4b 0e 82 13 c0 00 1b 0b 1a 0e 4b 14 16  |...j.......I...{...K.........K..|
2026-10-02T17:21:57.578  D>H  00 17 0a e3 0e 3a 13 15 00 17 0a bb 0e 24 12 0f 00 17 0a c7 0e 14 11 58 00 1a 0a cc 0e 0c 10 ec  |.....:.......$.........X........|
2026-10-02T17:21:57.578  D>H  00 19 0a b4 0d ee 10 af 00 19 0a ab 0d db 10 ae 00 19 0a d1 0d ff 11 8c 00 19 0b 0f 0e 28 12 c2  |.............................(..|
2026-10-02T17:21:57.578  D>H  00 19 0b 20 0e 46 13 d7 00 1b 0a fe 0e 3a 13 90 00 19 0a d4 0e 31 12 90 00 1a 0b 14 0e 39 12 4a  |... .F.......:.......1.......9.J|
2026-10-02T17:21:57.578  D>H  37 7d                                                                                            |7}|
2026-10-02T17:21:58.429  H>D  06                                                                                               |.|
2026-10-02T17:21:58.495  D>H  00 1b 0b 67 0e 6e 13 19 00 1c 0b 51 0e 8c 14 2d 00 19 0b 3a 0e a1 14 f2 00 19 0b 39 0e ac 15 87  |...g.n.....Q...-...:.......9....|
2026-10-02T17:21:58.495  D>H  00 17 0b 52 0e bd 15 f1 00 19 0b 88 0e db 16 23 00 17 0b 34 0e b9 15 e0 00 16 0a fe 0e 7e 14 9c  |...R...........#...4.........~..|
2026-10-02T17:21:58.495  D>H  00 16 0b 13 0e 77 13 ed 00 1a 0b 68 0e 9c 14 60 00 17 0b 48 0e 97 15 0c 00 16 0b a1 0e cc 15 a3  |.....w.....h...`...H............|
2026-10-02T17:21:58.495  D>H  00 17 0b 6b 0e c4 15 f8 00 17 0b 8e 0e ed 15 eb 00 17 0b 9d 0e e7 16 2a 00 18 0b 2b 0e a1 16 46  |...k...................*...+...F|
2026-10-02T17:21:58.495  D>H  00 15 0b 2f 0e 91 15 b8 00 14 0b 2d 0e 99 15 1e 00 17 0b 03 0e 89 14 59 00 15 0a c4 0e 60 13 3a  |.../.......-...........Y.....`.:|
2026-10-02T17:21:58.495  D>H  00 15 0a b3 0e 42 12 1e 00 16 0a c4 0e 3a 11 6d 00 17 0a fc 0e 4a 11 6a 00 17 0b 2f 0e 7d 12 89  |.....B.......:.m.....J.j.../.}..|
2026-10-02T17:21:58.495  D>H  00 17 0b 4a 0e ab 13 8f 00 17 0b 75 0e d5 14 d3 00 17 0b 3e 0e a0 14 f6 00 19 0b 05 0e 92 13 a3  |...J.......u.......>............|
2026-10-02T17:21:58.495  D>H  00 17 0a fd 0e 65 12 a1 00 19 0a ed 0e 45 11 c5 00 1a 0a d4 0e 34 11 29 00 1c 0a e4 0e 2a 10 db  |.....e.......E.......4.).....*..|
2026-10-02T17:21:58.495  D>H  3a 01                                                                                            |:.|
2026-10-02T17:21:59.361  H>D  06                                                                                               |.|
2026-10-02T17:21:59.427  D>H  00 1b 0a da 0e 0d 10 a3 00 1a 0a b2 0d fa 10 4d 00 1b 0a ab 0d f8 10 12 00 1b 0a d0 0d fa 10 0a  |...............M................|
2026-10-02T17:21:59.427  D>H  00 1c 0a d4 0d f8 10 54 00 1d 0a e3 0e 00 10 f9 00 1d 0a bc 0d e4 11 58 00 1f 0a d1 0d f1 10 f5  |.......T...............X........|
2026-10-02T17:21:59.427  D>H  00 1e 0b 1f 0e 0a 11 9f 00 20 0b 29 0e 24 12 ea 00 1c 0b 1e 0e 47 13 a2 00 1c 0b 2d 0e 61 14 3b  |......... .).$.......G.....-.a.;|
2026-10-02T17:21:59.427  D>H  00 1a 0b 43 0e 7b 14 d4 00 19 0b 48 0e 85 15 1b 00 18 0b 0d 0e 65 15 16 00 18 0b 2c 0e 7f 14 f0  |...C.{.....H.........e.....,....|
2026-10-02T17:21:59.427  D>H  00 19 0b 3c 0e 7b 15 27 00 19 0b 70 0e a0 15 47 00 19 0b 7d 0e b4 15 81 00 1b 0b 40 0e 93 15 00  |...<.{.'...p...G...}.......@....|
2026-10-02T17:21:59.427  D>H  00 1a 0a ff 0e 63 13 85 00 1c 0a f5 0e 40 12 20 00 1d 0a e3 0e 1d 11 46 00 1b 0a d5 0e 11 10 b7  |.....c.......@. .......F........|
2026-10-02T17:21:59.427  D>H  00 1d 0a ca 0e 0d 10 6b 00 1d 0b 24 0e 38 11 62 00 1d 0b 78 0e 68 12 f6 00 1d 0b 63 0e 7c 14 0a  |.......k...$.8.b...x.h.....c.|..|
2026-10-02T17:21:59.427  D>H  00 1a 0b 26 0e 83 13 f8 00 1b 0a fe 0e 4e 12 f5 00 1c 0a e2 0e 32 11 c5 00 1c 0a d5 0e 19 10 f1  |...&.........N.......2..........|
2026-10-02T17:21:59.427  D>H  38 11                                                                                            |8.|
2026-10-02T17:22:00.280  H>D  06                                                                                               |.|
2026-10-02T17:22:00.346  D>H  00 1d 0a d4 0e 11 10 57 00 1f 0a e2 0e 07 0f ff 00 1d 0a ab 0d fd 0f bb 00 1d 0a b6 0d f8 0f 99  |.......W........................|
2026-10-02T17:22:00.346  D>H  00 1d 0a 8e 0d e8 0f 80 00 1e 0a f1 0d ff 0f c7 00 20 0b 02 0e 10 10 c7 00 1e 0b 24 0e 27 11 a4  |................. .........$.'..|
2026-10-02T17:22:00.346  D>H  00 1f 0b 0d 0e 28 11 d3 00 20 0a e1 0e 1a 11 6a 00 1d 0b 2b 0e 3f 11 3c 00 1e 0b 48 0e 4c 11 e4  |.....(... .....j...+.?.<...H.L..|
2026-10-02T17:22:00.346  D>H  00 1c 0b 16 0e 42 12 99 00 1c 0b 37 0e 64 13 6e 00 1c 0b 3f 0e 81 14 5a 00 1b 0b 4c 0e 94 14 f3  |.....B.....7.d.n...?...Z...L....|
2026-10-02T17:22:00.346  D>H  00 1b 0b 4e 0e bb 15 3a 00 19 0b 1f 0e b4 15 67 00 19 0b 18 0e a1 14 c2 00 19 0b 1e 0e 7f 13 74  |...N...:.......g...............t|
2026-10-02T17:22:00.346  D>H  00 1b 0a ea 0e 4e 12 2b 00 1b 0a ed 0e 4a 11 55 00 1a 0b 06 0e 61 11 ee 00 1b 0b 1f 0e 73 12 c0  |.....N.+.....J.U.....a.......s..|
2026-10-02T17:22:00.346  D>H  00 19 0b 4a 0e 94 13 c5 00 19 0b 78 0e c6 14 c8 00 18 0b 98 0e e5 15 8c 00 1a 0b 7b 0e e6 15 cf  |...J.......x...............{....|
2026-10-02T17:22:00.346  D>H  00 18 0a ff 0e a9 15 2f 00 17 0a e2 0e 95 13 9f 00 18 0a fa 0e 78 12 63 00 1b 0a fb 0e 5d 11 a1  |......./.............x.c.....]..|
2026-10-02T17:22:00.346  D>H  3a af                                                                                            |:.|
2026-10-02T17:22:01.211  H>D  06                                                                                               |.|
2026-10-02T17:22:01.278  D>H  00 1b 0b 05 0e 58 10 f7 00 1b 0b 2f 0e 5b 11 40 00 1d 0a fd 0e 3a 11 39 00 1c 0b 46 0e 5c 11 b9  |.....X...../.[.@.....:.9...F.\..|
2026-10-02T17:22:01.278  D>H  00 1b 0b 3b 0e 6c 12 ca 00 1e 0b 5a 0e 7d 13 b1 00 19 0b 53 0e 8c 14 55 00 18 0b 3d 0e 8f 14 9f  |...;.l.....Z.}.....S...U...=....|
2026-10-02T17:22:01.278  D>H  00 18 0b 57 0e a4 14 f5 00 18 0b 68 0e ae 15 36 00 18 0b 6c 0e b5 15 55 00 18 0b 62 0e c2 15 3e  |...W.......h...6...l...U...b...>|
2026-10-02T17:22:01.278  D>H  00 1b 0b b6 0e de 15 63 00 1a 0b 9e 0e e9 15 94 00 18 0b b5 0f 17 15 d6 00 18 0b 7c 0e e8 16 0b  |.......c...................|....|
2026-10-02T17:22:01.278  D>H  00 17 0b 36 0e d5 15 49 00 16 0b 65 0e c5 14 6b 00 19 0b 34 0e 8f 14 28 00 16 0a fb 0e 75 13 da  |...6...I...e...k...4...(.....u..|
2026-10-02T17:22:01.278  D>H  00 16 0a e6 0e 63 13 33 00 17 0a d5 0e 53 12 33 00 17 0a bd 0e 3a 11 4b 00 19 0a c1 0e 31 10 9e  |.....c.3.....S.3.....:.K.....1..|
2026-10-02T17:22:01.278  D>H  00 19 0a c5 0e 20 10 85 00 19 0a f8 0e 39 11 78 00 19 0a e7 0e 3d 12 81 00 18 0a c6 0e 42 12 f6  |..... .......9.x.....=.......B..|
2026-10-02T17:22:01.278  D>H  00 18 0a ab 0e 3a 12 63 00 19 0a 9f 0e 29 11 75 00 19 0a 8d 0e 16 10 96 00 1b 0a 87 0e 08 10 07  |.....:.c.....).u................|
2026-10-02T17:22:01.278  D>H  37 11                                                                                            |7.|
2026-10-02T17:22:02.140  H>D  06                                                                                               |.|
2026-10-02T17:22:02.206  D>H  00 1b 0a a3 0d fa 0f b6 00 1c 0a eb 0e 0f 0f e7 00 1c 0b 26 0e 28 11 46 00 1c 0a da 0e 21 11 f9  |...................&.(.F.....!..|
2026-10-02T17:22:02.206  D>H  00 1b 0a a2 0e 0e 11 71 00 1b 0a d4 0e 21 11 60 00 1b 0b 10 0e 48 12 4e 00 1a 0b 3f 0e 63 13 55  |.......q.....!.`.....H.N...?.c.U|
2026-10-02T17:22:02.206  D>H  00 1a 0b 48 0e 80 14 12 00 19 0b 28 0e 79 13 ff 00 1a 0b 2e 0e 6b 13 95 00 1b 0a df 0e 47 12 eb  |...H.......(.y.......k.......G..|
2026-10-02T17:22:02.206  D>H  00 1b 0a b7 0e 2a 11 dc 00 1a 0a ab 0e 29 11 01 00 1b 0a cc 0e 19 10 83 00 1d 0a cb 0e 0c 10 25  |.....*.......).................%|
2026-10-02T17:22:02.206  D>H  00 1e 0a ed 0d f1 0f e8 00 21 0a e9 0d d8 0f a0 00 20 0a c4 0d cf 0f 59 00 20 0a b6 0d c7 0f 37  |.........!....... .....Y. .....7|
2026-10-02T17:22:02.206  D>H  00 20 0a a2 0d b6 0f 15 00 1f 0a 82 0d bc 0f 05 00 1f 0a 72 0d c3 0f 18 00 1e 0a 66 0d c7 0f 21  |. .................r.......f...!|
2026-10-02T17:22:02.206  D>H  00 1f 0a 8e 0d d7 0f 44 00 1f 0a 99 0d e6 0f 9d 00 21 0a a9 0d eb 0f cb 00 1f 0a 7b 0d ee 0f ca  |.......D.........!.........{....|
2026-10-02T17:22:02.206  D>H  00 1f 0a 8f 0d fa 0f e3 00 1f 0a bc 0e 09 10 29 00 20 0a ad 0e 13 10 61 00 20 0a 9f 0e 13 10 8c  |...............). .....a. ......|
2026-10-02T17:22:02.206  D>H  3a 46                                                                                            |:F|
2026-10-02T17:22:03.057  H>D  06                                                                                               |.|
2026-10-02T17:22:03.127  D>H  00 1f 0a a7 0e 29 10 a4 00 1f 0a bb 0e 39 10 ab 00 20 0a b3 0e 4a 10 a4 00 20 0a ed 0e 5d 10 bb  |.....).......9... ...J... ...]..|
2026-10-02T17:22:03.127  D>H  00 22 0a de 0e 5b 10 e2 00 1e 0a 81 0e 39 10 ad 00 1d 0a 7c 0e 39 10 5a 00 1e 0a 82 0e 26 10 1e  |."...[.......9.....|.9.Z.....&..|
2026-10-02T17:22:03.127  D>H  00 1e 0a 73 0e 19 0f eb 00 1e 0a 7b 0e 19 0f d0 00 1e 0a 9a 0e 21 0f cc 00 1f 0a b4 0e 29 10 09  |...s.......{.........!.......)..|
2026-10-02T17:22:03.127  D>H  00 1f 0a a4 0e 1f 10 1e 00 1f 0a 82 0e 19 0f c7 00 21 0a 85 0e 11 0f 6d 00 20 0a 83 0d ff 0f 29  |.................!.....m. .....)|
2026-10-02T17:22:03.127  D>H  00 21 0a 59 0d eb 0e e1 00 21 0a 78 0d df 0e b1 00 23 0a 86 0d d8 0e 9b 00 22 0a 59 0d cd 0e 8b  |.!.Y.....!.x.....#.......".Y....|
2026-10-02T17:22:03.127  D>H  00 22 0a 59 0d c6 0e 96 00 22 0a 61 0d bf 0e 99 00 22 0a 51 0d b8 0e 92 00 23 0a 67 0d be 0e 92  |.".Y.....".a.....".Q.....#.g....|
2026-10-02T17:22:03.127  D>H  00 22 0a 8a 0d bd 0e a7 00 24 0a 9b 0d be 0e c0 00 23 0a 9f 0d bf 0e de 00 25 0a a1 0d c7 0f 02  |.".......$.......#.......%......|
2026-10-02T17:22:03.127  D>H  00 23 0a a3 0d cb 0f 2b 00 22 0a 93 0d c7 0f 45 00 22 0a 7a 0d c7 0f 45 00 22 0a 59 0d c7 0f 38  |.#.....+.".....E.".z...E.".Y...8|
2026-10-02T17:22:03.127  D>H  3b 89                                                                                            |;.|
2026-10-02T17:22:03.987  H>D  06                                                                                               |.|
2026-10-02T17:22:04.054  D>H  00 22 0a 70 0d c8 0f 2c 00 24 0a 96 0d c2 0f 1a 00 24 0a 85 0d bf 0e f9 00 23 0a 72 0d bf 0e e1  |.".p...,.$.......$.......#.r....|
2026-10-02T17:22:04.054  D>H  00 23 0a 9c 0d ba 0e d6 00 25 0a 90 0d b6 0e c0 00 25 0a 8f 0d ae 0e ae 00 25 0a 62 0d 90 0e 96  |.#.......%.......%.......%.b....|
2026-10-02T17:22:04.054  D>H  00 27 0a 2b 0d 3f 0e 5e 00 26 0a 1f 0d 17 0d fa 00 26 0a 18 0c f2 0d bb 00 26 0a 20 0c e2 0d 8f  |.'.+.?.^.&.......&.......&. ....|
2026-10-02T17:22:04.054  D>H  00 27 0a 0c 0c c3 0d 76 00 27 0a 07 0c b1 0d 47 00 28 0a 0b 0c a8 0d 2b 00 29 0a 19 0c a5 0d 1c  |.'.....v.'.....G.(.....+.)......|
2026-10-02T17:22:04.054  D>H  00 29 09 ff 0c 97 0d 02 00 29 09 f7 0c 8f 0c ec 00 2a 09 f7 0c 8f 0c e0 00 2b 0a 03 0c 8f 0c d4  |.).......).......*.......+......|
2026-10-02T17:22:04.054  D>H  00 2a 0a 0f 0c 8f 0c d4 00 2c 0a 0c 0c 8a 0c cc 00 2c 0a 08 0c 8e 0c c9 00 2c 0a 1b 0c 88 0c c3  |.*.......,.......,.......,......|
2026-10-02T17:22:04.054  D>H  00 2f 0a 18 0c 86 0c bc 00 2d 0a 32 0c 82 0c b7 00 2e 0a 28 0c 80 0c b8 00 2d 0a 07 0c 7d 0c b9  |./.......-.2.......(.....-...}..|
2026-10-02T17:22:04.054  D>H  00 2c 09 e7 0c 76 0c b1 00 2c 09 e8 0c 6e 0c a7 00 2d 09 ef 0c 6b 0c 9f 00 2d 09 ed 0c 66 0c 9a  |.,...v...,...n...-...k...-...f..|
2026-10-02T17:22:04.054  D>H  3c 4a                                                                                            |<J|
2026-10-02T17:22:04.905  H>D  06                                                                                               |.|
2026-10-02T17:22:04.970  D>H  00 2d 09 fe 0c 61 0c 97 00 2e 09 f5 0c 56 0c 9b 00 2f 09 ef 0c 54 0c 93 00 2f 09 f7 0c 4e 0c 94  |.-...a.......V.../...T.../...N..|
2026-10-02T17:22:04.970  D>H  00 30 09 f1 0c 4e 0c 9e 00 30 09 f7 0c 49 0c 9a 00 2f 09 f7 0c 45 0c 96 00 2f 09 ff 0c 45 0c 8c  |.0...N...0...I.../...E.../...E..|
2026-10-02T17:22:04.970  D>H  00 30 0a 02 0c 3d 0c 8a 00 30 0a 07 0c 3d 0c 82 00 31 0a 0e 0c 3a 0c 7d 00 33 0a 08 0c 35 0c 7c  |.0...=...0...=...1...:.}.3...5.||
2026-10-02T17:22:04.970  D>H  00 31 09 ef 0c 2d 0c 7e 00 30 09 e0 0c 2d 0c 7e 00 32 09 ef 0c 2d 0c 88 00 31 09 e6 0c 2a 0c 8c  |.1...-.~.0...-.~.2...-...1...*..|
2026-10-02T17:22:04.970  D>H  00 32 09 eb 0c 25 0c 91 00 32 09 ee 0c 25 0c a2 00 33 09 f7 0c 26 0c ae 00 32 09 ef 0c 2d 0c c6  |.2...%...2...%...3...&...2...-..|
2026-10-02T17:22:04.970  D>H  00 32 09 e9 0c 2d 0c da 00 32 09 f0 0c 33 0c e7 00 32 09 ff 0c 36 0c f8 00 32 0a 07 0c 3d 0d 18  |.2...-...2...3...2...6...2...=..|
2026-10-02T17:22:04.970  D>H  00 31 0a 07 0c 45 0d 38 00 31 09 f2 0c 48 0d 4e 00 30 09 e6 0c 4b 0d 58 00 30 09 e6 0c 4e 0d 59  |.1...E.8.1...H.N.0...K.X.0...N.Y|
2026-10-02T17:22:04.970  D>H  00 30 09 ee 0c 4e 0d 57 00 2f 09 fe 0c 52 0d 55 00 2f 09 f9 0c 56 0d 53 00 2f 09 ff 0c 56 0d 58  |.0...N.W./...R.U./...V.S./...V.X|
2026-10-02T17:22:04.970  D>H  3b c3                                                                                            |;.|
2026-10-02T17:22:05.819  H>D  06                                                                                               |.|
2026-10-02T17:22:05.891  D>H  00 30 0a 0e 0c 58 0d 58 00 31 0a 27 0c 5d 0d 5c 00 32 0a 38 0c 5e 0d 60 00 32 0a 36 0c 5e 0d 53  |.0...X.X.1.'.].\.2.8.^.`.2.6.^.S|
2026-10-02T17:22:05.891  D>H  00 31 0a 25 0c 5e 0d 49 00 31 0a 28 0c 5e 0d 45 00 31 0a 38 0c 5f 0d 46 00 31 0a 45 0c 62 0d 4c  |.1.%.^.I.1.(.^.E.1.8._.F.1.E.b.L|
2026-10-02T17:22:05.891  D>H  00 32 0a 50 0c 63 0d 43 00 34 0a 6c 0c 5e 0d 39 00 34 0a 68 0c 5e 0d 21 00 33 0a 6a 0c 5a 0d 15  |.2.P.c.C.4.l.^.9.4.h.^.!.3.j.Z..|
2026-10-02T17:22:05.891  D>H  00 34 0a 41 0c 56 0d 0a 00 32 0a 30 0c 56 0c fc 00 33 0a 28 0c 56 0c f8 00 32 0a 40 0c 58 0c f7  |.4.A.V...2.0.V...3.(.V...2.@.X..|
2026-10-02T17:22:05.891  D>H  00 33 0a 69 0c 59 0d 00 00 35 0a 54 0c 5d 0d 00 00 33 0a 23 0c 5e 0c f7 00 32 0a 0f 0c 58 0c ec  |.3.i.Y...5.T.]...3.#.^...2...X..|
2026-10-02T17:22:05.891  D>H  00 34 0a 1d 0c 56 0c db 00 35 0a 3a 0c 56 0c c9 00 35 0a 38 0c 4d 0c c2 00 35 0a 3d 0c 46 0c b1  |.4...V...5.:.V...5.8.M...5.=.F..|
2026-10-02T17:22:05.891  D>H  00 36 0a 30 0c 3d 0c a5 00 36 0a 28 0c 35 0c 9d 00 36 0a 20 0c 2d 0c 95 00 35 0a 3d 0c 2d 0c 8c  |.6.0.=...6.(.5...6. .-...5.=.-..|
2026-10-02T17:22:05.891  D>H  00 38 0a 30 0c 2d 0c 84 00 36 0a 32 0c 2b 0c 7e 00 36 0a 38 0c 28 0c 75 00 37 0a 33 0c 25 0c 6e  |.8.0.-...6.2.+.~.6.8.(.u.7.3.%.n|
2026-10-02T17:22:05.891  D>H  2b 20                                                                                            |+ |
2026-10-02T17:22:06.752  H>D  06                                                                                               |.|
2026-10-02T17:22:06.818  D>H  00 37 0a 19 0c 22 0c 67 00 36 0a 01 0c 20 0c 55 00 36 09 f9 0c 1c 0c 4d 00 36 09 f5 0c 14 0c 42  |.7...".g.6... .U.6.....M.6.....B|
2026-10-02T17:22:06.818  D>H  00 36 09 f0 0c 0e 0c 39 00 37 09 ef 0c 0c 0c 2d 00 37 09 ff 0c 0c 0c 21 00 37 0a 06 0c 07 0c 19  |.6.....9.7.....-.7.....!.7......|
2026-10-02T17:22:06.818  D>H  00 37 0a 07 0c 04 0c 12 00 37 09 ff 0c 04 0c 0f 00 37 09 fb 0c 03 0c 0b 00 37 0a 0c 0b fc 0c 07  |.7.......7.......7.......7......|
2026-10-02T17:22:06.818  D>H  00 39 0a 18 0b f7 0b ff 00 38 0a 02 0b f4 0b ff 00 38 0a 01 0b f6 0b fe 00 38 0a 07 0b f9 0b fd  |.9.......8.......8.......8......|
2026-10-02T17:22:06.818  D>H  00 39 0a 07 0b f6 0b fe 00 39 09 ff 0b f3 0b fa 00 39 0a 04 0b f0 0b f4 00 39 09 f0 0b e3 0b ec  |.9.......9.......9.......9......|
2026-10-02T17:22:06.818  D>H  00 39 09 f4 0b e3 0b dd 00 39 09 f7 0b de 0b db 00 3a 09 f8 0b db 0b d0 00 3a 09 f5 0b d9 0b cb  |.9.......9.......:.......:......|
2026-10-02T17:22:06.818  D>H  00 3a 09 f8 0b d5 0b ca 00 3b 09 ff 0b d3 0b c9 00 3b 09 f7 0b d3 0b c9 00 3b 09 fe 0b ca 0b ca  |.:.......;.......;.......;......|
2026-10-02T17:22:06.818  D>H  00 3d 09 f7 0b ca 0b c2 00 3c 09 e6 0b ca 0b c5 00 3c 09 e6 0b c3 0b c2 00 3c 09 e9 0b c2 0b c2  |.=.......<.......<.......<......|
2026-10-02T17:22:06.818  D>H  46 20                                                                                            |F |
2026-10-02T17:22:07.669  H>D  06                                                                                               |.|
2026-10-02T17:22:07.738  D>H  00 3d 09 eb 0b c1 0b be 00 3d 09 ea 0b bb 0b ba 00 3c 09 de 0b ba 0b b9 00 3d 09 de 0b ba 0b b4  |.=.......=.......<.......=......|
2026-10-02T17:22:07.738  D>H  00 3c 09 de 0b bb 0b b3 00 3d 09 db 0b c1 0b b4 00 3b 09 ce 0b c4 0b b9 00 3b 09 d0 0b c7 0b ba  |.<.......=.......;.......;......|
2026-10-02T17:22:07.738  D>H  00 3b 09 d6 0b c5 0b ba 00 3b 09 d6 0b c4 0b ba 00 3b 09 bd 0b ca 0b ba 00 3a 09 c3 0b ca 0b ba  |.;.......;.......;.......:......|
2026-10-02T17:22:07.738  D>H  00 3a 09 bd 0b ca 0b ba 00 3a 09 bd 0b ca 0b ba 00 3b 09 b5 0b c3 0b b8 00 3a 09 b5 0b c2 0b b2  |.:.......:.......;.......:......|
2026-10-02T17:22:07.738  D>H  00 3b 09 bd 0b c0 0b b1 00 3b 09 c7 0b ba 0b aa 00 3b 09 ce 0b b5 0b a1 00 3b 09 c5 0b b2 0b 99  |.;.......;.......;.......;......|
2026-10-02T17:22:07.738  D>H  00 3a 09 af 0b b2 0b 99 00 3a 09 bd 0b b1 0b 91 00 3b 09 c6 0b aa 0b 89 00 3b 09 b9 0b a1 0b 81  |.:.......:.......;.......;......|
2026-10-02T17:22:07.738  D>H  00 3b 09 bd 0b 9f 0b 75 00 3b 09 be 0b 99 0b 69 00 3b 09 bb 0b 98 0b 66 00 3b 09 bc 0b 8c 0b 60  |.;.....u.;.....i.;.....f.;.....`|
2026-10-02T17:22:07.738  D>H  00 3d 09 bd 0b 89 0b 58 00 3c 09 b4 0b 85 0b 4f 00 3d 09 ad 0b 81 0b 4f 00 3d 09 a3 0b 88 0b 4e  |.=.....X.<.....O.=.....O.=.....N|
2026-10-02T17:22:07.738  D>H  4d 5d                                                                                            |M]|
2026-10-02T17:22:08.587  H>D  06                                                                                               |.|
2026-10-02T17:22:08.654  D>H  00 3c 09 9d 0b 7f 0b 4f 00 3d 09 9d 0b 78 0b 48 00 3e 09 a5 0b 70 0b 3f 00 3e 09 aa 0b 68 0b 37  |.<.....O.=...x.H.>...p.?.>...h.7|
2026-10-02T17:22:08.654  D>H  00 3f 09 ad 0b 61 0b 2f 00 3e 09 b2 0b 60 0b 26 00 3e 09 a9 0b 60 0b 23 00 3e 09 9d 0b 60 0b 24  |.?...a./.>...`.&.>...`.#.>...`.$|
2026-10-02T17:22:08.654  D>H  00 3d 09 8c 0b 60 0b 26 00 3c 09 84 0b 60 0b 25 00 3c 09 84 0b 60 0b 24 00 3c 09 7c 0b 60 0b 1e  |.=...`.&.<...`.%.<...`.$.<.|.`..|
2026-10-02T17:22:08.654  D>H  00 3c 09 76 0b 5e 0b 1e 00 3c 09 77 0b 58 0b 19 00 3d 09 76 0b 4f 0b 0e 00 3d 09 7a 0b 47 0b 07  |.<.v.^...<.w.X...=.v.O...=.z.G..|
2026-10-02T17:22:08.654  D>H  00 3e 09 7d 0b 45 0b 01 00 3e 09 83 0b 3b 0a fd 00 3f 09 84 0b 2f 0a f5 00 40 09 84 0b 28 0a ed  |.>.}.E...>...;...?.../...@...(..|
2026-10-02T17:22:08.654  D>H  00 40 09 85 0b 26 0a e5 00 40 09 88 0b 1f 0a e3 00 40 09 8c 0b 1c 0a dd 00 40 09 8a 0b 19 0a dc  |.@...&...@.......@.......@......|
2026-10-02T17:22:08.654  D>H  00 40 09 89 0b 16 0a d9 00 41 09 85 0b 16 0a d5 00 41 09 8b 0b 10 0a d2 00 41 09 87 0b 12 0a d4  |.@.......A.......A.......A......|
2026-10-02T17:22:08.654  D>H  00 41 09 7d 0b 0e 0a d3 00 41 09 84 0b 0e 0a cc 00 42 09 84 0b 09 0a ca 00 42 09 8b 0b 05 0a c4  |.A.}.....A.......B.......B......|
2026-10-02T17:22:08.654  D>H  34 65                                                                                            |4e|
2026-10-02T17:22:09.520  H>D  06                                                                                               |.|
2026-10-02T17:22:09.589  D>H  00 41 09 84 0a ff 0a c3 00 41 09 81 0a fd 0a bc 00 42 09 7d 0a fb 0a bc 00 41 09 75 0a f5 0a bc  |.A.......A.......B.}.....A.u....|
2026-10-02T17:22:09.589  D>H  00 43 09 74 0a f1 0a b5 00 43 09 7c 0a ed 0a ae 00 43 09 84 0a e6 0a ab 00 43 09 7d 0a e3 0a a4  |.C.t.....C.|.....C.......C.}....|
2026-10-02T17:22:09.589  D>H  00 43 09 7e 0a de 0a 9d 00 44 09 7c 0a dc 0a 9b 00 44 09 6c 0a dc 0a 98 00 43 09 66 0a d9 0a 93  |.C.~.....D.|.....D.l.....C.f....|
2026-10-02T17:22:09.589  D>H  00 43 09 60 0a d8 0a 93 00 44 09 5f 0a d4 0a 92 00 44 09 63 0a d3 0a 8b 00 44 09 64 0a cc 0a 89  |.C.`.....D._.....D.c.....D.d....|
2026-10-02T17:22:09.589  D>H  00 44 09 6b 0a c6 0a 7e 00 44 09 66 0a c4 0a 79 00 44 09 68 0a bc 0a 72 00 45 09 63 0a b5 0a 6a  |.D.k...~.D.f...y.D.h...r.E.c...j|
2026-10-02T17:22:09.589  D>H  00 45 09 5d 0a b3 0a 6a 00 45 09 5b 0a ac 0a 65 00 45 09 5b 0a ab 0a 61 00 46 09 56 0a a9 0a 5d  |.E.]...j.E.[...e.E.[...a.F.V...]|
2026-10-02T17:22:09.589  D>H  00 46 09 50 0a ab 0a 5e 00 46 09 4b 0a ab 0a 61 00 46 09 4b 0a ab 0a 61 00 46 09 4b 0a ab 0a 61  |.F.P...^.F.K...a.F.K...a.F.K...a|
2026-10-02T17:22:09.589  D>H  00 46 09 4e 0a a7 0a 61 00 47 09 52 0a a3 0a 59 00 47 09 53 0a 9b 0a 51 00 48 09 55 0a 93 0a 49  |.F.N...a.G.R...Y.G.S...Q.H.U...I|
2026-10-02T17:22:09.589  D>H  42 79                                                                                            |By|
2026-10-02T17:22:10.451  H>D  06                                                                                               |.|
2026-10-02T17:22:10.518  D>H  00 48 09 53 0a 93 0a 49 00 48 09 53 0a 91 0a 49 00 49 09 55 0a 8a 0a 47 00 49 09 59 0a 88 0a 41  |.H.S...I.H.S...I.I.U...G.I.Y...A|
2026-10-02T17:22:10.518  D>H  00 49 09 5c 0a 82 0a 3f 00 49 09 5b 0a 7b 0a 38 00 49 09 5b 0a 7a 0a 36 00 4a 09 56 0a 7a 0a 38  |.I.\...?.I.[.{.8.I.[.z.6.J.V.z.8|
2026-10-02T17:22:10.518  D>H  00 4a 09 53 0a 7f 0a 35 00 4a 09 53 0a 7a 0a 34 00 4a 09 53 0a 79 0a 30 00 4a 09 53 0a 73 0a 2c  |.J.S...5.J.S.z.4.J.S.y.0.J.S.s.,|
2026-10-02T17:22:10.518  D>H  00 4a 09 53 0a 72 0a 28 00 4a 09 54 0a 6a 0a 24 00 4a 09 53 0a 6a 0a 20 00 4a 09 53 0a 67 0a 20  |.J.S.r.(.J.T.j.$.J.S.j. .J.S.g. |
2026-10-02T17:22:10.518  D>H  00 4b 09 53 0a 61 0a 20 00 4c 09 50 0a 61 0a 1e 00 4c 09 51 0a 5e 0a 19 00 4c 09 4e 0a 5a 0a 18  |.K.S.a. .L.P.a...L.Q.^...L.N.Z..|
2026-10-02T17:22:10.518  D>H  00 4c 09 4e 0a 59 0a 18 00 4c 09 51 0a 59 0a 16 00 4d 09 51 0a 53 0a 11 00 4d 09 53 0a 51 0a 0f  |.L.N.Y...L.Q.Y...M.Q.S...M.S.Q..|
2026-10-02T17:22:10.518  D>H  00 4d 09 53 0a 4b 0a 0f 00 4e 09 53 0a 49 0a 0b 00 4e 09 53 0a 48 0a 07 00 4e 09 53 0a 41 0a 02  |.M.S.K...N.S.I...N.S.H...N.S.A..|
2026-10-02T17:22:10.518  D>H  00 4e 09 53 0a 41 09 ff 00 4e 09 53 0a 41 0a 00 00 4e 09 53 0a 3f 09 ff 00 4e 09 53 0a 3a 09 ff  |.N.S.A...N.S.A...N.S.?...N.S.:..|
2026-10-02T17:22:10.518  D>H  2b 44                                                                                            |+D|
2026-10-02T17:22:11.369  H>D  06                                                                                               |.|
2026-10-02T17:22:11.435  D>H  00 4e 09 53 0a 42 0a 00 00 4f 09 53 0a 44 0a 07 00 50 09 54 0a 42 0a 07 00 50 09 5a 0a 41 0a 07  |.N.S.B...O.S.D...P.T.B...P.Z.A..|
2026-10-02T17:22:11.435  D>H  00 4f 09 5b 0a 41 0a 06 00 4f 09 5b 0a 41 0a 02 00 50 09 5b 0a 3f 09 ff 00 50 09 5a 0a 39 09 ff  |.O.[.A...O.[.A...P.[.?...P.Z.9..|
2026-10-02T17:22:11.435  D>H  00 50 09 55 0a 38 09 f9 00 50 09 53 0a 38 09 f7 00 51 09 53 0a 39 09 f7 00 51 09 53 0a 3a 09 f7  |.P.U.8...P.S.8...Q.S.9...Q.S.:..|
2026-10-02T17:22:11.435  D>H  00 51 09 53 0a 38 09 f7 00 51 09 53 0a 38 09 f7 00 51 09 53 0a 35 09 f0 00 52 09 53 0a 33 09 f0  |.Q.S.8...Q.S.8...Q.S.5...R.S.3..|
2026-10-02T17:22:11.435  D>H  00 52 09 53 0a 30 09 ef 00 51 09 53 0a 30 09 ea 00 52 09 53 0a 2a 09 e6 00 51 09 53 0a 28 09 e6  |.R.S.0...Q.S.0...R.S.*...Q.S.(..|
2026-10-02T17:22:11.435  D>H  00 51 09 52 0a 20 09 de 00 51 09 53 0a 1a 09 d6 00 52 09 53 0a 18 09 ce 00 52 09 50 0a 10 09 ce  |.Q.R. ...Q.S.....R.S.....R.P....|
2026-10-02T17:22:11.435  D>H  00 52 09 4d 0a 0f 09 ce 00 52 09 4b 0a 07 09 c9 00 52 09 4c 0a 05 09 c6 00 52 09 4b 09 ff 09 c3  |.R.M.....R.K.....R.L.....R.K....|
2026-10-02T17:22:11.435  D>H  00 53 09 4b 09 fd 09 c0 00 53 09 4b 09 ff 09 c5 00 53 09 4b 09 fd 09 c2 00 54 09 48 09 f8 09 c0  |.S.K.....S.K.....S.K.....T.H....|
2026-10-02T17:22:11.435  D>H  38 a9                                                                                            |8.|
2026-10-02T17:22:12.300  H>D  06                                                                                               |.|
2026-10-02T17:22:12.367  D>H  00 54 09 48 09 f9 09 bd 00 54 09 49 09 f8 09 bd 00 54 09 4b 09 f7 09 bd 00 55 09 44 09 f8 09 bd  |.T.H.....T.I.....T.K.....U.D....|
2026-10-02T17:22:12.367  D>H  00 54 09 42 09 fd 09 bd 00 55 09 44 09 fe 09 b8 00 55 09 44 09 ff 09 bd 00 55 09 43 09 fa 09 bd  |.T.B.....U.D.....U.D.....U.C....|
2026-10-02T17:22:12.367  D>H  00 55 09 43 09 fa 09 b9 00 55 09 43 09 f7 09 b5 00 55 09 44 09 f7 09 b5 00 55 09 42 09 f5 09 b4  |.U.C.....U.C.....U.D.....U.B....|
2026-10-02T17:22:12.367  D>H  00 56 09 42 09 f5 09 b0 00 56 09 42 09 ef 09 b1 00 56 09 42 09 ef 09 ae 00 56 09 42 09 ef 09 ad  |.V.B.....V.B.....V.B.....V.B....|
2026-10-02T17:22:12.367  D>H  00 56 09 42 09 f1 09 ad 00 56 09 44 09 ef 09 b0 00 56 09 43 09 ef 09 b1 00 55 09 47 09 ef 09 b1  |.V.B.....V.D.....V.C.....U.G....|
2026-10-02T17:22:12.367  D>H  00 56 09 44 09 ef 09 ae 00 56 09 44 09 ec 09 ad 00 56 09 44 09 ee 09 ac 00 56 09 43 09 e8 09 ad  |.V.D.....V.D.....V.D.....V.C....|
2026-10-02T17:22:12.367  D>H  00 56 09 42 09 e6 09 ad 00 56 09 42 09 e5 09 a7 00 57 09 42 09 e1 09 a8 00 57 09 42 09 e6 09 ad  |.V.B.....V.B.....W.B.....W.B....|
2026-10-02T17:22:12.367  D>H  00 57 09 42 09 e6 09 ad 00 57 09 49 09 e4 09 ad 00 57 09 42 09 e1 09 a8 00 57 09 42 09 e4 09 aa  |.W.B.....W.I.....W.B.....W.B....|
2026-10-02T17:22:12.367  D>H  4a cd                                                                                            |J.|
2026-10-02T17:22:13.218  H>D  06                                                                                               |.|
2026-10-02T17:22:13.284  D>H  00 58 09 42 09 e6 09 ab 00 58 09 43 09 e6 09 ab 00 57 09 42 09 e6 09 ad 00 57 09 42 09 eb 09 ad  |.X.B.....X.C.....W.B.....W.B....|
2026-10-02T17:22:13.284  D>H  00 57 09 42 09 ec 09 ad 00 58 09 42 09 e6 09 ad 00 58 09 42 09 e6 09 a7 00 58 09 42 09 e6 09 a5  |.W.B.....X.B.....X.B.....X.B....|
2026-10-02T17:22:13.284  D>H  00 58 09 41 09 e3 09 a5 00 58 09 42 09 e4 09 a5 00 58 09 42 09 de 09 a2 00 58 09 3f 09 dc 09 9d  |.X.A.....X.B.....X.B.....X.?....|
2026-10-02T17:22:13.284  D>H  00 58 09 3d 09 d6 09 99 00 59 09 3d 09 d6 09 96 00 58 09 3c 09 d1 09 94 00 58 09 3e 09 ce 09 91  |.X.=.....Y.=.....X.<.....X.>....|
2026-10-02T17:22:13.284  D>H  00 58 09 3a 09 d2 09 92 00 59 09 3b 09 d2 09 94 00 59 09 3c 09 ce 09 94 00 58 09 3b 09 ce 09 92  |.X.:.....Y.;.....Y.<.....X.;....|
2026-10-02T17:22:13.284  D>H  00 58 09 3b 09 c6 09 8c 00 59 09 3a 09 c6 09 86 00 59 09 3a 09 c6 09 86 00 59 09 3a 09 c6 09 88  |.X.;.....Y.:.....Y.:.....Y.:....|
2026-10-02T17:22:13.284  D>H  00 59 09 3a 09 c3 09 85 00 5a 09 36 09 bd 09 87 00 59 09 37 09 c1 09 84 00 59 09 3a 09 be 09 89  |.Y.:.....Z.6.....Y.7.....Y.:....|
2026-10-02T17:22:13.284  D>H  00 5a 09 3a 09 c6 09 8c 00 5a 09 37 09 c6 09 8c 00 59 09 34 09 c3 09 8c 00 59 09 33 09 c1 09 8a  |.Z.:.....Z.7.....Y.4.....Y.3....|
2026-10-02T17:22:13.284  D>H  43 59                                                                                            |CY|
2026-10-02T17:22:14.136  H>D  06                                                                                               |.|
2026-10-02T17:22:14.202  D>H  00 59 09 32 09 be 09 8b 00 59 09 30 09 bf 09 89 00 59 09 2a 09 be 09 84 00 59 09 30 09 c5 09 84  |.Y.2.....Y.0.....Y.*.....Y.0....|
2026-10-02T17:22:14.202  D>H  00 59 09 2f 09 c0 09 84 00 59 09 2c 09 bd 09 84 00 59 09 30 09 be 09 82 00 59 09 32 09 bd 09 83  |.Y./.....Y.,.....Y.0.....Y.2....|
2026-10-02T17:22:14.202  D>H  00 59 09 32 09 bd 09 7e 00 59 09 30 09 b9 09 81 00 59 09 32 09 bd 09 7c 00 59 09 32 09 bd 09 80  |.Y.2...~.Y.0.....Y.2...|.Y.2....|
2026-10-02T17:22:14.202  D>H  00 59 09 32 09 bd 09 80 00 59 09 33 09 b8 09 7e 00 5a 09 33 09 ba 09 7c 00 5a 09 34 09 b7 09 7d  |.Y.2.....Y.3...~.Z.3...|.Z.4...}|
2026-10-02T17:22:14.202  D>H  00 5a 09 32 09 b8 09 80 00 5a 09 32 09 b5 09 7c 00 5a 09 32 09 bb 09 7c 00 5a 09 32 09 ba 09 7c  |.Z.2.....Z.2...|.Z.2...|.Z.2...||
2026-10-02T17:22:14.202  D>H  00 5b 09 32 09 b7 09 7c 00 5b 09 32 09 b5 09 7c 00 5b 09 32 09 b5 09 7c 00 5a 09 32 09 b5 09 7b  |.[.2...|.[.2...|.[.2...|.Z.2...{|
2026-10-02T17:22:14.202  D>H  00 5a 09 32 09 b5 09 7c 00 5a 09 31 09 ad 09 75 00 5b 09 2c 09 ad 09 74 00 5b 09 2a 09 a7 09 74  |.Z.2...|.Z.1...u.[.,...t.[.*...t|
2026-10-02T17:22:14.202  D>H  00 5b 09 2a 09 a5 09 6e 00 5b 09 2a 09 9e 09 6e 00 5b 09 25 09 a4 09 6b 00 5b 09 26 09 a4 09 6c  |.[.*...n.[.*...n.[.%...k.[.&...l|
2026-10-02T17:22:14.202  D>H  3a df                                                                                            |:.|
2026-10-02T17:22:15.051  H>D  06                                                                                               |.|
2026-10-02T17:22:15.117  D>H  00 5b 09 22 09 a4 09 6b 00 5b 09 22 09 a3 09 6b 00 5b 09 26 09 a0 09 6b 00 5b 09 26 09 9e 09 6a  |.[."...k.[."...k.[.&...k.[.&...j|
2026-10-02T17:22:15.117  D>H  00 5b 09 27 09 9d 09 68 00 5c 09 2a 09 9d 09 67 00 5b 09 2a 09 9d 09 64 00 5c 09 2a 09 9f 09 69  |.[.'...h.\.*...g.[.*...d.\.*...i|
2026-10-02T17:22:15.117  D>H  00 5c 09 2a 09 9d 09 66 00 5c 09 2a 09 9d 09 63 00 5c 09 2a 09 9d 09 64 00 5c 09 2a 09 9d 09 63  |.\.*...f.\.*...c.\.*...d.\.*...c|
2026-10-02T17:22:15.117  D>H  00 5c 09 2a 09 9d 09 63 00 5c 09 2a 09 9b 09 63 00 5c 09 2a 09 98 09 62 00 5c 09 27 09 94 09 5e  |.\.*...c.\.*...c.\.*...b.\.'...^|
2026-10-02T17:22:15.117  D>H  00 5d 09 2a 09 94 09 5b 00 5d 09 29 09 92 09 5b 00 5d 09 29 09 94 09 5b 00 5d 09 29 09 92 09 5b  |.].*...[.].)...[.].)...[.].)...[|
2026-10-02T17:22:15.117  D>H  00 5d 09 24 09 8e 09 5b 00 5d 09 24 09 8c 09 59 00 5d 09 22 09 8c 09 58 00 5d 09 24 09 8c 09 58  |.].$...[.].$...Y.]."...X.].$...X|
2026-10-02T17:22:15.117  D>H  00 5d 09 24 09 8c 09 56 00 5d 09 22 09 87 09 53 00 5d 09 22 09 84 09 53 00 5d 09 24 09 84 09 51  |.].$...V.]."...S.]."...S.].$...Q|
2026-10-02T17:22:15.117  D>H  00 5d 09 25 09 84 09 53 00 5d 09 25 09 84 09 53 00 5d 09 23 09 84 09 52 00 5d 09 25 09 84 09 53  |.].%...S.].%...S.].#...R.].%...S|
2026-10-02T17:22:15.117  D>H  31 fe                                                                                            |1.|
2026-10-02T17:22:15.983  H>D  06                                                                                               |.|
2026-10-02T17:22:16.049  D>H  00 5d 09 23 09 7e 09 4b 00 5d 09 22 09 7c 09 4b 00 5e 09 22 09 7c 09 4b 00 5e 09 20 09 7c 09 4b  |.].#.~.K.].".|.K.^.".|.K.^. .|.K|
2026-10-02T17:22:16.049  D>H  00 5e 09 1d 09 7d 09 4b 00 5e 09 19 09 7c 09 4b 00 5e 09 17 09 7c 09 4a 00 5e 09 13 09 7c 09 4a  |.^...}.K.^...|.K.^...|.J.^...|.J|
2026-10-02T17:22:16.049  D>H  00 5e 09 16 09 7c 09 48 00 5e 09 12 09 7c 09 46 00 5e 09 17 09 7c 09 47 00 5f 09 19 09 7c 09 47  |.^...|.H.^...|.F.^...|.G._...|.G|
2026-10-02T17:22:16.049  D>H  00 5e 09 17 09 7c 09 43 00 5e 09 17 09 7c 09 42 00 5e 09 16 09 79 09 40 00 5f 09 19 09 7c 09 40  |.^...|.C.^...|.B.^...y.@._...|.@|
2026-10-02T17:22:16.049  D>H  00 5f 09 19 09 74 09 40 00 5f 09 14 09 74 09 3d 00 5f 09 11 09 70 09 3a 00 5e 09 11 09 6b 09 34  |._...t.@._...t.=._...p.:.^...k.4|
2026-10-02T17:22:16.049  D>H  00 5e 09 11 09 6b 09 32 00 5e 09 11 09 65 09 32 00 5f 09 15 09 65 09 32 00 5f 09 18 09 65 09 34  |.^...k.2.^...e.2._...e.2._...e.4|
2026-10-02T17:22:16.049  D>H  00 5f 09 18 09 63 09 34 00 5f 09 12 09 63 09 32 00 5f 09 11 09 62 09 32 00 5f 09 11 09 5b 09 2b  |._...c.4._...c.2._...b.2._...[.+|
2026-10-02T17:22:16.049  D>H  00 5f 09 0b 09 5b 09 2c 00 5f 09 09 09 63 09 31 00 60 09 09 09 63 09 31 00 60 09 09 09 63 09 2e  |._...[.,._...c.1.`...c.1.`...c..|
2026-10-02T17:22:16.049  D>H  27 aa                                                                                            |'.|
2026-10-02T17:22:16.900  H>D  06                                                                                               |.|
2026-10-02T17:22:16.969  D>H  00 60 09 09 09 65 09 2c 00 60 09 0c 09 61 09 2c 00 60 09 09 09 63 09 2a 00 60 09 0a 09 63 09 2a  |.`...e.,.`...a.,.`...c.*.`...c.*|
2026-10-02T17:22:16.969  D>H  00 60 09 0f 09 63 09 2b 00 60 09 0f 09 5f 09 2a 00 5f 09 11 09 5e 09 2a 00 60 09 11 09 62 09 2b  |.`...c.+.`..._.*._...^.*.`...b.+|
2026-10-02T17:22:16.969  D>H  00 60 09 11 09 63 09 2a 00 60 09 11 09 5f 09 2a 00 60 09 11 09 5c 09 2a 00 60 09 11 09 59 09 2a  |.`...c.*.`..._.*.`...\.*.`...Y.*|
2026-10-02T17:22:16.969  D>H  00 5f 09 11 09 5b 09 26 00 5f 09 13 09 5b 09 2a 00 5f 09 11 09 5b 09 2a 00 5f 09 11 09 59 09 2a  |._...[.&._...[.*._...[.*._...Y.*|
2026-10-02T17:22:16.969  D>H  00 60 09 11 09 5b 09 2a 00 60 09 11 09 5b 09 2a 00 61 09 11 09 5d 09 2a 00 61 09 11 09 5b 09 2a  |.`...[.*.`...[.*.a...].*.a...[.*|
2026-10-02T17:22:16.969  D>H  00 61 09 11 09 5b 09 2a 00 60 09 0d 09 5b 09 26 00 60 09 09 09 59 09 23 00 61 09 09 09 56 09 22  |.a...[.*.`...[.&.`...Y.#.a...V."|
2026-10-02T17:22:16.969  D>H  00 61 09 09 09 53 09 22 00 61 09 0b 09 53 09 22 00 61 09 0e 09 53 09 23 00 61 09 0b 09 53 09 22  |.a...S.".a...S.".a...S.#.a...S."|
2026-10-02T17:22:16.969  D>H  00 61 09 07 09 53 09 1f 00 61 09 02 09 51 09 1c 00 61 09 02 09 4f 09 1b 00 61 09 01 09 50 09 19  |.a...S...a...Q...a...O...a...P..|
2026-10-02T17:22:16.969  D>H  21 2e                                                                                            |!.|
2026-10-02T17:22:17.818  H>D  06                                                                                               |.|
2026-10-02T17:22:17.894  D>H  00 61 09 01 09 51 09 1d 00 61 09 03 09 53 09 1f 00 61 09 08 09 53 09 1e 00 61 09 05 09 53 09 20  |.a...Q...a...S...a...S...a...S. |
2026-10-02T17:22:17.894  D>H  00 61 09 04 09 53 09 21 00 61 09 01 09 51 09 1d 00 61 09 01 09 4e 09 19 00 61 09 01 09 4b 09 19  |.a...S.!.a...Q...a...N...a...K..|
2026-10-02T17:22:17.894  D>H  00 61 09 01 09 4b 09 19 00 61 09 01 09 4b 09 19 00 61 09 01 09 49 09 19 00 61 08 fd 09 48 09 17  |.a...K...a...K...a...I...a...H..|
2026-10-02T17:22:17.894  D>H  00 61 08 f9 09 45 09 19 00 61 08 f9 09 43 09 19 00 61 09 01 09 41 09 12 00 61 09 02 09 3b 09 11  |.a...E...a...C...a...A...a...;..|
2026-10-02T17:22:17.894  D>H  00 61 09 07 09 3a 09 11 00 61 09 07 09 39 09 12 00 61 09 09 09 3a 09 11 00 61 09 06 09 3a 09 11  |.a...:...a...9...a...:...a...:..|
2026-10-02T17:22:17.894  D>H  00 61 09 07 09 3a 09 17 00 61 09 09 09 3a 09 13 00 61 09 09 09 3a 09 16 00 61 09 09 09 3a 09 13  |.a...:...a...:...a...:...a...:..|
2026-10-02T17:22:17.894  D>H  00 61 09 01 09 3a 09 11 00 62 09 01 09 3a 09 16 00 62 09 01 09 3a 09 14 00 62 09 01 09 3a 09 11  |.a...:...b...:...b...:...b...:..|
2026-10-02T17:22:17.894  D>H  00 62 09 02 09 38 09 10 00 62 09 08 09 35 09 10 00 62 09 04 09 32 09 0f 00 62 09 09 09 32 09 11  |.b...8...b...5...b...2...b...2..|
2026-10-02T17:22:17.894  D>H  1d ea                                                                                            |..|
2026-10-02T17:22:18.754  H>D  06                                                                                               |.|
2026-10-02T17:22:18.820  D>H  00 62 09 06 09 32 09 0e 00 62 09 0a 09 32 09 11 00 62 09 04 09 31 09 11 00 62 09 08 09 32 09 11  |.b...2...b...2...b...1...b...2..|
2026-10-02T17:22:18.820  D>H  00 62 09 09 09 32 09 11 00 62 09 09 09 32 09 11 00 62 09 09 09 31 09 11 00 62 09 09 09 32 09 11  |.b...2...b...2...b...1...b...2..|
2026-10-02T17:22:18.820  D>H  00 62 09 09 09 32 09 11 00 62 09 09 09 32 09 10 00 62 09 08 09 32 09 11 00 62 09 09 09 34 09 11  |.b...2...b...2...b...2...b...4..|
2026-10-02T17:22:18.820  D>H  00 62 09 09 09 39 09 11 00 62 09 09 09 37 09 11 00 62 09 09 09 35 09 10 00 62 09 08 09 35 09 0e  |.b...9...b...7...b...5...b...5..|
2026-10-02T17:22:18.820  D>H  00 62 09 04 09 3a 09 0f 00 62 09 01 09 39 09 11 00 62 09 01 09 33 09 0c 00 62 08 ff 09 32 09 09  |.b...:...b...9...b...3...b...2..|
2026-10-02T17:22:18.820  D>H  00 62 08 fb 09 2f 09 04 00 62 08 fb 09 2a 09 00 00 62 08 fd 09 2a 09 01 00 62 09 01 09 28 09 01  |.b.../...b...*...b...*...b...(..|
2026-10-02T17:22:18.820  D>H  00 62 08 ff 09 25 09 02 00 62 08 fa 09 22 09 01 00 62 08 fa 09 22 09 01 00 62 08 f9 09 22 09 01  |.b...%...b..."...b..."...b..."..|
2026-10-02T17:22:18.820  D>H  00 62 08 f8 09 23 09 01 00 63 08 f2 09 26 09 01 00 63 08 f3 09 26 09 01 00 63 08 f3 09 24 09 01  |.b...#...c...&...c...&...c...$..|
2026-10-02T17:22:18.820  D>H  22 f1                                                                                            |".|
2026-10-02T17:22:19.675  H>D  06                                                                                               |.|
2026-10-02T17:22:19.742  D>H  00 63 08 f2 09 22 09 00 00 63 08 f7 09 22 08 fb 00 63 08 f9 09 22 08 fd 00 63 08 fa 09 22 09 00  |.c..."...c..."...c..."...c..."..|
2026-10-02T17:22:19.742  D>H  00 63 08 f9 09 23 09 01 00 63 08 f4 09 23 09 01 00 63 08 f0 09 22 09 02 00 63 08 f0 09 22 09 01  |.c...#...c...#...c..."...c..."..|
2026-10-02T17:22:19.742  D>H  00 63 08 f0 09 22 09 01 00 63 08 f0 09 22 09 01 00 63 08 f0 09 22 09 01 00 63 08 f0 09 22 08 fe  |.c..."...c..."...c..."...c..."..|
2026-10-02T17:22:19.742  D>H  00 63 08 f0 09 20 08 f9 00 63 08 f0 09 22 08 f9 00 63 08 f0 09 20 08 f9 00 63 08 f0 09 22 08 fa  |.c... ...c..."...c... ...c..."..|
2026-10-02T17:22:19.742  D>H  00 63 08 f8 09 22 08 fc 00 63 08 f4 09 22 08 fd 00 63 08 f7 09 22 08 ff 00 63 08 f8 09 22 08 fd  |.c..."...c..."...c..."...c..."..|
2026-10-02T17:22:19.742  D>H  00 63 08 f9 09 25 09 01 00 63 08 f7 09 24 09 01 00 63 08 f0 09 22 08 fd 00 63 08 f0 09 22 08 f9  |.c...%...c...$...c..."...c..."..|
2026-10-02T17:22:19.742  D>H  00 63 08 ef 09 1c 08 f4 00 63 08 e9 09 19 08 f0 00 63 08 ef 09 15 08 f0 00 63 08 e8 09 15 08 ed  |.c.......c.......c.......c......|
2026-10-02T17:22:19.742  D>H  00 63 08 e8 09 11 08 ee 00 63 08 ec 09 11 08 f0 00 63 08 f0 09 11 08 f0 00 63 08 f0 09 11 08 f1  |.c.......c.......c.......c......|
2026-10-02T17:22:19.742  D>H  45 e8                                                                                            |E.|
2026-10-02T17:22:20.609  H>D  06                                                                                               |.|
2026-10-02T17:22:20.678  D>H  00 63 08 f0 09 11 08 f7 00 63 08 f0 09 11 08 f6 00 63 08 ed 09 0e 08 f0 00 63 08 f0 09 10 08 f0  |.c.......c.......c.......c......|
2026-10-02T17:22:20.678  D>H  00 63 08 ef 09 11 08 f0 00 63 08 f0 09 14 08 f8 00 63 08 f0 09 19 08 f9 00 63 08 ee 09 19 08 f9  |.c.......c.......c.......c......|
2026-10-02T17:22:20.678  D>H  00 63 08 e8 09 12 08 f2 00 63 08 e8 09 11 08 f0 00 63 08 e8 09 11 08 f0 00 63 08 e7 09 11 08 f0  |.c.......c.......c.......c......|
2026-10-02T17:22:20.678  D>H  00 63 08 e0 09 0f 08 e9 00 63 08 e0 09 0f 08 e8 00 63 08 e0 09 09 08 e8 00 63 08 e0 09 09 08 e7  |.c.......c.......c.......c......|
2026-10-02T17:22:20.678  D>H  00 63 08 e0 09 09 08 e7 00 64 08 e0 09 09 08 e7 00 64 08 e0 09 09 08 e8 00 63 08 e0 09 0b 08 e8  |.c.......d.......d.......c......|
2026-10-02T17:22:20.678  D>H  00 63 08 e1 09 09 08 e8 00 63 08 e0 09 09 08 e8 00 63 08 e0 09 09 08 e3 00 63 08 e0 09 08 08 e2  |.c.......c.......c.......c......|
2026-10-02T17:22:20.678  D>H  00 63 08 e0 09 09 08 e5 00 63 08 da 09 06 08 e5 00 64 08 e0 09 09 08 e3 00 64 08 df 09 09 08 e8  |.c.......c.......d.......d......|
2026-10-02T17:22:20.678  D>H  00 64 08 d8 09 07 08 e5 00 64 08 df 09 09 08 e0 00 64 08 e0 09 09 08 e8 00 64 08 e1 09 09 08 e8  |.d.......d.......d.......d......|
2026-10-02T17:22:20.678  D>H  4b 11                                                                                            |K.|
2026-10-02T17:22:21.529  H>D  06                                                                                               |.|
2026-10-02T17:22:21.595  D>H  00 64 08 e0 09 09 08 e8 00 64 08 e0 09 09 08 e5 00 64 08 d8 09 09 08 e7 00 64 08 d2 09 09 08 e3  |.d.......d.......d.......d......|
2026-10-02T17:22:21.595  D>H  00 64 08 d8 09 09 08 e0 00 64 08 df 09 09 08 e2 00 64 08 d9 09 08 08 e0 00 64 08 df 09 08 08 e0  |.d.......d.......d.......d......|
2026-10-02T17:22:21.595  D>H  00 64 08 e0 09 09 08 e0 00 64 08 e1 09 09 08 e4 00 64 08 e1 09 09 08 e8 00 64 08 e2 09 09 08 e8  |.d.......d.......d.......d......|
2026-10-02T17:22:21.595  D>H  00 64 08 e5 09 09 08 e8 00 64 08 e0 09 09 08 e7 00 64 08 e0 09 09 08 e7 00 64 08 df 09 05 08 e0  |.d.......d.......d.......d......|
2026-10-02T17:22:21.595  D>H  00 64 08 d8 09 01 08 dd 00 64 08 d8 09 01 08 db 00 64 08 d8 09 01 08 df 00 64 08 d8 09 01 08 e0  |.d.......d.......d.......d......|
2026-10-02T17:22:21.595  D>H  00 64 08 d8 09 01 08 e0 00 64 08 d7 09 00 08 da 00 64 08 d8 09 01 08 dc 00 64 08 d2 09 01 08 da  |.d.......d.......d.......d......|
2026-10-02T17:22:21.595  D>H  00 64 08 d0 08 fe 08 d8 00 64 08 d0 08 ff 08 d8 00 64 08 d0 08 fd 08 d8 00 64 08 d0 08 f9 08 d8  |.d.......d.......d.......d......|
2026-10-02T17:22:21.595  D>H  00 64 08 d1 08 f9 08 d7 00 64 08 d0 08 f7 08 d4 00 64 08 ce 08 f8 08 d4 00 64 08 cf 08 f6 08 d1  |.d.......d.......d.......d......|
2026-10-02T17:22:21.595  D>H  4e ec                                                                                            |N.|
2026-10-02T17:22:22.458  H>D  06                                                                                               |.|
2026-10-02T17:22:22.533  D>H  00 64 08 c7 08 f4 08 d0 00 64 08 c7 08 f2 08 d0 00 64 08 cf 08 f0 08 d0 00 64 08 d0 08 f1 08 d2  |.d.......d.......d.......d......|
2026-10-02T17:22:22.533  D>H  00 64 08 cd 08 f0 08 d0 00 64 08 d0 08 f0 08 d0 00 64 08 d2 08 f0 08 d0 00 64 08 d2 08 f0 08 d0  |.d.......d.......d.......d......|
2026-10-02T17:22:22.533  D>H  00 64 08 d0 08 f0 08 d0 00 64 08 d5 08 f0 08 d2 00 64 08 d2 08 ef 08 d5 00 64 08 d0 08 eb 08 d0  |.d.......d.......d.......d......|
2026-10-02T17:22:22.533  D>H  00 64 08 d0 08 e8 08 d0 00 64 08 d0 08 e8 08 d2 00 64 08 d4 08 ea 08 d1 00 64 08 d2 08 ec 08 d6  |.d.......d.......d.......d......|
2026-10-02T17:22:22.533  D>H  00 64 08 ce 08 e8 08 d4 00 64 08 d0 08 ec 08 d1 00 64 08 d2 08 ed 08 d1 00 64 08 d1 08 e8 08 d2  |.d.......d.......d.......d......|
2026-10-02T17:22:22.533  D>H  00 64 08 d3 08 ed 08 d2 00 64 08 d6 08 e9 08 d3 00 64 08 d5 08 e8 08 d1 00 64 08 d7 08 ef 08 d0  |.d.......d.......d.......d......|
2026-10-02T17:22:22.533  D>H  00 64 08 d1 08 f0 08 d4 00 64 08 cf 08 f0 08 d8 00 64 08 cc 08 ee 08 d8 00 64 08 c8 08 ec 08 d4  |.d.......d.......d.......d......|
2026-10-02T17:22:22.533  D>H  00 64 08 c8 08 e8 08 d0 00 64 08 c7 08 e8 08 d0 00 64 08 c7 08 e8 08 d0 00 64 08 c3 08 e8 08 d0  |.d.......d.......d.......d......|
2026-10-02T17:22:22.533  D>H  61 2d                                                                                            |a-|
2026-10-02T17:22:23.392  H>D  06                                                                                               |.|
2026-10-02T17:22:23.458  D>H  00 64 08 bf 08 e9 08 d0 00 64 08 c1 08 ed 08 d0 00 64 08 c1 08 e9 08 d0 00 64 08 c7 08 e8 08 d0  |.d.......d.......d.......d......|
2026-10-02T17:22:23.458  D>H  00 64 08 c7 08 e8 08 d0 00 64 08 c7 08 e8 08 c9 00 64 08 c4 08 e8 08 ca 00 64 08 c5 08 e8 08 ce  |.d.......d.......d.......d......|
2026-10-02T17:22:23.458  D>H  00 64 08 c5 08 e7 08 c8 00 64 08 c6 08 e2 08 c7 00 64 08 c5 08 e7 08 c7 00 64 08 c7 08 e2 08 c7  |.d.......d.......d.......d......|
2026-10-02T17:22:23.458  D>H  00 64 08 c6 08 e0 08 c7 00 64 08 c7 08 e1 08 c7 00 64 08 c7 08 e0 08 c8 00 64 08 c4 08 e0 08 c7  |.d.......d.......d.......d......|
2026-10-02T17:22:23.458  D>H  00 64 08 c7 08 e0 08 c7 00 64 08 c0 08 df 08 c7 00 64 08 c0 08 db 08 c6 00 64 08 c0 08 d8 08 c0  |.d.......d.......d.......d......|
2026-10-02T17:22:23.458  D>H  00 64 08 bf 08 d8 08 bf 00 64 08 bf 08 d2 08 bf 00 64 08 bf 08 d1 08 bf 00 64 08 bf 08 d2 08 bf  |.d.......d.......d.......d......|
2026-10-02T17:22:23.458  D>H  00 64 08 bf 08 d3 08 bf 00 64 08 b8 08 d6 08 bf 00 64 08 b9 08 d7 08 be 00 64 08 b7 08 d2 08 be  |.d.......d.......d.......d......|
2026-10-02T17:22:23.458  D>H  00 64 08 b7 08 d0 08 b8 00 64 08 bf 08 d7 08 bc 00 64 08 c7 08 d8 08 bf 00 64 08 c7 08 dd 08 c5  |.d.......d.......d.......d......|
2026-10-02T17:22:23.458  D>H  5c 30                                                                                            |\0|
2026-10-02T17:22:24.310  H>D  06                                                                                               |.|
2026-10-02T17:22:24.378  D>H  00 64 08 c7 08 db 08 c7 00 64 08 c7 08 d8 08 c4 00 64 08 c8 08 e0 08 c2 00 64 08 ce 08 e0 08 c7  |.d.......d.......d.......d......|
2026-10-02T17:22:24.378  D>H  00 64 08 d0 08 e0 08 c8 00 64 08 d0 08 e6 08 cb 00 64 08 d0 08 e2 08 ca 00 64 08 c8 08 e0 08 c7  |.d.......d.......d.......d......|
2026-10-02T17:22:24.378  D>H  00 64 08 c8 08 e0 08 c7 00 64 08 c7 08 e0 08 c7 00 64 08 cc 08 e0 08 c7 00 64 08 c8 08 e0 08 c7  |.d.......d.......d.......d......|
2026-10-02T17:22:24.378  D>H  00 64 08 ca 08 e3 08 c7 00 64 08 c7 08 e0 08 c7 00 64 08 c1 08 e0 08 c5 00 64 08 bf 08 e1 08 c7  |.d.......d.......d.......d......|
2026-10-02T17:22:24.378  D>H  00 64 08 bf 08 e1 08 c7 00 64 08 c7 08 e2 08 c6 00 64 08 c0 08 e1 08 c5 00 64 08 bd 08 e1 08 c1  |.d.......d.......d.......d......|
2026-10-02T17:22:24.378  D>H  00 64 08 ba 08 e0 08 bf 00 64 08 b7 08 e0 08 bf 00 64 08 b7 08 e0 08 bf 00 64 08 b7 08 e0 08 bd  |.d.......d.......d.......d......|
2026-10-02T17:22:24.378  D>H  00 64 08 b7 08 de 08 bf 00 64 08 b7 08 de 08 bf 00 64 08 b8 08 df 08 bd 00 64 08 b7 08 d9 08 bc  |.d.......d.......d.......d......|
2026-10-02T17:22:24.378  D>H  00 64 08 b5 08 d8 08 b9 00 64 08 b7 08 d8 08 b7 00 64 08 af 08 d8 08 b7 00 64 08 ad 08 d8 08 b7  |.d.......d.......d.......d......|
2026-10-02T17:22:24.378  D>H  5b bf                                                                                            |[.|
2026-10-02T17:22:25.236  H>D  06                                                                                               |.|
2026-10-02T17:22:25.303  D>H  00 64 08 af 08 d8 08 b7 00 64 08 b7 08 d9 08 b8 00 64 08 b7 08 d8 08 bc 00 64 08 bd 08 d8 08 ba  |.d.......d.......d.......d......|
2026-10-02T17:22:25.303  D>H  00 64 08 bf 08 d8 08 be 00 64 08 bf 08 d8 08 bc 00 64 08 bf 08 db 08 bd 00 64 08 b9 08 db 08 be  |.d.......d.......d.......d......|
2026-10-02T17:22:25.303  D>H  00 64 08 bd 08 d8 08 be 00 64 08 b7 08 d8 08 b7 00 64 08 af 08 d8 08 b5 00 64 08 ad 08 d8 08 b7  |.d.......d.......d.......d......|
2026-10-02T17:22:25.303  D>H  00 64 08 af 08 d8 08 b7 00 64 08 af 08 d8 08 b7 00 64 08 b1 08 d8 08 b7 00 64 08 b5 08 d8 08 b7  |.d.......d.......d.......d......|
2026-10-02T17:22:25.303  D>H  00 64 08 b0 08 d2 08 b7 00 64 08 af 08 d0 08 af 00 64 08 af 08 d0 08 af 00 64 08 a8 08 d0 08 af  |.d.......d.......d.......d......|
2026-10-02T17:22:25.303  D>H  00 64 08 a7 08 cf 08 af 00 64 08 a1 08 cf 08 af 00 64 08 a7 08 d1 08 af 00 64 08 a6 08 d8 08 af  |.d.......d.......d.......d......|
2026-10-02T17:22:25.303  D>H  00 64 08 a7 08 d2 08 b0 00 64 08 aa 08 d4 08 af 00 64 08 a7 08 d0 08 af 00 64 08 a0 08 d0 08 ac  |.d.......d.......d.......d......|
2026-10-02T17:22:25.303  D>H  00 64 08 a7 08 d0 08 ac 00 64 08 a6 08 d0 08 ad 00 64 08 9e 08 d0 08 ab 00 64 08 9e 08 c9 08 ab  |.d.......d.......d.......d......|
2026-10-02T17:22:25.303  D>H  56 5f                                                                                            |V_|
2026-10-02T17:22:26.168  H>D  06                                                                                               |.|
2026-10-02T17:22:26.235  D>H  00 64 08 9e 08 c7 08 a7 00 64 08 a1 08 c5 08 a2 00 64 08 a7 08 c7 08 a6 00 64 08 ab 08 c7 08 a7  |.d.......d.......d.......d......|
2026-10-02T17:22:26.235  D>H  00 64 08 ab 08 c7 08 a7 00 64 08 a7 08 c7 08 a8 00 64 08 ac 08 c7 08 a7 00 64 08 af 08 c7 08 a9  |.d.......d.......d.......d......|
2026-10-02T17:22:26.235  D>H  00 64 08 ac 08 c7 08 a7 00 64 08 a8 08 c7 08 a7 00 64 08 a7 08 c7 08 a6 00 64 08 a8 08 ce 08 a7  |.d.......d.......d.......d......|
2026-10-02T17:22:26.235  D>H  00 64 08 a7 08 d0 08 a7 00 64 08 9f 08 cd 08 a7 00 64 08 9e 08 c7 08 a2 00 64 08 9c 08 c7 08 9e  |.d.......d.......d.......d......|
2026-10-02T17:22:26.235  D>H  00 64 08 96 08 c4 08 9e 00 64 08 96 08 c4 08 9a 00 64 08 92 08 c7 08 9e 00 64 08 96 08 bf 08 9e  |.d.......d.......d.......d......|
2026-10-02T17:22:26.235  D>H  00 64 08 96 08 bf 08 9e 00 64 08 9e 08 bf 08 9c 00 64 08 9e 08 c0 08 9d 00 64 08 9e 08 bf 08 9b  |.d.......d.......d.......d......|
2026-10-02T17:22:26.235  D>H  00 64 08 9e 08 bf 08 9a 00 64 08 9e 08 bf 08 9c 00 64 08 98 08 bf 08 9d 00 64 08 96 08 bf 08 9d  |.d.......d.......d.......d......|
2026-10-02T17:22:26.235  D>H  00 64 08 94 08 bf 08 9a 00 64 08 8f 08 bf 08 9e 00 64 08 96 08 c1 08 9e 00 64 08 96 08 c0 08 9e  |.d.......d.......d.......d......|
2026-10-02T17:22:26.235  D>H  50 10                                                                                            |P.|
2026-10-02T17:22:27.084  H>D  06                                                                                               |.|
2026-10-02T17:22:27.152  D>H  00 64 08 96 08 c0 08 9e 00 64 08 95 08 c3 08 9e 00 64 08 8e 08 c4 08 9e 00 64 08 8e 08 bf 08 9e  |.d.......d.......d.......d......|
2026-10-02T17:22:27.152  D>H  00 64 08 90 08 bf 08 9b 00 64 08 96 08 bf 08 97 00 64 08 96 08 bf 08 96 00 64 08 96 08 bf 08 96  |.d.......d.......d.......d......|
2026-10-02T17:22:27.152  D>H  00 64 08 9a 08 bf 08 96 00 64 08 9c 08 bf 08 96 00 64 08 98 08 bc 08 96 00 64 08 99 08 bd 08 96  |.d.......d.......d.......d......|
2026-10-02T17:22:27.152  D>H  00 64 08 96 08 bd 08 96 00 64 08 8f 08 b7 08 92 00 64 08 8e 08 b5 08 8e 00 64 08 8e 08 af 08 8c  |.d.......d.......d.......d......|
2026-10-02T17:22:27.152  D>H  00 64 08 8e 08 b0 08 87 00 64 08 8e 08 af 08 89 00 64 08 86 08 ae 08 87 00 64 08 86 08 ae 08 87  |.d.......d.......d.......d......|
2026-10-02T17:22:27.152  D>H  00 64 08 86 08 a7 08 86 00 64 08 81 08 a9 08 86 00 64 08 82 08 a7 08 86 00 64 08 85 08 a7 08 86  |.d.......d.......d.......d......|
2026-10-02T17:22:27.152  D>H  00 64 08 7e 08 a7 08 86 00 64 08 85 08 a7 08 86 00 64 08 86 08 a7 08 86 00 64 08 86 08 a2 08 86  |.d.~.....d.......d.......d......|
2026-10-02T17:22:27.152  D>H  00 64 08 86 08 a2 08 86 00 64 08 86 08 a4 08 86 00 64 08 86 08 a5 08 86 00 64 08 89 08 a1 08 86  |.d.......d.......d.......d......|
2026-10-02T17:22:27.152  D>H  49 44                                                                                            |ID|
2026-10-02T17:22:28.019  H>D  06                                                                                               |.|
2026-10-02T17:22:28.084  D>H  00 64 08 86 08 a2 08 86 00 64 08 86 08 9f 08 86 00 64 08 86 08 a3 08 86 00 64 08 86 08 a1 08 86  |.d.......d.......d.......d......|
2026-10-02T17:22:28.084  D>H  00 64 08 80 08 9e 08 86 00 64 08 7e 08 9e 08 80 00 64 08 7e 08 9d 08 7e 00 64 08 7e 08 9e 08 80  |.d.......d.~.....d.~...~.d.~....|
2026-10-02T17:22:28.084  D>H  00 64 08 7e 08 9e 08 82 00 64 08 7e 08 9e 08 86 00 64 08 7e 08 a6 08 86 00 64 08 81 08 a5 08 8e  |.d.~.....d.~.....d.~.....d......|
2026-10-02T17:22:28.084  D>H  00 64 08 7f 08 a0 08 8e 00 64 08 7f 08 9e 08 8c 00 64 08 80 08 9e 08 8a 00 64 08 84 08 9b 08 8d  |.d.......d.......d.......d......|
2026-10-02T17:22:28.084  D>H  00 64 08 86 08 9c 08 8e 00 64 08 89 08 9e 08 8e 00 64 08 8e 08 9e 08 91 00 64 08 8e 08 9e 08 96  |.d.......d.......d.......d......|
2026-10-02T17:22:28.084  D>H  00 64 08 8e 08 a2 08 96 00 64 08 8e 08 a1 08 96 00 64 08 8b 08 9e 08 96 00 64 08 89 08 a2 08 99  |.d.......d.......d.......d......|
2026-10-02T17:22:28.084  D>H  00 64 08 8e 08 a5 08 9a 00 64 08 8e 08 a5 08 9e 00 64 08 8e 08 a4 08 9e 00 64 08 8c 08 a7 08 9e  |.d.......d.......d.......d......|
2026-10-02T17:22:28.084  D>H  00 64 08 89 08 a8 08 9e 00 64 08 89 08 aa 08 9e 00 64 08 8d 08 ad 08 a0 00 64 08 8e 08 ae 08 a2  |.d.......d.......d.......d......|
2026-10-02T17:22:28.084  D>H  46 7b                                                                                            |F{|
2026-10-02T17:22:28.934  H>D  06                                                                                               |.|
2026-10-02T17:22:29.000  D>H  00 64 08 90 08 ac 08 a2 00 64 08 90 08 a8 08 a6 00 64 08 93 08 a7 08 a6 00 64 08 95 08 a7 08 a7  |.d.......d.......d.......d......|
2026-10-02T17:22:29.000  D>H  00 64 08 96 08 ad 08 a7 00 64 08 9e 08 af 08 ae 00 64 08 9e 08 b6 08 af 00 64 08 9e 08 b7 08 af  |.d.......d.......d.......d......|
2026-10-02T17:22:29.000  D>H  00 64 08 9c 08 b8 08 af 00 64 08 99 08 ba 08 af 00 64 08 97 08 b9 08 b2 00 64 08 98 08 b9 08 b3  |.d.......d.......d.......d......|
2026-10-02T17:22:29.000  D>H  00 64 08 9e 08 ba 08 b3 00 64 08 9e 08 b9 08 b7 00 64 08 9e 08 ba 08 b7 00 64 08 9e 08 ba 08 b7  |.d.......d.......d.......d......|
2026-10-02T17:22:29.000  D>H  00 64 08 9e 08 bd 08 b7 00 64 08 9e 08 ba 08 b7 00 64 08 9e 08 b8 08 c1 00 64 08 9e 08 bc 08 c0  |.d.......d.......d.......d......|
2026-10-02T17:22:29.000  D>H  00 64 08 a2 08 b9 08 cb 00 64 08 a7 08 bf 08 ca 00 64 08 af 08 bf 08 d1 00 64 08 ae 08 c4 08 d4  |.d.......d.......d.......d......|
2026-10-02T17:22:29.000  D>H  00 64 08 af 08 c7 08 da 00 64 08 b8 08 cf 08 da 00 64 08 bf 08 d1 08 e6 00 64 08 bf 08 d8 08 ee  |.d.......d.......d.......d......|
2026-10-02T17:22:29.000  D>H  00 64 08 bf 08 d8 08 f1 00 64 08 bf 08 de 08 ec 00 64 08 bf 08 e0 08 e7 00 64 08 be 08 e0 08 e8  |.d.......d.......d.......d......|
2026-10-02T17:22:29.000  D>H  54 23                                                                                            |T#|
2026-10-02T17:22:29.862  H>D  06                                                                                               |.|
2026-10-02T17:22:29.929  D>H  00 64 08 bf 08 e0 08 eb 00 64 08 bf 08 e7 08 ef 00 64 08 bf 08 e8 08 f3 00 64 08 c0 08 f0 08 f0  |.d.......d.......d.......d......|
2026-10-02T17:22:29.929  D>H  00 64 08 c5 08 f6 08 f4 00 64 08 c7 08 f9 08 f0 00 64 08 c7 08 fb 08 f0 00 64 08 c8 08 fb 08 f0  |.d.......d.......d.......d......|
2026-10-02T17:22:29.929  D>H  00 64 08 cc 09 01 08 f2 00 64 08 d0 09 01 08 f8 00 64 08 d0 09 03 08 f9 00 64 08 d3 09 09 08 f9  |.d.......d.......d.......d......|
2026-10-02T17:22:29.929  D>H  00 64 08 d6 09 10 08 fb 00 64 08 d8 09 11 09 00 00 64 08 d8 09 12 09 01 00 64 08 d8 09 16 09 02  |.d.......d.......d.......d......|
2026-10-02T17:22:29.929  D>H  00 64 08 da 09 19 09 09 00 64 08 dd 09 1c 09 09 00 64 08 df 09 22 09 09 00 64 08 e0 09 22 09 0a  |.d.......d.......d..."...d..."..|
2026-10-02T17:22:29.929  D>H  00 64 08 e8 09 2a 09 11 00 64 08 e8 09 2f 09 16 00 64 08 ed 09 31 09 1c 00 64 08 f0 09 32 09 22  |.d...*...d.../...d...1...d...2."|
2026-10-02T17:22:29.929  D>H  00 64 08 f1 09 33 09 2a 00 64 08 f1 09 3a 09 30 00 64 08 f3 09 3f 09 2b 00 64 08 fa 09 42 09 2a  |.d...3.*.d...:.0.d...?.+.d...B.*|
2026-10-02T17:22:29.929  D>H  00 64 09 01 09 42 09 33 00 64 09 01 09 4b 09 3a 00 64 09 01 09 4e 09 3a 00 64 09 03 09 57 09 3a  |.d...B.3.d...K.:.d...N.:.d...W.:|
2026-10-02T17:22:29.929  D>H  41 01                                                                                            |A.|
2026-10-02T17:22:30.781  H>D  06                                                                                               |.|
2026-10-02T17:22:30.848  D>H  00 64 09 07 09 5b 09 3f 00 64 09 09 09 60 09 3a 00 64 09 11 09 63 09 43 00 64 09 11 09 6b 09 4b  |.d...[.?.d...`.:.d...c.C.d...k.K|
2026-10-02T17:22:30.848  D>H  00 64 09 17 09 6b 09 53 00 64 09 19 09 72 09 5b 00 64 09 19 09 75 09 5b 00 64 09 1a 09 7c 09 5b  |.d...k.S.d...r.[.d...u.[.d...|.[|
2026-10-02T17:22:30.848  D>H  00 63 09 22 09 80 09 5f 00 63 09 22 09 8c 09 63 00 63 09 29 09 94 09 63 00 63 09 2a 09 99 09 6b  |.c."..._.c."...c.c.)...c.c.*...k|
2026-10-02T17:22:30.848  D>H  00 63 09 32 09 9d 09 74 00 63 09 34 09 a2 09 76 00 63 09 3a 09 a7 09 7d 00 63 09 3a 09 b0 09 84  |.c.2...t.c.4...v.c.:...}.c.:....|
2026-10-02T17:22:30.848  D>H  00 63 09 42 09 bd 09 8c 00 63 09 3f 09 db 09 8c 00 63 09 3d 09 e8 09 94 00 63 09 42 09 f2 09 a4  |.c.B.....c.?.....c.=.....c.B....|
2026-10-02T17:22:30.848  D>H  00 63 09 4a 09 f7 09 b5 00 62 09 50 09 f9 09 c4 00 62 09 53 09 ff 09 d3 00 61 09 58 0a 04 09 e6  |.c.J.....b.P.....b.S.....a.X....|
2026-10-02T17:22:30.848  D>H  00 61 09 53 0a 08 09 fb 00 60 09 53 0a 0f 0a 08 00 60 09 5a 0a 0f 0a 1d 00 61 09 5d 0a 0f 0a 32  |.a.S.....`.S.....`.Z.....a.]...2|
2026-10-02T17:22:30.848  D>H  00 62 09 62 0a 0f 0a 4b 00 62 09 69 0a 10 0a 60 00 62 09 6b 0a 10 0a 76 00 62 09 6b 0a 18 0a 7e  |.b.b...K.b.i...`.b.k...v.b.k...~|
2026-10-02T17:22:30.848  D>H  34 6f                                                                                            |4o|
2026-10-02T17:22:31.716  H>D  06                                                                                               |.|
2026-10-02T17:22:31.783  D>H  00 5f 09 6d 0a 1c 0a 93 00 5f 09 75 0a 20 0a b4 00 5e 09 7c 0a 20 0a cd 00 5f 09 79 0a 26 0a d6  |._.m....._.u. ...^.|. ..._.y.&..|
2026-10-02T17:22:31.783  D>H  00 5e 09 77 0a 2c 0a d9 00 5c 09 6c 0a 37 0a d6 00 5c 09 66 0a 43 0a d5 00 5a 09 65 0a 49 0a d3  |.^.w.,...\.l.7...\.f.C...Z.e.I..|
2026-10-02T17:22:31.783  D>H  00 59 09 6b 0a 4f 0a da 00 58 09 6e 0a 55 0a e4 00 59 09 74 0a 59 0a f9 00 57 09 7b 0a 61 0b 0e  |.Y.k.O...X.n.U...Y.t.Y...W.{.a..|
2026-10-02T17:22:31.783  D>H  00 58 09 7c 0a 64 0b 25 00 57 09 82 0a 61 0b 26 00 56 09 84 0a 60 0b 1b 00 56 09 75 0a 69 0b 0b  |.X.|.d.%.W...a.&.V...`...V.u.i..|
2026-10-02T17:22:31.783  D>H  00 54 09 7b 0a 6a 0b 0a 00 56 09 8c 0a 69 0b 0b 00 57 09 7e 0a 6b 0b 12 00 54 09 82 0a 72 0b 26  |.T.{.j...V...i...W.~.k...T...r.&|
2026-10-02T17:22:31.783  D>H  00 53 09 7c 0a 7a 0b 35 00 52 09 7a 0a 82 0b 45 00 51 09 76 0a 8a 0b 55 00 51 09 88 0a 96 0b 80  |.S.|.z.5.R.z...E.Q.v...U.Q......|
2026-10-02T17:22:31.783  D>H  00 51 09 b7 0a a2 0b ee 00 51 09 f0 0a b9 0c c4 00 4f 09 f9 0a cb 0d 80 00 4c 09 ef 0a cd 0d cc  |.Q.......Q.......O.......L......|
2026-10-02T17:22:31.783  D>H  00 4a 09 e6 0a d4 0d db 00 48 09 c7 0a d4 0d d0 00 47 09 b0 0a d7 0d a6 00 46 09 a3 0a dc 0d 66  |.J.......H.......G.......F.....f|
2026-10-02T17:22:31.783  D>H  3f 6e                                                                                            |?n|
2026-10-02T17:22:32.635  H>D  06                                                                                               |.|
2026-10-02T17:22:32.702  D>H  00 45 09 9b 0a e5 0d 21 00 45 09 a1 0a e5 0c f0 00 46 09 a8 0a dd 0c b8 00 47 09 ae 0a dc 0c 83  |.E.....!.E.......F.......G......|
2026-10-02T17:22:32.702  D>H  00 46 09 b5 0a d8 0c 62 00 45 09 b5 0a d9 0c 50 00 47 09 b4 0a e0 0c 4d 00 46 09 b5 0a e3 0c 4e  |.F.....b.E.....P.G.....M.F.....N|
2026-10-02T17:22:32.702  D>H  00 45 09 b2 0a e8 0c 53 00 46 09 d6 0a ef 0c 80 00 46 09 f0 0a fd 0d 0c 00 44 09 e1 0b 08 0d 7f  |.E.....S.F.......F.......D......|
2026-10-02T17:22:32.702  D>H  00 42 09 d6 0b 0e 0d a0 00 41 09 e0 0b 16 0d a8 00 41 09 f6 0b 1e 0d bd 00 40 09 f7 0b 24 0d d1  |.B.......A.......A.......@...$..|
2026-10-02T17:22:32.702  D>H  00 3f 09 f8 0b 2b 0e 0c 00 3f 09 ff 0b 2e 0e 4e 00 3f 09 f9 0b 37 0e 6a 00 3f 0a 00 0b 3c 0e 53  |.?...+...?.....N.?...7.j.?...<.S|
2026-10-02T17:22:32.702  D>H  00 3e 0a 0f 0b 3c 0e 2b 00 3e 09 ef 0b 2f 0d e8 00 3d 09 ff 0b 39 0d c7 00 3d 09 ef 0b 3f 0d af  |.>...<.+.>.../...=...9...=...?..|
2026-10-02T17:22:32.702  D>H  00 3d 09 ef 0b 3f 0d a4 00 3d 09 e6 0b 3f 0d ac 00 3d 09 ef 0b 3f 0d c4 00 3d 09 fe 0b 48 0d d3  |.=...?...=...?...=...?...=...H..|
2026-10-02T17:22:32.702  D>H  00 3e 0a 1d 0b 5b 0e 0c 00 3d 0a 25 0b 59 0e 66 00 3c 0a 38 0b 68 0e e7 00 3b 0a 45 0b 77 0f 7d  |.>...[...=.%.Y.f.<.8.h...;.E.w.}|
2026-10-02T17:22:32.702  D>H  41 a4                                                                                            |A.|
2026-10-02T17:22:33.552  H>D  06                                                                                               |.|
2026-10-02T17:22:33.620  D>H  00 38 0a 41 0b 81 10 02 00 37 0a 61 0b 9d 10 4b 00 36 0a 6c 0b a6 10 96 00 35 0a 82 0b bc 10 e2  |.8.A.....7.a...K.6.l.....5......|
2026-10-02T17:22:33.620  D>H  00 34 0a a3 0b c2 11 34 00 33 0a aa 0b da 11 50 00 32 0a a3 0b eb 11 8e 00 31 0a 9a 0b fd 11 cb  |.4.....4.3.....P.2.......1......|
2026-10-02T17:22:33.620  D>H  00 2f 0a d5 0c 23 12 2c 00 2d 0a bc 0c 23 12 a5 00 2b 0a 93 0c 23 12 bd 00 2a 0a d5 0c 3b 12 ca  |./...#.,.-...#...+...#...*...;..|
2026-10-02T17:22:33.620  D>H  00 2c 0a bb 0c 35 12 e1 00 28 0a cf 0c 55 13 1b 00 27 0a e2 0c 66 13 4f 00 24 0a ba 0c 76 13 0a  |.,...5...(...U...'...f.O.$...v..|
2026-10-02T17:22:33.620  D>H  00 24 0a 5b 0c 3e 12 47 00 25 0a 59 0c 36 11 03 00 26 0a 91 0c 3f 10 37 00 27 0a 8a 0c 26 0f c5  |.$.[.>.G.%.Y.6...&...?.7.'...&..|
2026-10-02T17:22:33.620  D>H  00 29 0a a6 0c 24 0f 98 00 2a 0a c4 0c 37 10 17 00 2a 0a d4 0c 36 10 b4 00 2a 0a c2 0c 27 11 39  |.)...$...*...7...*...6...*...'.9|
2026-10-02T17:22:33.620  D>H  00 28 0a 93 0c 1c 11 b4 00 28 0a ab 0c 30 11 ce 00 28 0a bf 0c 3d 11 f3 00 26 0a d9 0c 5d 12 26  |.(.......(...0...(...=...&...].&|
2026-10-02T17:22:33.620  D>H  00 27 0a cc 0c 6a 12 9d 00 24 0a bf 0c 75 12 df 00 24 0a 79 0c 57 12 4e 00 24 0a 77 0c 4d 10 f3  |.'...j...$...u...$.y.W.N.$.w.M..|
2026-10-02T17:22:33.620  D>H  3a 28                                                                                            |:(|
2026-10-02T17:22:34.482  H>D  06                                                                                               |.|
2026-10-02T17:22:34.549  D>H  00 25 0a bc 0c 56 10 f7 00 26 0a dc 0c 76 11 ab 00 25 0a ce 0c 5c 12 2f 00 25 0a d8 0c 69 12 7d  |.%...V...&...v...%...\./.%...i.}|
2026-10-02T17:22:34.549  D>H  00 23 0a bc 0c 76 12 be 00 23 0a d6 0c 92 12 6c 00 23 0a ba 0c 7b 12 80 00 24 0a 9f 0c 58 11 8b  |.#...v...#.....l.#...{...$...X..|
2026-10-02T17:22:34.549  D>H  00 24 0a bb 0c 58 11 16 00 25 0a dc 0c 6e 11 8d 00 26 0b 0d 0c 77 12 57 00 27 0b 2e 0c 97 12 eb  |.$...X...%...n...&...w.W.'......|
2026-10-02T17:22:34.549  D>H  00 28 0b 16 0c 86 13 50 00 24 0a d7 0c 7f 13 03 00 25 0a be 0c 50 12 d2 00 27 0a a8 0c 3d 12 2b  |.(.....P.$.......%...P...'...=.+|
2026-10-02T17:22:34.549  D>H  00 29 0a bc 0c 58 12 0c 00 26 0a e3 0c 79 12 5d 00 25 0a f1 0c 95 12 b3 00 24 0a e9 0c 96 12 f2  |.)...X...&...y.].%.......$......|
2026-10-02T17:22:34.549  D>H  00 23 0a ed 0c 95 12 f0 00 22 0a dd 0c 8d 12 ea 00 22 0a bc 0c 83 12 e8 00 20 0a c6 0c 9e 12 db  |.#......."......."....... ......|
2026-10-02T17:22:34.549  D>H  00 23 0a f7 0c b6 13 01 00 20 0b 02 0c b8 13 36 00 21 0b 03 0c d4 13 58 00 23 0b 1a 0c f2 13 a0  |.#....... .....6.!.....X.#......|
2026-10-02T17:22:34.549  D>H  00 20 0a e9 0c e5 13 cf 00 1e 0a bb 0c cc 13 bf 00 1e 0a e6 0c d9 13 9f 00 1f 0a e5 0c d4 13 a6  |. ..............................|
2026-10-02T17:22:34.549  D>H  42 1b                                                                                            |B.|
2026-10-02T17:22:35.412  H>D  06                                                                                               |.|
2026-10-02T17:22:35.478  D>H  00 1f 0a f2 0c e1 13 8d 00 20 0a ff 0c ef 13 8b 00 20 0a cf 0c ad 13 60 00 1f 0a 6a 0c 67 12 66  |......... ....... .....`...j.g.f|
2026-10-02T17:22:35.478  D>H  00 1f 0a 79 0c 7e 11 44 00 1f 0a 83 0c 6f 10 de 00 21 0a 98 0c 6a 10 6c 00 22 0a e4 0c 97 10 cd  |...y.~.D.....o...!...j.l."......|
2026-10-02T17:22:35.478  D>H  00 22 0a b4 0c 99 11 5e 00 23 0a b3 0c 90 11 68 00 23 0a ec 0c b0 11 a0 00 23 0b 00 0c cd 12 91  |.".....^.#.....h.#.......#......|
2026-10-02T17:22:35.478  D>H  00 23 0a e4 0c ac 12 ae 00 22 0a d4 0c b9 12 3c 00 23 0a eb 0c c4 11 f4 00 24 0b 0f 0c d5 12 70  |.#.......".....<.#.......$.....p|
2026-10-02T17:22:35.478  D>H  00 22 0a c7 0c 98 12 9a 00 22 0a da 0c af 12 85 00 23 0a ee 0c c7 12 eb 00 21 0a ed 0c c5 13 21  |.".......".......#.......!.....!|
2026-10-02T17:22:35.478  D>H  00 21 0b 16 0c e1 13 3e 00 22 0b 34 0c fc 13 57 00 26 0b 24 0c ee 13 72 00 21 0b 14 0c fe 13 48  |.!.....>.".4...W.&.$...r.!.....H|
2026-10-02T17:22:35.478  D>H  00 22 0b 4f 0d 2a 13 be 00 21 0b 7b 0d 44 14 2a 00 20 0b a0 0d 6f 14 88 00 21 0b 99 0d 6a 14 ea  |.".O.*...!.{.D.*. ...o...!...j..|
2026-10-02T17:22:35.478  D>H  00 21 0b 50 0d 67 15 00 00 1f 0b 51 0d 4e 14 94 00 1e 0b 0e 0d 12 13 bc 00 20 0b 16 0d 03 13 57  |.!.P.g.....Q.N........... .....W|
2026-10-02T17:22:35.478  D>H  3d d4                                                                                            |=.|
2026-10-02T17:22:36.331  H>D  06                                                                                               |.|
2026-10-02T17:22:36.396  D>H  00 1e 0b 44 0d 30 13 58 00 20 0b 0e 0d 03 13 9c 00 1f 0b 46 0d 24 13 aa 00 1f 0b 17 0d 17 13 ad  |...D.0.X. .........F.$..........|
2026-10-02T17:22:36.396  D>H  00 20 0b 46 0d 2b 13 6f 00 1f 0b 0d 0d 0e 13 6d 00 1f 0a cc 0c c9 12 31 00 22 0b 12 0c f1 11 d2  |. .F.+.o.......m.......1."......|
2026-10-02T17:22:36.396  D>H  00 23 0b 47 0d 15 12 88 00 21 0b 1f 0d 12 13 12 00 20 0b 2d 0d 2b 13 50 00 21 0b 34 0d 3a 13 aa  |.#.G.....!....... .-.+.P.!.4.:..|
2026-10-02T17:22:36.396  D>H  00 20 0b 32 0d 2b 13 cf 00 21 0b 46 0d 3b 13 bc 00 24 0b 51 0d 5b 13 eb 00 22 0b 4a 0d 65 14 33  |. .2.+...!.F.;...$.Q.[...".J.e.3|
2026-10-02T17:22:36.396  D>H  00 1f 0b 25 0d 5f 14 5a 00 1e 0b 1f 0d 63 14 52 00 1f 0b 41 0d 6d 14 63 00 1d 0b 03 0d 3d 14 75  |...%._.Z.....c.R...A.m.c.....=.u|
2026-10-02T17:22:36.396  D>H  00 1b 0a f3 0d 33 14 29 00 1c 0b 15 0d 4e 14 11 00 1c 0b 27 0d 66 14 1e 00 1b 0b 10 0d 75 14 24  |.....3.).....N.....'.f.......u.$|
2026-10-02T17:22:36.396  D>H  00 1b 0a fd 0d 63 14 2a 00 1e 0b 30 0d 76 14 3a 00 1c 0b 4a 0d 7e 14 7b 00 1c 0b 0e 0d 4c 14 23  |.....c.*...0.v.:...J.~.{.....L.#|
2026-10-02T17:22:36.396  D>H  00 1c 0b 05 0d 43 13 d2 00 1d 0b 3c 0d 5d 13 a2 00 1c 0b 2d 0d 63 13 d0 00 1d 0b 4f 0d 75 14 23  |.....C.....<.].....-.c.....O.u.#|
2026-10-02T17:22:36.396  D>H  28 c0                                                                                            |(.|
2026-10-02T17:22:37.260  H>D  06                                                                                               |.|
2026-10-02T17:22:37.328  D>H  00 1e 00 00 00 00 00 00 00 00 00 00 00 00 00 00 00 00 00 00 00 00 00 00 00 00 00 00 00 00 00 00  |................................|
2026-10-02T17:22:37.328  D>H  00 00 00 00 00 00 00 00 00 00 00 00 00 00 00 00 00 00 00 00 00 00 00 00 00 00 00 00 00 00 00 00  |................................|
2026-10-02T17:22:37.328  D>H  00 00 00 00 00 00 00 00 00 00 00 00 00 00 00 00 00 00 00 00 00 00 00 00 00 00 00 00 00 00 00 00  |................................|
2026-10-02T17:22:37.328  D>H  00 00 00 00 00 00 00 00 00 00 00 00 00 00 00 00 00 00 00 00 00 00 00 00 00 00 00 00 00 00 00 00  |................................|
2026-10-02T17:22:37.328  D>H  00 00 00 00 00 00 00 00 00 00 00 00 00 00 00 00 00 00 00 00 00 00 00 00 00 00 00 00 00 00 00 00  |................................|
2026-10-02T17:22:37.328  D>H  00 00 00 00 00 00 00 00 00 00 00 00 00 00 00 00 00 00 00 00 00 00 00 00 00 00 00 00 00 00 00 00  |................................|
2026-10-02T17:22:37.328  D>H  00 00 00 00 00 00 00 00 00 00 00 00 00 00 00 00 00 00 00 00 00 00 00 00 00 00 00 00 00 00 00 00  |................................|
2026-10-02T17:22:37.328  D>H  00 00 00 00 00 00 00 00 00 00 00 00 00 00 00 00 00 00 00 00 00 00 00 00 00 00 00 00 00 00 00 00  |................................|
2026-10-02T17:22:37.328  D>H  00 1e                                                                                            |..|
2026-10-02T17:22:37.989  --  lines host DTR=False RTS=False | device DSR=True CTS=True CD=False
2026-10-02T17:22:38.019  --  lines host DTR=False RTS=False | device DSR=False CTS=False CD=False
2026-10-02T17:24:02.756  --  stopped
